action_id,incident_id,root_cause,corrective_action,responsible_department,action_start_date,action_end_date,action_status,recurrence_after_action
1,2,Out-of-tolerance component batch,Quarantine affected batch and replace parts,Supplier Quality,2023-01-03,2023-02-20,Completed,False
2,3,Supplier process deviation,Issue supplier corrective action request (SCAR),Quality Assurance,2023-01-06,2023-02-26,Completed,False
3,6,Thermal design limitation,Redesign cooling and heat protection,Design Engineering,2023-01-10,2023-03-13,Completed,True
4,8,Insufficient process control,Introduce statistical process control on the line,Production,2023-01-10,2023-02-26,Completed,False
5,9,Heat treatment deviation,Require heat treatment certificates from supplier,Quality Assurance,2023-01-06,2023-02-03,Completed,False
6,11,Thermal design limitation,Redesign cooling and heat protection,Design Engineering,2023-01-09,2023-05-09,Completed,False
7,17,Root cause not identified,Extended monitoring and data collection,Quality Assurance,2023-01-12,2023-02-12,Completed,False
8,20,Heat treatment deviation,Require heat treatment certificates from supplier,Quality Assurance,2023-01-11,2023-02-04,Completed,True
9,22,Heat treatment deviation,Require heat treatment certificates from supplier,Quality Assurance,2023-01-13,2023-03-05,Completed,False
10,23,Tolerance stack-up in design,Revise tolerances in the design drawings,Design Engineering,2023-01-13,2023-05-29,Completed,False
11,24,Incorrect assembly sequence,Update work instructions and assembly sequence,Production,2023-01-16,2023-03-07,Completed,False
12,25,Supplier process deviation,Issue supplier corrective action request (SCAR),Supplier Quality,2023-01-16,2023-02-28,Completed,False
13,36,Out-of-tolerance component batch,Quarantine affected batch and replace parts,Supplier Quality,2023-01-21,2023-03-04,Completed,False
14,40,Assembly tool wear,Replace worn tools and add tool maintenance schedule,Production,2023-01-21,2023-03-10,Completed,False
15,41,Supplier material substitution,Audit the supplier and require approved materials,Supplier Quality,2023-01-17,2023-02-20,Completed,False
16,46,Insufficient design margin,Raise design margin through an engineering change,Design Engineering,2023-01-18,2023-05-15,Completed,False
17,48,Out-of-tolerance component batch,Quarantine affected batch and replace parts,Quality Assurance,2023-01-21,2023-02-11,Completed,False
18,51,Inadequate supplier quality inspection,Tighten incoming inspection for supplier parts,Supplier Quality,2023-01-27,2023-04-02,Completed,False
19,52,Tolerance stack-up in design,Revise tolerances in the design drawings,Design Engineering,2023-01-25,2023-04-10,Completed,True
20,57,Inadequate supplier quality inspection,Tighten incoming inspection for supplier parts,Supplier Quality,2023-01-22,2023-04-01,Completed,False
21,58,Supplier process deviation,Issue supplier corrective action request (SCAR),Quality Assurance,2023-01-24,2023-03-18,Completed,True
22,66,Inadequate supplier quality inspection,Tighten incoming inspection for supplier parts,Supplier Quality,2023-01-27,2023-03-27,Completed,False
23,68,Supplier material substitution,Audit the supplier and require approved materials,Supplier Quality,2023-01-25,2023-04-20,Completed,False
24,72,Material fatigue under load,Switch to a higher grade material,Supplier Quality,2023-01-26,2023-03-17,Completed,True
25,75,Out-of-tolerance component batch,Quarantine affected batch and replace parts,Quality Assurance,2023-01-28,2023-03-27,Completed,False
26,76,Assembly tool wear,Replace worn tools and add tool maintenance schedule,Production,2023-02-06,2023-03-31,Completed,False
27,80,Out-of-tolerance component batch,Quarantine affected batch and replace parts,Supplier Quality,2023-02-02,2023-04-22,Completed,False
28,83,Improper use by customer,Update owner manual and customer communication,Customer Service,2023-02-04,2023-02-22,Completed,False
29,85,Substandard raw material,Change material specification,Supplier Quality,2023-02-06,2023-04-28,Completed,True
30,87,Supplier process deviation,Issue supplier corrective action request (SCAR),Supplier Quality,2023-01-30,2023-03-03,Completed,False
31,88,Out-of-tolerance component batch,Quarantine affected batch and replace parts,Supplier Quality,2023-01-30,2023-04-07,Completed,False
32,89,Assembly tool wear,Replace worn tools and add tool maintenance schedule,Production,2023-02-02,2023-02-23,Completed,False
33,92,Insufficient process control,Introduce statistical process control on the line,Production,2023-02-04,2023-03-16,Completed,False
34,94,Incorrect assembly sequence,Update work instructions and assembly sequence,Quality Assurance,2023-02-07,2023-03-28,Completed,False
35,97,Out-of-tolerance component batch,Quarantine affected batch and replace parts,Quality Assurance,2023-02-04,2023-03-04,Completed,False
36,99,Incorrect assembly sequence,Update work instructions and assembly sequence,Production,2023-02-08,2023-02-26,Completed,False
37,101,Out-of-tolerance component batch,Quarantine affected batch and replace parts,Quality Assurance,2023-02-06,2023-03-27,Completed,False
38,102,Out-of-tolerance component batch,Quarantine affected batch and replace parts,Supplier Quality,2023-02-06,2023-03-09,Completed,False
39,103,Supplier material substitution,Audit the supplier and require approved materials,Supplier Quality,2023-02-08,2023-03-12,Completed,True
40,104,Corrosion due to coating defect,Improve coating process and add corrosion test,Supplier Quality,2023-02-05,2023-03-29,Completed,True
41,106,Machine calibration drift,Recalibrate equipment and update process control plan,Production,2023-02-07,2023-03-05,Completed,False
42,108,Supplier process deviation,Issue supplier corrective action request (SCAR),Supplier Quality,2023-02-12,2023-03-25,Completed,False
43,109,Incorrect assembly sequence,Update work instructions and assembly sequence,Production,2023-02-07,2023-04-06,Completed,False
44,110,Operator training gap,Retrain operators and add in-line inspection,Production,2023-02-10,2023-04-04,Completed,False
45,111,Out-of-tolerance component batch,Quarantine affected batch and replace parts,Supplier Quality,2023-02-10,2023-03-25,Completed,True
46,116,Inadequate supplier quality inspection,Tighten incoming inspection for supplier parts,Supplier Quality,2023-02-12,2023-05-12,Completed,False
47,118,Root cause not identified,Extended monitoring and data collection,Quality Assurance,2023-02-08,2023-03-23,Completed,False
48,125,Incorrect torque settings,Correct torque specification and add torque monitoring,Production,2023-02-12,2023-03-06,Completed,True
49,129,Insufficient process control,Introduce statistical process control on the line,Production,2023-02-13,2023-04-07,Completed,True
50,133,Operator training gap,Retrain operators and add in-line inspection,Production,2023-02-14,2023-03-02,Completed,False
51,135,Machine calibration drift,Recalibrate equipment and update process control plan,Production,2023-02-12,2023-03-25,Completed,False
52,136,Incorrect assembly sequence,Update work instructions and assembly sequence,Quality Assurance,2023-02-18,2023-04-03,Completed,False
53,138,Substandard raw material,Change material specification,Supplier Quality,2023-02-12,2023-04-18,Completed,True
54,140,Tolerance stack-up in design,Revise tolerances in the design drawings,Design Engineering,2023-02-15,2023-05-10,Completed,False
55,153,Incorrect torque settings,Correct torque specification and add torque monitoring,Production,2023-02-24,2023-04-17,Completed,True
56,154,Missing or unclear work instruction,Rewrite work instructions with photos,Production,2023-02-23,2023-04-14,Completed,False
57,158,Substandard raw material,Change material specification,Quality Assurance,2023-02-26,2023-04-20,Completed,True
58,160,Operator training gap,Add poka-yoke check at the assembly station,Production,2023-02-21,2023-04-09,Completed,False
59,164,Tolerance stack-up in design,Revise tolerances in the design drawings,Design Engineering,2023-02-23,2023-05-24,Completed,False
60,170,Tolerance stack-up in design,Revise tolerances in the design drawings,Design Engineering,2023-02-25,2023-05-22,Completed,False
61,172,Software logic flaw,Release a software update,Design Engineering,2023-02-24,2023-06-12,Completed,False
62,173,Missing or unclear work instruction,Rewrite work instructions with photos,Quality Assurance,2023-02-24,2023-04-17,Completed,True
63,174,Out-of-tolerance component batch,Quarantine affected batch and replace parts,Supplier Quality,2023-03-01,2023-04-19,Completed,False
64,177,Inadequate supplier quality inspection,Tighten incoming inspection for supplier parts,Supplier Quality,2023-02-27,2023-05-28,Completed,False
65,178,Supplier process deviation,Issue supplier corrective action request (SCAR),Supplier Quality,2023-02-26,2023-04-22,Completed,False
66,184,Insufficient process control,Introduce statistical process control on the line,Production,2023-03-02,2023-04-18,Completed,False
67,188,Inadequate supplier quality inspection,Tighten incoming inspection for supplier parts,Supplier Quality,2023-02-27,2023-04-08,Completed,False
68,191,Heat treatment deviation,Require heat treatment certificates from supplier,Quality Assurance,2023-03-08,2023-04-19,Completed,False
69,193,Improper use by customer,Update owner manual and customer communication,Customer Service,2023-03-03,2023-03-13,Completed,False
70,196,Supplier process deviation,Issue supplier corrective action request (SCAR),Quality Assurance,2023-03-07,2023-04-28,Completed,False
71,198,Machine calibration drift,Recalibrate equipment and update process control plan,Production,2023-03-03,2023-04-01,Completed,False
72,202,Machine calibration drift,Recalibrate equipment and update process control plan,Quality Assurance,2023-03-09,2023-04-06,Completed,True
73,203,Root cause not identified,Extended monitoring and data collection,Quality Assurance,2023-03-06,2023-04-26,Completed,False
74,214,Out-of-tolerance component batch,Quarantine affected batch and replace parts,Supplier Quality,2023-03-11,2023-04-26,Completed,False
75,215,Substandard raw material,Change material specification,Quality Assurance,2023-03-10,2023-04-01,Completed,False
76,217,Machine calibration drift,Recalibrate equipment and update process control plan,Production,2023-03-15,2023-04-22,Completed,True
77,218,Supplier process deviation,Issue supplier corrective action request (SCAR),Quality Assurance,2023-03-15,2023-05-01,Completed,False
78,220,Heat treatment deviation,Require heat treatment certificates from supplier,Supplier Quality,2023-03-14,2023-05-02,Completed,False
79,225,Supplier material substitution,Audit the supplier and require approved materials,Supplier Quality,2023-03-16,2023-06-07,Completed,False
80,227,Out-of-tolerance component batch,Quarantine affected batch and replace parts,Supplier Quality,2023-03-15,2023-05-03,Completed,False
81,228,Corrosion due to coating defect,Improve coating process and add corrosion test,Quality Assurance,2023-03-11,2023-05-04,Completed,False
82,229,Heat treatment deviation,Require heat treatment certificates from supplier,Supplier Quality,2023-03-20,2023-06-14,Completed,False
83,230,Missing or unclear work instruction,Rewrite work instructions with photos,Production,2023-03-17,2023-04-08,Completed,True
84,231,Software logic flaw,Release a software update,Design Engineering,2023-03-21,2023-08-02,Completed,False
85,235,Insufficient design margin,Raise design margin through an engineering change,Design Engineering,2023-03-20,2023-07-19,Completed,False
86,236,Supplier process deviation,Issue supplier corrective action request (SCAR),Supplier Quality,2023-03-18,2023-05-10,Completed,False
87,237,Corrosion due to coating defect,Improve coating process and add corrosion test,Supplier Quality,2023-03-16,2023-04-16,Completed,False
88,239,Supplier process deviation,Issue supplier corrective action request (SCAR),Supplier Quality,2023-03-21,2023-05-11,Completed,True
89,242,Improper use by customer,Update owner manual and customer communication,Customer Service,2023-03-19,2023-03-24,Completed,True
90,245,Material fatigue under load,Switch to a higher grade material,Quality Assurance,2023-03-24,2023-04-24,Completed,False
91,246,Incorrect torque settings,Correct torque specification and add torque monitoring,Production,2023-03-23,2023-05-13,Completed,False
92,250,Supplier process deviation,Issue supplier corrective action request (SCAR),Supplier Quality,2023-03-23,2023-05-22,Completed,False
93,253,Material fatigue under load,Switch to a higher grade material,Supplier Quality,2023-03-23,2023-06-07,Completed,False
94,257,Incorrect assembly sequence,Update work instructions and assembly sequence,Production,2023-03-26,2023-04-25,Completed,True
95,263,Material fatigue under load,Switch to a higher grade material,Supplier Quality,2023-03-27,2023-06-25,Completed,False
96,268,Software logic flaw,Release a software update,Design Engineering,2023-03-28,2023-08-15,Completed,False
97,269,Supplier material substitution,Audit the supplier and require approved materials,Supplier Quality,2023-03-30,2023-06-19,Completed,False
98,270,Software logic flaw,Release a software update,Design Engineering,2023-03-27,2023-08-15,Completed,False
99,276,Heat treatment deviation,Require heat treatment certificates from supplier,Supplier Quality,2023-04-02,2023-06-10,Completed,False
100,278,Assembly tool wear,Replace worn tools and add tool maintenance schedule,Quality Assurance,2023-04-04,2023-05-07,Completed,False
101,279,Inadequate supplier quality inspection,Tighten incoming inspection for supplier parts,Supplier Quality,2023-04-02,2023-05-09,Completed,True
102,281,Inadequate supplier quality inspection,Tighten incoming inspection for supplier parts,Supplier Quality,2023-03-31,2023-05-11,Completed,True
103,282,Root cause not identified,Extended monitoring and data collection,Quality Assurance,2023-03-29,2023-05-24,Completed,False
104,285,Out-of-tolerance component batch,Quarantine affected batch and replace parts,Supplier Quality,2023-04-02,2023-05-06,Completed,False
105,286,Insufficient design margin,Raise design margin through an engineering change,Design Engineering,2023-04-06,2023-07-01,Completed,True
106,290,Out-of-tolerance component batch,Quarantine affected batch and replace parts,Supplier Quality,2023-04-04,2023-06-30,Completed,False
107,292,Operator training gap,Retrain operators and add in-line inspection,Production,2023-04-07,2023-05-04,Completed,False
108,293,Heat treatment deviation,Require heat treatment certificates from supplier,Quality Assurance,2023-04-06,2023-05-16,Completed,False
109,295,Assembly tool wear,Replace worn tools and add tool maintenance schedule,Production,2023-04-02,2023-04-28,Completed,True
110,297,Tolerance stack-up in design,Revise tolerances in the design drawings,Design Engineering,2023-04-07,2023-07-06,Completed,True
111,302,Substandard raw material,Change material specification,Supplier Quality,2023-04-07,2023-06-21,Completed,False
112,306,Root cause not identified,Extended monitoring and data collection,Quality Assurance,2023-04-05,2023-05-30,Completed,False
113,310,Out-of-tolerance component batch,Quarantine affected batch and replace parts,Supplier Quality,2023-04-14,2023-07-01,Completed,False
114,312,Substandard raw material,Change material specification,Quality Assurance,2023-04-11,2023-05-05,Completed,True
115,315,Supplier material substitution,Audit the supplier and require approved materials,Supplier Quality,2023-04-09,2023-07-07,Completed,True
116,321,Machine calibration drift,Recalibrate equipment and update process control plan,Production,2023-04-12,2023-05-03,Completed,True
117,325,Missing or unclear work instruction,Rewrite work instructions with photos,Production,2023-04-16,2023-05-22,Completed,False
118,333,Corrosion due to coating defect,Improve coating process and add corrosion test,Quality Assurance,2023-04-17,2023-05-22,Completed,True
119,336,Supplier process deviation,Issue supplier corrective action request (SCAR),Supplier Quality,2023-04-16,2023-06-06,Completed,False
120,345,Supplier material substitution,Audit the supplier and require approved materials,Supplier Quality,2023-04-23,2023-06-06,Completed,False
121,346,Inadequate supplier quality inspection,Tighten incoming inspection for supplier parts,Supplier Quality,2023-04-20,2023-07-18,Completed,False
122,348,Substandard raw material,Change material specification,Quality Assurance,2023-04-21,2023-05-12,Completed,False
123,350,Supplier process deviation,Issue supplier corrective action request (SCAR),Supplier Quality,2023-04-24,2023-07-19,Completed,False
124,351,Software logic flaw,Release a software update,Design Engineering,2023-04-24,2023-09-11,Completed,True
125,356,Missing or unclear work instruction,Rewrite work instructions with photos,Production,2023-04-24,2023-06-09,Completed,False
126,358,Supplier process deviation,Issue supplier corrective action request (SCAR),Supplier Quality,2023-04-23,2023-05-23,Completed,False
127,359,Root cause not identified,Extended monitoring and data collection,Quality Assurance,2023-04-30,2023-06-22,Completed,False
128,360,Supplier process deviation,Issue supplier corrective action request (SCAR),Supplier Quality,2023-04-30,2023-07-29,Completed,False
129,362,Substandard raw material,Change material specification,Supplier Quality,2023-04-25,2023-07-01,Completed,False
130,363,Supplier process deviation,Issue supplier corrective action request (SCAR),Supplier Quality,2023-04-29,2023-06-22,Completed,True
131,364,Software logic flaw,Release a software update,Design Engineering,2023-04-26,2023-08-18,Completed,False
132,365,Software logic flaw,Release a software update,Quality Assurance,2023-04-26,2023-06-11,Completed,False
133,369,Supplier process deviation,Issue supplier corrective action request (SCAR),Supplier Quality,2023-04-30,2023-06-09,Completed,False
134,371,Supplier material substitution,Audit the supplier and require approved materials,Quality Assurance,2023-04-26,2023-06-23,Completed,False
135,376,Machine calibration drift,Recalibrate equipment and update process control plan,Production,2023-04-29,2023-06-06,Completed,False
136,377,Incorrect assembly sequence,Update work instructions and assembly sequence,Production,2023-05-01,2023-05-28,Completed,False
137,378,Substandard raw material,Change material specification,Quality Assurance,2023-04-30,2023-06-16,Completed,False
138,379,Supplier process deviation,Issue supplier corrective action request (SCAR),Supplier Quality,2023-05-07,2023-08-03,Completed,False
139,384,Operator training gap,Retrain operators and add in-line inspection,Production,2023-04-30,2023-06-03,Completed,False
140,386,Substandard raw material,Change material specification,Quality Assurance,2023-05-05,2023-05-30,Completed,False
141,387,Supplier process deviation,Issue supplier corrective action request (SCAR),Supplier Quality,2023-05-06,2023-07-18,Completed,False
142,389,Out-of-tolerance component batch,Quarantine affected batch and replace parts,Supplier Quality,2023-05-08,2023-07-11,Completed,False
143,390,Machine calibration drift,Recalibrate equipment and update process control plan,Production,2023-05-07,2023-07-05,Completed,False
144,393,Machine calibration drift,Recalibrate equipment and update process control plan,Quality Assurance,2023-05-13,2023-07-02,Completed,False
145,395,Incorrect assembly sequence,Update work instructions and assembly sequence,Production,2023-05-13,2023-06-07,Completed,False
146,399,Assembly tool wear,Replace worn tools and add tool maintenance schedule,Quality Assurance,2023-05-10,2023-06-04,Completed,False
147,400,Insufficient process control,Introduce statistical process control on the line,Production,2023-05-13,2023-07-04,Completed,False
148,402,Out-of-tolerance component batch,Quarantine affected batch and replace parts,Supplier Quality,2023-05-09,2023-08-04,Completed,True
149,404,Missing or unclear work instruction,Rewrite work instructions with photos,Production,2023-05-14,2023-06-16,Completed,False
150,405,Material fatigue under load,Switch to a higher grade material,Quality Assurance,2023-05-17,2023-07-16,Completed,False
151,409,Software logic flaw,Release a software update,Design Engineering,2023-05-14,2023-10-07,Completed,False
152,410,Operator training gap,Retrain operators and add in-line inspection,Production,2023-05-13,2023-07-09,Completed,True
153,415,Inadequate supplier quality inspection,Tighten incoming inspection for supplier parts,Supplier Quality,2023-05-17,2023-07-16,Completed,True
154,416,Tolerance stack-up in design,Revise tolerances in the design drawings,Design Engineering,2023-05-16,2023-10-02,Completed,False
155,419,Corrosion due to coating defect,Improve coating process and add corrosion test,Supplier Quality,2023-05-21,2023-06-23,Completed,False
156,422,Operator training gap,Add poka-yoke check at the assembly station,Production,2023-05-27,2023-07-23,Completed,True
157,426,Software logic flaw,Release a software update,Design Engineering,2023-05-20,2023-10-04,Completed,True
158,428,Inadequate supplier quality inspection,Tighten incoming inspection for supplier parts,Supplier Quality,2023-05-23,2023-07-23,Completed,False
159,431,Out-of-tolerance component batch,Quarantine affected batch and replace parts,Supplier Quality,2023-05-25,2023-08-19,Completed,True
160,432,Missing or unclear work instruction,Rewrite work instructions with photos,Production,2023-06-01,2023-07-10,Completed,False
161,433,Missing or unclear work instruction,Rewrite work instructions with photos,Production,2023-06-02,2023-07-11,Completed,False
162,437,Supplier process deviation,Issue supplier corrective action request (SCAR),Supplier Quality,2023-05-26,2023-06-26,Completed,False
163,439,Supplier process deviation,Issue supplier corrective action request (SCAR),Supplier Quality,2023-05-30,2023-07-28,Completed,False
164,442,Material fatigue under load,Switch to a higher grade material,Supplier Quality,2023-05-28,2023-07-18,Completed,False
165,447,Supplier process deviation,Issue supplier corrective action request (SCAR),Supplier Quality,2023-06-03,2023-08-11,Completed,True
166,451,Material fatigue under load,Switch to a higher grade material,Supplier Quality,2023-06-05,2023-07-08,Completed,True
167,452,Heat treatment deviation,Require heat treatment certificates from supplier,Supplier Quality,2023-06-06,2023-07-06,Completed,False
168,455,Corrosion due to coating defect,Improve coating process and add corrosion test,Quality Assurance,2023-06-14,2023-07-24,Completed,False
169,464,Inadequate supplier quality inspection,Tighten incoming inspection for supplier parts,Supplier Quality,2023-06-09,2023-07-20,Completed,False
170,466,Incorrect assembly sequence,Update work instructions and assembly sequence,Production,2023-06-13,2023-07-18,Completed,False
171,467,Incorrect torque settings,Correct torque specification and add torque monitoring,Production,2023-06-09,2023-08-04,Completed,True
172,469,Operator training gap,Retrain operators and add in-line inspection,Production,2023-06-08,2023-08-04,Completed,False
173,470,Insufficient process control,Introduce statistical process control on the line,Production,2023-06-11,2023-06-26,Completed,False
174,471,Substandard raw material,Change material specification,Supplier Quality,2023-06-09,2023-08-31,Completed,False
175,472,Tolerance stack-up in design,Revise tolerances in the design drawings,Design Engineering,2023-06-11,2023-09-24,Completed,False
176,477,Inadequate supplier quality inspection,Tighten incoming inspection for supplier parts,Supplier Quality,2023-06-12,2023-09-09,Completed,True
177,481,Missing or unclear work instruction,Rewrite work instructions with photos,Production,2023-06-16,2023-08-09,Completed,False
178,482,Supplier process deviation,Issue supplier corrective action request (SCAR),Supplier Quality,2023-06-12,2023-08-12,Completed,False
179,484,Insufficient process control,Introduce statistical process control on the line,Quality Assurance,2023-06-11,2023-07-11,Completed,False
180,486,Out-of-tolerance component batch,Quarantine affected batch and replace parts,Quality Assurance,2023-06-12,2023-07-23,Completed,False
181,491,Heat treatment deviation,Require heat treatment certificates from supplier,Quality Assurance,2023-06-18,2023-07-17,Completed,False
182,494,Inadequate supplier quality inspection,Tighten incoming inspection for supplier parts,Quality Assurance,2023-06-17,2023-07-28,Completed,True
183,495,Material fatigue under load,Switch to a higher grade material,Supplier Quality,2023-06-15,2023-08-07,Completed,False
184,499,Software logic flaw,Release a software update,Design Engineering,2023-06-17,2023-09-23,Completed,False
185,503,Substandard raw material,Change material specification,Quality Assurance,2023-06-17,2023-08-16,Completed,True
186,505,Operator training gap,Retrain operators and add in-line inspection,Quality Assurance,2023-06-20,2023-07-25,Completed,False
187,506,Inadequate supplier quality inspection,Tighten incoming inspection for supplier parts,Supplier Quality,2023-06-21,2023-08-16,Completed,False
188,507,Inadequate supplier quality inspection,Tighten incoming inspection for supplier parts,Supplier Quality,2023-06-17,2023-08-31,Completed,True
189,509,Out-of-tolerance component batch,Quarantine affected batch and replace parts,Supplier Quality,2023-06-21,2023-09-19,Completed,False
190,510,Out-of-tolerance component batch,Quarantine affected batch and replace parts,Supplier Quality,2023-06-21,2023-08-11,Completed,False
191,511,Assembly tool wear,Replace worn tools and add tool maintenance schedule,Production,2023-06-18,2023-08-17,Completed,False
192,512,Operator training gap,Add poka-yoke check at the assembly station,Production,2023-06-23,2023-08-16,Completed,False
193,513,Out-of-tolerance component batch,Quarantine affected batch and replace parts,Supplier Quality,2023-06-24,2023-08-22,Completed,False
194,514,Supplier process deviation,Issue supplier corrective action request (SCAR),Supplier Quality,2023-06-24,2023-08-24,Completed,True
195,517,Incorrect torque settings,Correct torque specification and add torque monitoring,Quality Assurance,2023-06-25,2023-08-11,Completed,False
196,520,Inadequate supplier quality inspection,Tighten incoming inspection for supplier parts,Supplier Quality,2023-06-26,2023-09-10,Completed,False
197,522,Inadequate supplier quality inspection,Tighten incoming inspection for supplier parts,Supplier Quality,2023-06-25,2023-09-22,Completed,False
198,523,Incorrect assembly sequence,Update work instructions and assembly sequence,Production,2023-06-29,2023-07-26,Completed,True
199,525,Inadequate supplier quality inspection,Tighten incoming inspection for supplier parts,Supplier Quality,2023-06-25,2023-07-26,Completed,True
200,533,Software logic flaw,Release a software update,Quality Assurance,2023-06-27,2023-07-27,Completed,False
201,537,Operator training gap,Retrain operators and add in-line inspection,Production,2023-07-02,2023-07-24,Completed,False
202,544,Thermal design limitation,Redesign cooling and heat protection,Design Engineering,2023-07-01,2023-09-14,Completed,False
203,546,Substandard raw material,Change material specification,Supplier Quality,2023-07-04,2023-08-03,Completed,False
204,548,Operator training gap,Retrain operators and add in-line inspection,Quality Assurance,2023-06-29,2023-07-27,Completed,False
205,549,Operator training gap,Retrain operators and add in-line inspection,Production,2023-06-30,2023-08-24,Completed,False
206,550,Tolerance stack-up in design,Revise tolerances in the design drawings,Design Engineering,2023-07-02,2023-09-08,Completed,False
207,552,Incorrect torque settings,Correct torque specification and add torque monitoring,Production,2023-06-30,2023-08-03,Completed,False
208,554,Corrosion due to coating defect,Improve coating process and add corrosion test,Supplier Quality,2023-07-04,2023-08-06,Completed,False
209,560,Supplier process deviation,Issue supplier corrective action request (SCAR),Supplier Quality,2023-07-05,2023-09-05,Completed,False
210,563,Insufficient process control,Introduce statistical process control on the line,Production,2023-07-08,2023-07-30,Completed,False
211,565,Inadequate supplier quality inspection,Tighten incoming inspection for supplier parts,Supplier Quality,2023-07-05,2023-09-26,Completed,False
212,567,Heat treatment deviation,Require heat treatment certificates from supplier,Quality Assurance,2023-07-09,2023-08-18,Completed,False
213,569,Machine calibration drift,Recalibrate equipment and update process control plan,Production,2023-07-09,2023-07-24,Completed,False
214,572,Heat treatment deviation,Require heat treatment certificates from supplier,Supplier Quality,2023-07-05,2023-09-25,Completed,False
215,577,Material fatigue under load,Switch to a higher grade material,Supplier Quality,2023-07-09,2023-09-08,Completed,False
216,584,Material fatigue under load,Switch to a higher grade material,Quality Assurance,2023-07-14,2023-08-10,Completed,False
217,585,Insufficient process control,Introduce statistical process control on the line,Production,2023-07-09,2023-08-12,Completed,False
218,586,Supplier material substitution,Audit the supplier and require approved materials,Quality Assurance,2023-07-13,2023-08-22,Completed,False
219,587,Out-of-tolerance component batch,Quarantine affected batch and replace parts,Supplier Quality,2023-07-11,2023-10-04,Completed,True
220,588,Incorrect assembly sequence,Update work instructions and assembly sequence,Production,2023-07-15,2023-08-07,Completed,True
221,592,Supplier material substitution,Audit the supplier and require approved materials,Quality Assurance,2023-07-17,2023-08-27,Completed,False
222,595,Inadequate supplier quality inspection,Tighten incoming inspection for supplier parts,Supplier Quality,2023-07-10,2023-08-19,Completed,False
223,597,Machine calibration drift,Recalibrate equipment and update process control plan,Production,2023-07-17,2023-08-29,Completed,False
224,598,Incorrect assembly sequence,Update work instructions and assembly sequence,Production,2023-07-17,2023-09-03,Completed,False
225,600,Assembly tool wear,Replace worn tools and add tool maintenance schedule,Production,2023-07-15,2023-08-27,Completed,True
226,602,Out-of-tolerance component batch,Quarantine affected batch and replace parts,Supplier Quality,2023-07-10,2023-09-25,Completed,True
227,603,Insufficient process control,Introduce statistical process control on the line,Production,2023-07-16,2023-08-02,Completed,False
228,604,Supplier material substitution,Audit the supplier and require approved materials,Supplier Quality,2023-07-14,2023-09-13,Completed,False
229,608,Incorrect torque settings,Correct torque specification and add torque monitoring,Production,2023-07-23,2023-09-20,Completed,False
230,609,Inadequate supplier quality inspection,Tighten incoming inspection for supplier parts,Supplier Quality,2023-07-16,2023-08-23,Completed,False
231,613,Supplier material substitution,Audit the supplier and require approved materials,Supplier Quality,2023-07-19,2023-09-03,Completed,False
232,618,Insufficient process control,Introduce statistical process control on the line,Production,2023-07-21,2023-08-26,Completed,True
233,621,Incorrect assembly sequence,Update work instructions and assembly sequence,Production,2023-07-20,2023-08-17,Completed,False
234,623,Operator training gap,Retrain operators and add in-line inspection,Production,2023-07-18,2023-08-09,Completed,False
235,624,Operator training gap,Retrain operators and add in-line inspection,Quality Assurance,2023-07-22,2023-09-13,Completed,False
236,625,Operator training gap,Add poka-yoke check at the assembly station,Production,2023-07-20,2023-09-02,Completed,False
237,630,Operator training gap,Retrain operators and add in-line inspection,Production,2023-07-21,2023-08-23,Completed,False
238,631,Substandard raw material,Change material specification,Supplier Quality,2023-07-19,2023-10-04,Completed,False
239,634,Assembly tool wear,Replace worn tools and add tool maintenance schedule,Production,2023-07-27,2023-09-24,Completed,False
240,635,Inadequate supplier quality inspection,Tighten incoming inspection for supplier parts,Quality Assurance,2023-07-27,2023-08-19,Completed,True
241,637,Tolerance stack-up in design,Revise tolerances in the design drawings,Quality Assurance,2023-07-30,2023-09-02,Completed,False
242,638,Out-of-tolerance component batch,Quarantine affected batch and replace parts,Supplier Quality,2023-07-27,2023-10-06,Completed,False
243,639,Root cause not identified,Extended monitoring and data collection,Quality Assurance,2023-07-23,2023-08-22,Completed,False
244,640,Software logic flaw,Release a software update,Quality Assurance,2023-07-25,2023-08-24,Completed,False
245,641,Supplier process deviation,Issue supplier corrective action request (SCAR),Supplier Quality,2023-07-26,2023-09-28,Completed,True
246,643,Missing or unclear work instruction,Rewrite work instructions with photos,Production,2023-07-26,2023-09-14,Completed,False
247,645,Supplier material substitution,Audit the supplier and require approved materials,Quality Assurance,2023-07-28,2023-09-05,Completed,False
248,651,Insufficient process control,Introduce statistical process control on the line,Production,2023-07-27,2023-08-24,Completed,False
249,652,Operator training gap,Retrain operators and add in-line inspection,Production,2023-07-30,2023-08-24,Completed,False
250,656,Non-approved modification,Add warning about modifications to warranty terms,Customer Service,2023-07-29,2023-08-08,Completed,False
251,658,Inadequate supplier quality inspection,Tighten incoming inspection for supplier parts,Supplier Quality,2023-08-03,2023-10-02,Completed,True
252,661,Intermittent fault not reproducible,Collect field data and repeat diagnostics,Quality Assurance,2023-08-01,2023-09-26,Completed,False
253,665,Out-of-tolerance component batch,Quarantine affected batch and replace parts,Quality Assurance,2023-08-06,2023-09-20,Completed,False
254,668,Corrosion due to coating defect,Improve coating process and add corrosion test,Supplier Quality,2023-08-01,2023-10-05,Completed,False
255,675,Material fatigue under load,Switch to a higher grade material,Supplier Quality,2023-08-08,2023-10-15,Completed,False
256,680,Supplier material substitution,Audit the supplier and require approved materials,Supplier Quality,2023-08-04,2023-10-06,Completed,True
257,681,Software logic flaw,Release a software update,Design Engineering,2023-08-10,2023-11-12,Completed,False
258,685,Out-of-tolerance component batch,Quarantine affected batch and replace parts,Quality Assurance,2023-08-06,2023-09-30,Completed,True
259,687,Intermittent fault not reproducible,Collect field data and repeat diagnostics,Quality Assurance,2023-08-10,2023-10-01,Completed,False
260,688,Out-of-tolerance component batch,Quarantine affected batch and replace parts,Supplier Quality,2023-08-06,2023-09-14,Completed,False
261,692,Corrosion due to coating defect,Improve coating process and add corrosion test,Supplier Quality,2023-08-10,2023-11-07,Completed,False
262,698,Insufficient design margin,Raise design margin through an engineering change,Quality Assurance,2023-08-05,2023-09-07,Completed,False
263,702,Insufficient process control,Introduce statistical process control on the line,Production,2023-08-12,2023-09-20,Completed,False
264,705,Inadequate supplier quality inspection,Tighten incoming inspection for supplier parts,Supplier Quality,2023-08-15,2023-10-29,Completed,True
265,709,Incorrect torque settings,Correct torque specification and add torque monitoring,Production,2023-08-13,2023-09-28,Completed,False
266,711,Supplier process deviation,Issue supplier corrective action request (SCAR),Supplier Quality,2023-08-16,2023-11-06,Completed,False
267,713,Supplier process deviation,Issue supplier corrective action request (SCAR),Supplier Quality,2023-08-15,2023-10-25,Completed,False
268,716,Incorrect assembly sequence,Update work instructions and assembly sequence,Production,2023-08-17,2023-09-11,Completed,False
269,718,Inadequate supplier quality inspection,Tighten incoming inspection for supplier parts,Supplier Quality,2023-08-13,2023-10-10,Completed,False
270,720,Supplier process deviation,Issue supplier corrective action request (SCAR),Supplier Quality,2023-08-15,2023-10-13,Completed,False
271,727,Supplier material substitution,Audit the supplier and require approved materials,Supplier Quality,2023-08-15,2023-10-12,Completed,False
272,728,Substandard raw material,Change material specification,Supplier Quality,2023-08-23,2023-10-19,Completed,False
273,732,Corrosion due to coating defect,Improve coating process and add corrosion test,Supplier Quality,2023-08-16,2023-10-31,Completed,False
274,733,Supplier material substitution,Audit the supplier and require approved materials,Quality Assurance,2023-08-28,2023-10-22,Completed,False
275,734,Inadequate supplier quality inspection,Tighten incoming inspection for supplier parts,Supplier Quality,2023-08-20,2023-10-25,Completed,True
276,735,Out-of-tolerance component batch,Quarantine affected batch and replace parts,Quality Assurance,2023-08-20,2023-10-13,Completed,False
277,738,Operator training gap,Add poka-yoke check at the assembly station,Production,2023-08-19,2023-10-16,Completed,False
278,739,Out-of-tolerance component batch,Quarantine affected batch and replace parts,Supplier Quality,2023-08-21,2023-10-02,Completed,False
279,741,Inadequate supplier quality inspection,Tighten incoming inspection for supplier parts,Supplier Quality,2023-08-25,2023-10-24,Completed,False
280,743,Insufficient process control,Introduce statistical process control on the line,Quality Assurance,2023-08-24,2023-10-01,Completed,False
281,745,Material fatigue under load,Switch to a higher grade material,Supplier Quality,2023-08-25,2023-10-25,Completed,True
282,750,Material fatigue under load,Switch to a higher grade material,Supplier Quality,2023-08-23,2023-10-05,Completed,False
283,752,Supplier material substitution,Audit the supplier and require approved materials,Supplier Quality,2023-08-24,2023-11-03,Completed,True
284,753,Supplier material substitution,Audit the supplier and require approved materials,Quality Assurance,2023-08-28,2023-10-03,Completed,False
285,754,Supplier process deviation,Issue supplier corrective action request (SCAR),Supplier Quality,2023-09-01,2023-11-04,Completed,True
286,755,Machine calibration drift,Recalibrate equipment and update process control plan,Production,2023-08-26,2023-09-18,Completed,False
287,756,Supplier process deviation,Issue supplier corrective action request (SCAR),Supplier Quality,2023-08-28,2023-10-03,Completed,False
288,757,Inadequate supplier quality inspection,Tighten incoming inspection for supplier parts,Supplier Quality,2023-08-30,2023-10-15,Completed,True
289,767,Software logic flaw,Release a software update,Design Engineering,2023-08-30,2023-11-11,Completed,False
290,768,Substandard raw material,Change material specification,Supplier Quality,2023-09-01,2023-10-13,Completed,False
291,769,Operator training gap,Retrain operators and add in-line inspection,Production,2023-08-31,2023-10-24,Completed,False
292,775,Inadequate supplier quality inspection,Tighten incoming inspection for supplier parts,Supplier Quality,2023-08-31,2023-11-29,Completed,True
293,776,Assembly tool wear,Replace worn tools and add tool maintenance schedule,Production,2023-09-03,2023-09-22,Completed,False
294,778,Substandard raw material,Change material specification,Supplier Quality,2023-09-01,2023-11-02,Completed,True
295,779,Software logic flaw,Release a software update,Design Engineering,2023-09-02,2024-01-30,Completed,False
296,780,Improper use by customer,Update owner manual and customer communication,Customer Service,2023-09-08,2023-09-28,Completed,False
297,782,Incorrect assembly sequence,Update work instructions and assembly sequence,Production,2023-09-04,2023-10-26,Completed,False
298,783,Supplier process deviation,Issue supplier corrective action request (SCAR),Supplier Quality,2023-09-07,2023-10-25,Completed,False
299,785,Supplier material substitution,Audit the supplier and require approved materials,Supplier Quality,2023-09-01,2023-11-23,Completed,True
300,790,Material fatigue under load,Switch to a higher grade material,Supplier Quality,2023-09-04,2023-10-10,Completed,False
301,791,Supplier material substitution,Audit the supplier and require approved materials,Supplier Quality,2023-09-05,2023-10-14,Completed,True
302,793,Heat treatment deviation,Require heat treatment certificates from supplier,Quality Assurance,2023-09-04,2023-10-31,Completed,True
303,798,Supplier material substitution,Audit the supplier and require approved materials,Supplier Quality,2023-09-04,2023-11-05,Completed,False
304,800,Inadequate supplier quality inspection,Tighten incoming inspection for supplier parts,Supplier Quality,2023-09-04,2023-11-06,Completed,True
305,803,Supplier process deviation,Issue supplier corrective action request (SCAR),Supplier Quality,2023-09-09,2023-10-23,Completed,False
306,806,Material fatigue under load,Switch to a higher grade material,Supplier Quality,2023-09-10,2023-11-09,Completed,True
307,810,Insufficient process control,Introduce statistical process control on the line,Production,2023-09-09,2023-10-31,Completed,False
308,813,Insufficient process control,Introduce statistical process control on the line,Production,2023-09-16,2023-10-28,Completed,False
309,818,Heat treatment deviation,Require heat treatment certificates from supplier,Supplier Quality,2023-09-12,2023-10-24,Completed,True
310,819,Substandard raw material,Change material specification,Quality Assurance,2023-09-09,2023-10-11,Completed,False
311,820,Incorrect assembly sequence,Update work instructions and assembly sequence,Production,2023-09-16,2023-10-06,Completed,True
312,821,Heat treatment deviation,Require heat treatment certificates from supplier,Supplier Quality,2023-09-14,2023-11-11,Completed,False
313,826,Material fatigue under load,Switch to a higher grade material,Quality Assurance,2023-09-12,2023-11-07,Completed,False
314,828,Operator training gap,Add poka-yoke check at the assembly station,Production,2023-09-15,2023-10-20,Completed,False
315,833,Corrosion due to coating defect,Improve coating process and add corrosion test,Supplier Quality,2023-09-22,2023-12-18,Completed,True
316,834,Supplier process deviation,Issue supplier corrective action request (SCAR),Quality Assurance,2023-09-20,2023-10-23,Completed,False
317,836,Substandard raw material,Change material specification,Supplier Quality,2023-09-16,2023-11-19,Completed,False
318,841,Operator training gap,Add poka-yoke check at the assembly station,Production,2023-09-17,2023-11-01,Completed,False
319,842,Insufficient process control,Introduce statistical process control on the line,Production,2023-09-23,2023-10-24,Completed,False
320,845,Out-of-tolerance component batch,Quarantine affected batch and replace parts,Supplier Quality,2023-09-20,2023-11-01,Completed,False
321,846,Operator training gap,Retrain operators and add in-line inspection,Production,2023-09-17,2023-10-08,Completed,False
322,847,Inadequate supplier quality inspection,Tighten incoming inspection for supplier parts,Supplier Quality,2023-09-17,2023-10-21,Completed,True
323,848,Out-of-tolerance component batch,Quarantine affected batch and replace parts,Supplier Quality,2023-09-19,2023-12-02,Completed,True
324,851,Tolerance stack-up in design,Revise tolerances in the design drawings,Quality Assurance,2023-09-26,2023-11-25,Completed,True
325,853,Incorrect assembly sequence,Update work instructions and assembly sequence,Production,2023-09-22,2023-10-08,Completed,False
326,854,Operator training gap,Retrain operators and add in-line inspection,Production,2023-09-19,2023-10-23,Completed,True
327,855,Inadequate supplier quality inspection,Tighten incoming inspection for supplier parts,Supplier Quality,2023-09-27,2023-12-02,Completed,False
328,857,Supplier process deviation,Issue supplier corrective action request (SCAR),Supplier Quality,2023-09-21,2023-11-12,Completed,True
329,858,Out-of-tolerance component batch,Quarantine affected batch and replace parts,Supplier Quality,2023-09-23,2023-12-19,Completed,False
330,860,Supplier material substitution,Audit the supplier and require approved materials,Supplier Quality,2023-09-28,2023-12-08,Completed,False
331,861,Thermal design limitation,Redesign cooling and heat protection,Design Engineering,2023-09-22,2023-12-17,Completed,False
332,863,Assembly tool wear,Replace worn tools and add tool maintenance schedule,Production,2023-09-25,2023-11-11,Completed,False
333,864,Missing or unclear work instruction,Rewrite work instructions with photos,Production,2023-09-21,2023-10-23,Completed,False
334,865,Out-of-tolerance component batch,Quarantine affected batch and replace parts,Supplier Quality,2023-09-21,2023-12-11,Completed,False
335,866,Tolerance stack-up in design,Revise tolerances in the design drawings,Design Engineering,2023-09-26,2023-12-07,Completed,False
336,869,Substandard raw material,Change material specification,Supplier Quality,2023-09-24,2023-12-07,Completed,False
337,870,Supplier material substitution,Audit the supplier and require approved materials,Supplier Quality,2023-09-22,2023-11-14,Completed,False
338,872,Substandard raw material,Change material specification,Quality Assurance,2023-09-24,2023-10-16,Completed,True
339,873,Supplier process deviation,Issue supplier corrective action request (SCAR),Supplier Quality,2023-09-27,2023-12-07,Completed,False
340,874,Inadequate supplier quality inspection,Tighten incoming inspection for supplier parts,Supplier Quality,2023-09-27,2023-11-25,Completed,False
341,879,Inadequate supplier quality inspection,Tighten incoming inspection for supplier parts,Quality Assurance,2023-09-27,2023-10-29,Completed,False
342,883,Out-of-tolerance component batch,Quarantine affected batch and replace parts,Supplier Quality,2023-09-29,2023-10-30,Completed,False
343,888,Machine calibration drift,Recalibrate equipment and update process control plan,Production,2023-09-30,2023-11-10,Completed,False
344,892,Inadequate supplier quality inspection,Tighten incoming inspection for supplier parts,Supplier Quality,2023-10-13,2023-11-21,Completed,False
345,895,Insufficient design margin,Raise design margin through an engineering change,Design Engineering,2023-09-30,2024-02-04,Completed,False
346,899,Material fatigue under load,Switch to a higher grade material,Supplier Quality,2023-10-05,2023-12-09,Completed,False
347,900,Intermittent fault not reproducible,Collect field data and repeat diagnostics,Quality Assurance,2023-10-02,2023-11-08,Completed,False
348,901,Tolerance stack-up in design,Revise tolerances in the design drawings,Design Engineering,2023-10-01,2024-02-25,Completed,False
349,904,Operator training gap,Retrain operators and add in-line inspection,Production,2023-10-01,2023-11-13,Completed,False
350,906,Operator training gap,Retrain operators and add in-line inspection,Quality Assurance,2023-10-04,2023-11-22,Completed,False
351,909,Supplier process deviation,Issue supplier corrective action request (SCAR),Supplier Quality,2023-10-03,2023-12-08,Completed,False
352,910,Assembly tool wear,Replace worn tools and add tool maintenance schedule,Production,2023-10-11,2023-11-17,Completed,False
353,912,Machine calibration drift,Recalibrate equipment and update process control plan,Production,2023-09-30,2023-11-15,Completed,True
354,914,Intermittent fault not reproducible,Collect field data and repeat diagnostics,Quality Assurance,2023-10-05,2023-11-14,Completed,False
355,915,Missing or unclear work instruction,Rewrite work instructions with photos,Quality Assurance,2023-10-06,2023-11-04,Completed,False
356,916,Software logic flaw,Release a software update,Design Engineering,2023-10-05,2023-12-04,Completed,False
357,925,Incorrect assembly sequence,Update work instructions and assembly sequence,Production,2023-10-05,2023-11-27,Completed,False
358,926,Out-of-tolerance component batch,Quarantine affected batch and replace parts,Supplier Quality,2023-10-08,2023-12-23,Completed,True
359,928,Inadequate supplier quality inspection,Tighten incoming inspection for supplier parts,Supplier Quality,2023-10-05,2023-12-02,Completed,False
360,930,Supplier process deviation,Issue supplier corrective action request (SCAR),Supplier Quality,2023-10-09,2024-01-05,Completed,True
361,940,Incorrect torque settings,Correct torque specification and add torque monitoring,Quality Assurance,2023-10-17,2023-11-23,Completed,False
362,942,Out-of-tolerance component batch,Quarantine affected batch and replace parts,Supplier Quality,2023-10-18,2023-12-19,Completed,False
363,947,Supplier process deviation,Issue supplier corrective action request (SCAR),Supplier Quality,2023-10-09,2023-12-13,Completed,True
364,949,Out-of-tolerance component batch,Quarantine affected batch and replace parts,Supplier Quality,2023-10-15,2023-11-29,Completed,False
365,953,Operator training gap,Add poka-yoke check at the assembly station,Production,2023-10-16,2023-11-05,Completed,False
366,957,Machine calibration drift,Recalibrate equipment and update process control plan,Quality Assurance,2023-10-17,2023-11-10,Completed,False
367,959,Supplier process deviation,Issue supplier corrective action request (SCAR),Supplier Quality,2023-10-19,2023-11-25,Completed,True
368,961,Corrosion due to coating defect,Improve coating process and add corrosion test,Quality Assurance,2023-10-21,2023-11-30,Completed,False
369,963,Insufficient process control,Introduce statistical process control on the line,Production,2023-10-19,2023-11-07,Completed,False
370,965,Insufficient design margin,Raise design margin through an engineering change,Design Engineering,2023-10-18,2024-02-10,Completed,False
371,967,Supplier material substitution,Audit the supplier and require approved materials,Supplier Quality,2023-10-19,2023-12-22,Completed,False
372,968,Machine calibration drift,Recalibrate equipment and update process control plan,Production,2023-10-18,2023-11-19,Completed,False
373,974,Inadequate supplier quality inspection,Tighten incoming inspection for supplier parts,Supplier Quality,2023-10-21,2023-11-23,Completed,True
374,981,Software logic flaw,Release a software update,Design Engineering,2023-10-24,2024-01-15,Completed,False
375,989,Substandard raw material,Change material specification,Supplier Quality,2023-10-24,2023-12-19,Completed,False
376,990,Supplier material substitution,Audit the supplier and require approved materials,Supplier Quality,2023-10-24,2023-12-25,Completed,False
377,992,Inadequate supplier quality inspection,Tighten incoming inspection for supplier parts,Supplier Quality,2023-10-25,2024-01-01,Completed,False
378,995,Incorrect assembly sequence,Update work instructions and assembly sequence,Production,2023-10-27,2023-12-20,Completed,False
379,1000,Out-of-tolerance component batch,Quarantine affected batch and replace parts,Supplier Quality,2023-10-25,2023-12-15,Completed,False
380,1005,Substandard raw material,Change material specification,Quality Assurance,2023-11-09,2023-12-08,Completed,False
381,1006,Root cause not identified,Extended monitoring and data collection,Quality Assurance,2023-11-02,2023-12-01,Completed,False
382,1008,Inadequate supplier quality inspection,Tighten incoming inspection for supplier parts,Supplier Quality,2023-10-29,2023-12-10,Completed,False
383,1011,Material fatigue under load,Switch to a higher grade material,Supplier Quality,2023-11-05,2023-12-09,Completed,False
384,1012,Incorrect torque settings,Correct torque specification and add torque monitoring,Production,2023-10-28,2023-12-14,Completed,False
385,1013,Inadequate supplier quality inspection,Tighten incoming inspection for supplier parts,Supplier Quality,2023-11-01,2024-01-18,Completed,False
386,1015,Out-of-tolerance component batch,Quarantine affected batch and replace parts,Supplier Quality,2023-10-28,2023-12-17,Completed,True
387,1016,Out-of-tolerance component batch,Quarantine affected batch and replace parts,Supplier Quality,2023-11-04,2024-01-25,Completed,True
388,1018,Supplier process deviation,Issue supplier corrective action request (SCAR),Supplier Quality,2023-11-01,2024-01-15,Completed,False
389,1020,Corrosion due to coating defect,Improve coating process and add corrosion test,Quality Assurance,2023-11-03,2023-12-03,Completed,False
390,1022,Corrosion due to coating defect,Improve coating process and add corrosion test,Quality Assurance,2023-11-01,2023-11-25,Completed,False
391,1025,Supplier material substitution,Audit the supplier and require approved materials,Supplier Quality,2023-11-03,2023-12-08,Completed,False
392,1026,Substandard raw material,Change material specification,Quality Assurance,2023-11-04,2023-12-13,Completed,False
393,1028,Inadequate supplier quality inspection,Tighten incoming inspection for supplier parts,Supplier Quality,2023-11-01,2024-01-09,Completed,True
394,1032,Incorrect torque settings,Correct torque specification and add torque monitoring,Production,2023-11-06,2023-12-23,Completed,False
395,1033,Incorrect torque settings,Correct torque specification and add torque monitoring,Quality Assurance,2023-11-05,2023-12-14,Completed,False
396,1036,Inadequate supplier quality inspection,Tighten incoming inspection for supplier parts,Supplier Quality,2023-11-12,2023-12-20,Completed,True
397,1039,Insufficient design margin,Raise design margin through an engineering change,Design Engineering,2023-11-14,2024-03-31,Completed,False
398,1040,Supplier material substitution,Audit the supplier and require approved materials,Quality Assurance,2023-11-08,2023-12-23,Completed,True
399,1041,Substandard raw material,Change material specification,Quality Assurance,2023-11-13,2023-12-28,Completed,False
400,1047,Incorrect assembly sequence,Update work instructions and assembly sequence,Production,2023-11-08,2024-01-07,Completed,False
401,1051,Supplier material substitution,Audit the supplier and require approved materials,Quality Assurance,2023-11-10,2023-12-14,Completed,False
402,1055,Operator training gap,Add poka-yoke check at the assembly station,Production,2023-11-13,2023-12-01,Completed,False
403,1058,Supplier process deviation,Issue supplier corrective action request (SCAR),Supplier Quality,2023-11-16,2024-02-09,Completed,False
404,1059,Thermal design limitation,Redesign cooling and heat protection,Design Engineering,2023-11-11,2024-02-20,Completed,False
405,1060,Inadequate supplier quality inspection,Tighten incoming inspection for supplier parts,Supplier Quality,2023-11-14,2024-01-02,Completed,False
406,1064,Operator training gap,Retrain operators and add in-line inspection,Production,2023-11-22,2023-12-20,Completed,False
407,1065,Insufficient design margin,Raise design margin through an engineering change,Design Engineering,2023-11-14,2024-03-28,Completed,False
408,1066,Supplier process deviation,Issue supplier corrective action request (SCAR),Supplier Quality,2023-11-14,2024-01-22,Completed,True
409,1067,Tolerance stack-up in design,Revise tolerances in the design drawings,Design Engineering,2023-11-16,2024-03-07,Completed,True
410,1069,Operator training gap,Add poka-yoke check at the assembly station,Production,2023-11-17,2023-12-11,Completed,True
411,1075,Machine calibration drift,Recalibrate equipment and update process control plan,Production,2023-11-16,2023-12-11,Completed,False
412,1076,Tolerance stack-up in design,Revise tolerances in the design drawings,Design Engineering,2023-11-20,2024-04-04,Completed,True
413,1077,Corrosion due to coating defect,Improve coating process and add corrosion test,Supplier Quality,2023-11-22,2024-01-20,Completed,True
414,1078,Supplier process deviation,Issue supplier corrective action request (SCAR),Supplier Quality,2023-11-16,2023-12-26,Completed,True
415,1082,Operator training gap,Retrain operators and add in-line inspection,Production,2023-11-17,2024-01-04,Completed,False
416,1083,Insufficient design margin,Raise design margin through an engineering change,Design Engineering,2023-11-18,2024-02-01,Completed,False
417,1086,Thermal design limitation,Redesign cooling and heat protection,Design Engineering,2023-11-21,2024-03-18,Completed,False
418,1087,Missing or unclear work instruction,Rewrite work instructions with photos,Production,2023-11-23,2024-01-19,Completed,False
419,1088,Supplier process deviation,Issue supplier corrective action request (SCAR),Supplier Quality,2023-11-25,2024-01-29,Completed,False
420,1093,Supplier material substitution,Audit the supplier and require approved materials,Supplier Quality,2023-11-24,2024-01-08,Completed,True
421,1094,Substandard raw material,Change material specification,Supplier Quality,2023-11-25,2024-01-20,Completed,False
422,1096,Inadequate supplier quality inspection,Tighten incoming inspection for supplier parts,Supplier Quality,2023-11-22,2024-01-28,Completed,True
423,1099,Machine calibration drift,Recalibrate equipment and update process control plan,Production,2023-11-24,2024-01-09,Completed,True
424,1106,Insufficient process control,Introduce statistical process control on the line,Production,2023-11-26,2024-01-13,Completed,True
425,1110,Supplier material substitution,Audit the supplier and require approved materials,Quality Assurance,2023-11-28,2023-12-26,Completed,False
426,1111,Out-of-tolerance component batch,Quarantine affected batch and replace parts,Quality Assurance,2023-11-29,2024-01-28,Completed,False
427,1112,Inadequate supplier quality inspection,Tighten incoming inspection for supplier parts,Supplier Quality,2023-11-30,2024-02-28,Completed,False
428,1115,Improper use by customer,Update owner manual and customer communication,Customer Service,2023-12-02,2023-12-12,Completed,True
429,1116,Supplier material substitution,Audit the supplier and require approved materials,Supplier Quality,2023-11-27,2023-12-28,Completed,False
430,1117,Missing or unclear work instruction,Rewrite work instructions with photos,Production,2023-11-28,2024-01-27,Completed,False
431,1119,Operator training gap,Retrain operators and add in-line inspection,Production,2023-11-28,2024-01-06,Completed,False
432,1120,Heat treatment deviation,Require heat treatment certificates from supplier,Quality Assurance,2023-11-30,2024-01-12,Completed,False
433,1121,Out-of-tolerance component batch,Quarantine affected batch and replace parts,Supplier Quality,2023-11-29,2024-01-31,Completed,False
434,1129,Supplier material substitution,Audit the supplier and require approved materials,Supplier Quality,2023-11-29,2024-01-09,Completed,False
435,1131,Supplier process deviation,Issue supplier corrective action request (SCAR),Supplier Quality,2023-12-02,2024-02-19,Completed,True
436,1134,Incorrect assembly sequence,Update work instructions and assembly sequence,Production,2023-12-01,2024-01-12,Completed,False
437,1135,Operator training gap,Retrain operators and add in-line inspection,Quality Assurance,2023-12-04,2024-01-24,Completed,False
438,1137,Supplier material substitution,Audit the supplier and require approved materials,Supplier Quality,2023-12-01,2023-12-31,Completed,False
439,1138,Substandard raw material,Change material specification,Supplier Quality,2023-12-03,2024-03-02,Completed,True
440,1139,Insufficient process control,Introduce statistical process control on the line,Production,2023-12-06,2024-01-20,Completed,False
441,1140,Operator training gap,Retrain operators and add in-line inspection,Quality Assurance,2023-12-08,2024-01-28,Completed,False
442,1142,Supplier material substitution,Audit the supplier and require approved materials,Quality Assurance,2023-12-05,2024-01-28,Completed,False
443,1146,Out-of-tolerance component batch,Quarantine affected batch and replace parts,Supplier Quality,2023-12-03,2024-02-29,Completed,False
444,1148,Thermal design limitation,Redesign cooling and heat protection,Design Engineering,2023-12-09,2024-02-28,Completed,False
445,1151,Inadequate supplier quality inspection,Tighten incoming inspection for supplier parts,Supplier Quality,2023-12-04,2024-02-10,Completed,False
446,1157,Operator training gap,Retrain operators and add in-line inspection,Production,2023-12-07,2024-01-07,Completed,False
447,1158,Out-of-tolerance component batch,Quarantine affected batch and replace parts,Supplier Quality,2023-12-10,2024-02-01,Completed,False
448,1161,Inadequate supplier quality inspection,Tighten incoming inspection for supplier parts,Supplier Quality,2023-12-11,2024-02-20,Completed,False
449,1164,Supplier process deviation,Issue supplier corrective action request (SCAR),Quality Assurance,2023-12-10,2024-02-05,Completed,True
450,1168,Thermal design limitation,Redesign cooling and heat protection,Design Engineering,2023-12-08,2024-03-28,Completed,False
451,1170,Supplier material substitution,Audit the supplier and require approved materials,Quality Assurance,2023-12-08,2024-01-07,Completed,False
452,1173,Tolerance stack-up in design,Revise tolerances in the design drawings,Design Engineering,2023-12-08,2024-04-08,Completed,False
453,1174,Supplier material substitution,Audit the supplier and require approved materials,Supplier Quality,2023-12-17,2024-03-12,Completed,False
454,1175,Machine calibration drift,Recalibrate equipment and update process control plan,Production,2023-12-11,2024-02-07,Completed,True
455,1179,Operator training gap,Retrain operators and add in-line inspection,Production,2023-12-16,2024-02-03,Completed,False
456,1182,Inadequate supplier quality inspection,Tighten incoming inspection for supplier parts,Supplier Quality,2023-12-15,2024-02-13,Completed,False
457,1184,Inadequate supplier quality inspection,Tighten incoming inspection for supplier parts,Quality Assurance,2023-12-13,2024-01-06,Completed,False
458,1186,Thermal design limitation,Redesign cooling and heat protection,Design Engineering,2023-12-14,2024-03-10,Completed,False
459,1187,Out-of-tolerance component batch,Quarantine affected batch and replace parts,Supplier Quality,2023-12-13,2024-01-23,Completed,True
460,1194,Incorrect torque settings,Correct torque specification and add torque monitoring,Production,2023-12-19,2024-02-07,Completed,False
461,1198,Supplier material substitution,Audit the supplier and require approved materials,Quality Assurance,2023-12-15,2024-01-04,Completed,False
462,1199,Missed maintenance schedule,Send service reminders to customers,Customer Service,2023-12-18,2023-12-26,Completed,True
463,1200,Missing or unclear work instruction,Rewrite work instructions with photos,Quality Assurance,2023-12-17,2024-01-19,Completed,False
464,1201,Supplier process deviation,Issue supplier corrective action request (SCAR),Supplier Quality,2023-12-14,2024-02-22,Completed,True
465,1206,Supplier process deviation,Issue supplier corrective action request (SCAR),Supplier Quality,2023-12-20,2024-01-29,Completed,False
466,1208,Corrosion due to coating defect,Improve coating process and add corrosion test,Supplier Quality,2023-12-16,2024-03-13,Completed,True
467,1209,Machine calibration drift,Recalibrate equipment and update process control plan,Production,2023-12-16,2024-01-21,Completed,False
468,1210,Assembly tool wear,Replace worn tools and add tool maintenance schedule,Production,2023-12-22,2024-01-27,Completed,False
469,1212,Corrosion due to coating defect,Improve coating process and add corrosion test,Supplier Quality,2023-12-20,2024-01-20,Completed,False
470,1216,Software logic flaw,Release a software update,Design Engineering,2023-12-19,2024-04-13,Completed,False
471,1217,Supplier process deviation,Issue supplier corrective action request (SCAR),Supplier Quality,2023-12-20,2024-02-16,Completed,False
472,1218,Operator training gap,Add poka-yoke check at the assembly station,Quality Assurance,2023-12-19,2024-01-27,Completed,False
473,1220,Supplier process deviation,Issue supplier corrective action request (SCAR),Supplier Quality,2023-12-19,2024-01-19,Completed,False
474,1222,Thermal design limitation,Redesign cooling and heat protection,Design Engineering,2023-12-29,2024-05-25,Completed,False
475,1223,Machine calibration drift,Recalibrate equipment and update process control plan,Production,2023-12-26,2024-02-05,Completed,False
476,1228,Machine calibration drift,Recalibrate equipment and update process control plan,Quality Assurance,2023-12-25,2024-02-21,Completed,False
477,1231,Missing or unclear work instruction,Rewrite work instructions with photos,Production,2023-12-22,2024-01-17,Completed,False
478,1235,Incorrect torque settings,Correct torque specification and add torque monitoring,Production,2023-12-24,2024-02-21,Completed,False
479,1236,Incorrect torque settings,Correct torque specification and add torque monitoring,Quality Assurance,2023-12-25,2024-01-14,Completed,False
480,1238,Intermittent fault not reproducible,Collect field data and repeat diagnostics,Quality Assurance,2023-12-21,2024-01-12,Completed,False
481,1240,Substandard raw material,Change material specification,Supplier Quality,2023-12-20,2024-03-15,Completed,False
482,1242,Thermal design limitation,Redesign cooling and heat protection,Design Engineering,2023-12-28,2024-04-29,Completed,False
483,1243,Inadequate supplier quality inspection,Tighten incoming inspection for supplier parts,Supplier Quality,2023-12-22,2024-02-28,Completed,False
484,1248,Inadequate supplier quality inspection,Tighten incoming inspection for supplier parts,Supplier Quality,2024-01-01,2024-03-10,Completed,False
485,1250,Operator training gap,Retrain operators and add in-line inspection,Production,2023-12-23,2024-01-07,Completed,True
486,1251,Supplier material substitution,Audit the supplier and require approved materials,Quality Assurance,2023-12-25,2024-02-13,Completed,False
487,1254,Substandard raw material,Change material specification,Supplier Quality,2023-12-28,2024-02-23,Completed,True
488,1255,Out-of-tolerance component batch,Quarantine affected batch and replace parts,Quality Assurance,2023-12-26,2024-02-11,Completed,True
489,1257,Out-of-tolerance component batch,Quarantine affected batch and replace parts,Supplier Quality,2023-12-30,2024-03-07,Completed,True
490,1258,Improper use by customer,Update owner manual and customer communication,Customer Service,2024-01-04,2024-01-17,Completed,False
491,1261,Incorrect assembly sequence,Update work instructions and assembly sequence,Production,2023-12-28,2024-02-06,Completed,True
492,1262,Assembly tool wear,Replace worn tools and add tool maintenance schedule,Production,2023-12-28,2024-02-04,Completed,False
493,1269,Inadequate supplier quality inspection,Tighten incoming inspection for supplier parts,Supplier Quality,2024-01-01,2024-02-26,Completed,False
494,1272,Operator training gap,Retrain operators and add in-line inspection,Production,2024-01-01,2024-02-22,Completed,False
495,1273,Insufficient process control,Introduce statistical process control on the line,Quality Assurance,2024-01-05,2024-02-09,Completed,True
496,1274,Out-of-tolerance component batch,Quarantine affected batch and replace parts,Supplier Quality,2024-01-04,2024-02-07,Completed,False
497,1279,Out-of-tolerance component batch,Quarantine affected batch and replace parts,Supplier Quality,2024-01-08,2024-03-11,Completed,True
498,1284,Material fatigue under load,Switch to a higher grade material,Supplier Quality,2024-01-06,2024-03-18,Completed,False
499,1285,Corrosion due to coating defect,Improve coating process and add corrosion test,Supplier Quality,2024-01-04,2024-02-26,Completed,False
500,1287,Out-of-tolerance component batch,Quarantine affected batch and replace parts,Supplier Quality,2024-01-06,2024-03-11,Completed,False
501,1288,Supplier material substitution,Audit the supplier and require approved materials,Quality Assurance,2024-01-07,2024-02-15,Completed,False
502,1292,Incorrect assembly sequence,Update work instructions and assembly sequence,Production,2024-01-10,2024-02-23,Completed,False
503,1293,Machine calibration drift,Recalibrate equipment and update process control plan,Production,2024-01-12,2024-02-20,Completed,False
504,1294,Supplier material substitution,Audit the supplier and require approved materials,Supplier Quality,2024-01-07,2024-02-12,Completed,True
505,1296,Substandard raw material,Change material specification,Quality Assurance,2024-01-11,2024-02-27,Completed,True
506,1300,Out-of-tolerance component batch,Quarantine affected batch and replace parts,Supplier Quality,2024-01-13,2024-02-17,Completed,False
507,1302,Supplier process deviation,Issue supplier corrective action request (SCAR),Quality Assurance,2024-01-20,2024-02-23,Completed,True
508,1304,Supplier material substitution,Audit the supplier and require approved materials,Supplier Quality,2024-01-14,2024-04-09,Completed,True
509,1305,Inadequate supplier quality inspection,Tighten incoming inspection for supplier parts,Supplier Quality,2024-01-11,2024-02-16,Completed,False
510,1306,Heat treatment deviation,Require heat treatment certificates from supplier,Quality Assurance,2024-01-13,2024-03-08,Completed,False
511,1308,Inadequate supplier quality inspection,Tighten incoming inspection for supplier parts,Supplier Quality,2024-01-14,2024-04-03,Completed,True
512,1309,Corrosion due to coating defect,Improve coating process and add corrosion test,Quality Assurance,2024-01-17,2024-03-01,Completed,False
513,1310,Material fatigue under load,Switch to a higher grade material,Supplier Quality,2024-01-14,2024-03-19,Completed,True
514,1315,Inadequate supplier quality inspection,Tighten incoming inspection for supplier parts,Quality Assurance,2024-01-18,2024-03-05,Completed,False
515,1319,Intermittent fault not reproducible,Collect field data and repeat diagnostics,Quality Assurance,2024-01-22,2024-02-27,Completed,False
516,1322,Substandard raw material,Change material specification,Quality Assurance,2024-01-20,2024-02-11,Completed,False
517,1324,Supplier material substitution,Audit the supplier and require approved materials,Supplier Quality,2024-01-22,2024-03-15,Completed,True
518,1327,Out-of-tolerance component batch,Quarantine affected batch and replace parts,Supplier Quality,2024-01-24,2024-03-16,Completed,False
519,1328,Tolerance stack-up in design,Revise tolerances in the design drawings,Design Engineering,2024-01-16,2024-05-24,Completed,False
520,1334,Corrosion due to coating defect,Improve coating process and add corrosion test,Supplier Quality,2024-01-20,2024-03-04,Completed,False
521,1337,Corrosion due to coating defect,Improve coating process and add corrosion test,Supplier Quality,2024-01-24,2024-03-04,Completed,False
522,1340,Insufficient process control,Introduce statistical process control on the line,Production,2024-01-27,2024-02-20,Completed,False
523,1347,Corrosion due to coating defect,Improve coating process and add corrosion test,Quality Assurance,2024-01-25,2024-03-04,Completed,False
524,1353,Supplier process deviation,Issue supplier corrective action request (SCAR),Supplier Quality,2024-01-25,2024-03-31,Completed,False
525,1356,Non-approved modification,Add warning about modifications to warranty terms,Customer Service,2024-01-29,2024-02-05,Completed,False
526,1360,Operator training gap,Retrain operators and add in-line inspection,Production,2024-01-31,2024-03-10,Completed,False
527,1361,Heat treatment deviation,Require heat treatment certificates from supplier,Quality Assurance,2024-01-29,2024-03-25,Completed,False
528,1362,Machine calibration drift,Recalibrate equipment and update process control plan,Production,2024-02-01,2024-02-23,Completed,False
529,1366,Intermittent fault not reproducible,Collect field data and repeat diagnostics,Quality Assurance,2024-01-31,2024-03-19,Completed,False
530,1369,Out-of-tolerance component batch,Quarantine affected batch and replace parts,Supplier Quality,2024-02-13,2024-03-27,Completed,False
531,1370,Supplier material substitution,Audit the supplier and require approved materials,Supplier Quality,2024-02-07,2024-04-15,Completed,False
532,1371,Supplier process deviation,Issue supplier corrective action request (SCAR),Supplier Quality,2024-02-02,2024-04-22,Completed,False
533,1373,Missing or unclear work instruction,Rewrite work instructions with photos,Quality Assurance,2024-02-05,2024-02-26,Completed,False
534,1376,Heat treatment deviation,Require heat treatment certificates from supplier,Supplier Quality,2024-02-11,2024-04-23,Completed,False
535,1378,Supplier material substitution,Audit the supplier and require approved materials,Supplier Quality,2024-02-04,2024-03-15,Completed,True
536,1385,Heat treatment deviation,Require heat treatment certificates from supplier,Quality Assurance,2024-02-16,2024-03-21,Completed,False
537,1390,Supplier process deviation,Issue supplier corrective action request (SCAR),Supplier Quality,2024-02-20,2024-05-02,Completed,False
538,1391,Supplier process deviation,Issue supplier corrective action request (SCAR),Quality Assurance,2024-02-13,2024-03-05,Completed,True
539,1394,Supplier material substitution,Audit the supplier and require approved materials,Quality Assurance,2024-02-17,2024-03-29,Completed,False
540,1399,Supplier process deviation,Issue supplier corrective action request (SCAR),Supplier Quality,2024-02-16,2024-04-10,Completed,True
541,1400,Machine calibration drift,Recalibrate equipment and update process control plan,Quality Assurance,2024-02-17,2024-04-05,Completed,False
542,1401,Insufficient design margin,Raise design margin through an engineering change,Design Engineering,2024-02-14,2024-07-13,Completed,False
543,1404,Supplier material substitution,Audit the supplier and require approved materials,Supplier Quality,2024-02-17,2024-04-26,Completed,True
544,1405,Out-of-tolerance component batch,Quarantine affected batch and replace parts,Supplier Quality,2024-02-15,2024-04-30,Completed,True
545,1409,Insufficient process control,Introduce statistical process control on the line,Production,2024-02-22,2024-03-25,Completed,False
546,1410,Machine calibration drift,Recalibrate equipment and update process control plan,Production,2024-02-16,2024-03-11,Completed,False
547,1414,Machine calibration drift,Recalibrate equipment and update process control plan,Production,2024-02-19,2024-04-13,Completed,False
548,1416,Out-of-tolerance component batch,Quarantine affected batch and replace parts,Quality Assurance,2024-02-21,2024-03-15,Completed,False
549,1417,Inadequate supplier quality inspection,Tighten incoming inspection for supplier parts,Quality Assurance,2024-02-18,2024-04-14,Completed,True
550,1421,Missing or unclear work instruction,Rewrite work instructions with photos,Production,2024-02-18,2024-03-30,Completed,False
551,1427,Corrosion due to coating defect,Improve coating process and add corrosion test,Supplier Quality,2024-02-21,2024-04-06,Completed,True
552,1429,Missing or unclear work instruction,Rewrite work instructions with photos,Production,2024-02-22,2024-04-10,Completed,False
553,1436,Out-of-tolerance component batch,Quarantine affected batch and replace parts,Supplier Quality,2024-02-25,2024-05-22,Completed,False
554,1440,Machine calibration drift,Recalibrate equipment and update process control plan,Production,2024-02-27,2024-04-21,Completed,False
555,1445,Operator training gap,Retrain operators and add in-line inspection,Production,2024-02-26,2024-04-22,Completed,False
556,1449,Software logic flaw,Release a software update,Design Engineering,2024-02-28,2024-07-11,Completed,True
557,1450,Machine calibration drift,Recalibrate equipment and update process control plan,Production,2024-03-01,2024-04-12,Completed,False
558,1453,Non-approved modification,Add warning about modifications to warranty terms,Customer Service,2024-03-03,2024-03-15,Completed,False
559,1454,Insufficient process control,Introduce statistical process control on the line,Production,2024-03-01,2024-04-05,Completed,False
560,1456,Heat treatment deviation,Require heat treatment certificates from supplier,Quality Assurance,2024-02-28,2024-03-30,Completed,True
561,1458,Supplier material substitution,Audit the supplier and require approved materials,Supplier Quality,2024-03-02,2024-05-30,Completed,False
562,1460,Incorrect torque settings,Correct torque specification and add torque monitoring,Production,2024-03-02,2024-04-30,Completed,True
563,1465,Supplier material substitution,Audit the supplier and require approved materials,Supplier Quality,2024-03-04,2024-04-07,Completed,False
564,1466,Incorrect torque settings,Correct torque specification and add torque monitoring,Production,2024-03-02,2024-04-07,Completed,False
565,1467,Insufficient process control,Introduce statistical process control on the line,Production,2024-03-01,2024-04-30,Completed,False
566,1470,Substandard raw material,Change material specification,Supplier Quality,2024-03-05,2024-04-28,Completed,False
567,1477,Supplier material substitution,Audit the supplier and require approved materials,Supplier Quality,2024-03-05,2024-04-16,Completed,False
568,1482,Inadequate supplier quality inspection,Tighten incoming inspection for supplier parts,Quality Assurance,2024-03-06,2024-05-01,Completed,False
569,1486,Insufficient process control,Introduce statistical process control on the line,Production,2024-03-07,2024-04-25,Completed,True
570,1488,Substandard raw material,Change material specification,Quality Assurance,2024-03-06,2024-03-28,Completed,False
571,1492,Corrosion due to coating defect,Improve coating process and add corrosion test,Supplier Quality,2024-03-05,2024-04-05,Completed,False
572,1493,Machine calibration drift,Recalibrate equipment and update process control plan,Production,2024-03-04,2024-03-29,Completed,True
573,1495,Supplier material substitution,Audit the supplier and require approved materials,Supplier Quality,2024-03-06,2024-05-12,Completed,False
574,1500,Inadequate supplier quality inspection,Tighten incoming inspection for supplier parts,Supplier Quality,2024-03-08,2024-05-11,Completed,False
575,1502,Insufficient design margin,Raise design margin through an engineering change,Design Engineering,2024-03-10,2024-06-02,Completed,False
576,1503,Supplier process deviation,Issue supplier corrective action request (SCAR),Supplier Quality,2024-03-10,2024-06-01,Completed,False
577,1505,Corrosion due to coating defect,Improve coating process and add corrosion test,Quality Assurance,2024-03-10,2024-04-08,Completed,False
578,1506,Supplier process deviation,Issue supplier corrective action request (SCAR),Supplier Quality,2024-03-11,2024-06-07,Completed,False
579,1508,Incorrect torque settings,Correct torque specification and add torque monitoring,Production,2024-03-12,2024-05-06,Completed,False
580,1509,Supplier process deviation,Issue supplier corrective action request (SCAR),Supplier Quality,2024-03-20,2024-06-03,Completed,True
581,1512,Material fatigue under load,Switch to a higher grade material,Supplier Quality,2024-03-12,2024-06-08,Completed,False
582,1514,Supplier material substitution,Audit the supplier and require approved materials,Supplier Quality,2024-03-10,2024-05-06,Completed,False
583,1516,Supplier material substitution,Audit the supplier and require approved materials,Supplier Quality,2024-03-15,2024-05-14,Completed,False
584,1519,Tolerance stack-up in design,Revise tolerances in the design drawings,Design Engineering,2024-03-16,2024-06-25,Completed,False
585,1520,Out-of-tolerance component batch,Quarantine affected batch and replace parts,Supplier Quality,2024-03-14,2024-05-05,Completed,False
586,1521,Supplier material substitution,Audit the supplier and require approved materials,Supplier Quality,2024-03-14,2024-06-05,Completed,False
587,1523,Incorrect assembly sequence,Update work instructions and assembly sequence,Production,2024-03-11,2024-05-02,Completed,False
588,1524,Supplier material substitution,Audit the supplier and require approved materials,Quality Assurance,2024-03-16,2024-04-26,Completed,False
589,1526,Inadequate supplier quality inspection,Tighten incoming inspection for supplier parts,Supplier Quality,2024-03-11,2024-06-01,Completed,True
590,1527,Out-of-tolerance component batch,Quarantine affected batch and replace parts,Supplier Quality,2024-03-13,2024-05-28,Completed,False
591,1528,Operator training gap,Retrain operators and add in-line inspection,Quality Assurance,2024-03-13,2024-04-25,Completed,False
592,1530,Missing or unclear work instruction,Rewrite work instructions with photos,Production,2024-03-14,2024-04-13,Completed,False
593,1533,Heat treatment deviation,Require heat treatment certificates from supplier,Supplier Quality,2024-03-15,2024-05-08,Completed,False
594,1535,Corrosion due to coating defect,Improve coating process and add corrosion test,Supplier Quality,2024-03-13,2024-05-02,Completed,False
595,1536,Assembly tool wear,Replace worn tools and add tool maintenance schedule,Production,2024-03-15,2024-04-26,Completed,False
596,1547,Out-of-tolerance component batch,Quarantine affected batch and replace parts,Supplier Quality,2024-03-20,2024-04-26,Completed,False
597,1549,Material fatigue under load,Switch to a higher grade material,Supplier Quality,2024-03-17,2024-04-16,Completed,True
598,1551,Incorrect torque settings,Correct torque specification and add torque monitoring,Production,2024-03-15,2024-05-09,Completed,False
599,1553,Incorrect assembly sequence,Update work instructions and assembly sequence,Production,2024-03-21,2024-04-05,Completed,False
600,1554,Thermal design limitation,Redesign cooling and heat protection,Design Engineering,2024-03-17,2024-06-03,Completed,False
601,1555,Inadequate supplier quality inspection,Tighten incoming inspection for supplier parts,Supplier Quality,2024-03-16,2024-05-11,Completed,False
602,1556,Inadequate supplier quality inspection,Tighten incoming inspection for supplier parts,Quality Assurance,2024-03-16,2024-04-27,Completed,False
603,1561,Inadequate supplier quality inspection,Tighten incoming inspection for supplier parts,Supplier Quality,2024-03-20,2024-05-16,Completed,False
604,1562,Out-of-tolerance component batch,Quarantine affected batch and replace parts,Supplier Quality,2024-03-19,2024-06-13,Completed,True
605,1563,Out-of-tolerance component batch,Quarantine affected batch and replace parts,Supplier Quality,2024-03-20,2024-06-08,Completed,False
606,1564,Out-of-tolerance component batch,Quarantine affected batch and replace parts,Supplier Quality,2024-03-18,2024-04-24,Completed,False
607,1565,Supplier process deviation,Issue supplier corrective action request (SCAR),Supplier Quality,2024-03-21,2024-06-19,Completed,True
608,1566,Material fatigue under load,Switch to a higher grade material,Supplier Quality,2024-03-21,2024-05-09,Completed,False
609,1573,Supplier process deviation,Issue supplier corrective action request (SCAR),Quality Assurance,2024-03-22,2024-05-07,Completed,True
610,1575,Out-of-tolerance component batch,Quarantine affected batch and replace parts,Supplier Quality,2024-03-25,2024-06-20,Completed,False
611,1577,Substandard raw material,Change material specification,Quality Assurance,2024-03-21,2024-04-17,Completed,False
612,1578,Material fatigue under load,Switch to a higher grade material,Quality Assurance,2024-03-18,2024-05-08,Completed,False
613,1579,Out-of-tolerance component batch,Quarantine affected batch and replace parts,Supplier Quality,2024-03-24,2024-06-20,Completed,True
614,1581,Supplier process deviation,Issue supplier corrective action request (SCAR),Supplier Quality,2024-03-17,2024-05-18,Completed,False
615,1582,Supplier material substitution,Audit the supplier and require approved materials,Quality Assurance,2024-03-24,2024-05-16,Completed,False
616,1584,Incorrect assembly sequence,Update work instructions and assembly sequence,Production,2024-03-23,2024-04-22,Completed,False
617,1586,Non-approved modification,Add warning about modifications to warranty terms,Customer Service,2024-03-22,2024-04-07,Completed,True
618,1590,Corrosion due to coating defect,Improve coating process and add corrosion test,Supplier Quality,2024-03-21,2024-05-22,Completed,True
619,1591,Heat treatment deviation,Require heat treatment certificates from supplier,Quality Assurance,2024-03-20,2024-04-10,Completed,False
620,1592,Inadequate supplier quality inspection,Tighten incoming inspection for supplier parts,Supplier Quality,2024-03-23,2024-05-09,Completed,True
621,1593,Root cause not identified,Extended monitoring and data collection,Quality Assurance,2024-03-29,2024-05-13,Completed,False
622,1595,Root cause not identified,Extended monitoring and data collection,Quality Assurance,2024-03-20,2024-04-09,Completed,True
623,1596,Out-of-tolerance component batch,Quarantine affected batch and replace parts,Supplier Quality,2024-03-21,2024-05-11,Completed,True
624,1597,Supplier process deviation,Issue supplier corrective action request (SCAR),Quality Assurance,2024-03-25,2024-05-10,Completed,False
625,1598,Out-of-tolerance component batch,Quarantine affected batch and replace parts,Supplier Quality,2024-03-22,2024-05-03,Completed,True
626,1599,Supplier process deviation,Issue supplier corrective action request (SCAR),Supplier Quality,2024-03-25,2024-05-02,Completed,False
627,1602,Software logic flaw,Release a software update,Design Engineering,2024-03-25,2024-07-23,Completed,False
628,1603,Assembly tool wear,Replace worn tools and add tool maintenance schedule,Production,2024-03-22,2024-04-16,Completed,True
629,1604,Supplier process deviation,Issue supplier corrective action request (SCAR),Supplier Quality,2024-03-26,2024-05-19,Completed,False
630,1609,Inadequate supplier quality inspection,Tighten incoming inspection for supplier parts,Supplier Quality,2024-03-31,2024-06-01,Completed,False
631,1618,Supplier process deviation,Issue supplier corrective action request (SCAR),Supplier Quality,2024-03-26,2024-05-14,Completed,True
632,1620,Supplier process deviation,Issue supplier corrective action request (SCAR),Supplier Quality,2024-03-30,2024-05-21,Completed,False
633,1621,Material fatigue under load,Switch to a higher grade material,Supplier Quality,2024-03-25,2024-06-04,Completed,True
634,1625,Inadequate supplier quality inspection,Tighten incoming inspection for supplier parts,Supplier Quality,2024-03-31,2024-06-24,Completed,False
635,1627,Supplier process deviation,Issue supplier corrective action request (SCAR),Supplier Quality,2024-04-02,2024-05-26,Completed,False
636,1629,Substandard raw material,Change material specification,Quality Assurance,2024-04-05,2024-05-07,Completed,True
637,1630,Inadequate supplier quality inspection,Tighten incoming inspection for supplier parts,Supplier Quality,2024-03-30,2024-05-19,Completed,False
638,1632,Inadequate supplier quality inspection,Tighten incoming inspection for supplier parts,Supplier Quality,2024-04-06,2024-06-20,Completed,False
639,1633,Software logic flaw,Release a software update,Design Engineering,2024-04-01,2024-08-01,Completed,False
640,1634,Incorrect assembly sequence,Update work instructions and assembly sequence,Production,2024-04-05,2024-05-05,Completed,False
641,1636,Supplier process deviation,Issue supplier corrective action request (SCAR),Supplier Quality,2024-04-01,2024-06-01,Completed,False
642,1639,Supplier material substitution,Audit the supplier and require approved materials,Supplier Quality,2024-04-01,2024-06-24,Completed,False
643,1640,Out-of-tolerance component batch,Quarantine affected batch and replace parts,Quality Assurance,2024-03-31,2024-05-27,Completed,True
644,1641,Inadequate supplier quality inspection,Tighten incoming inspection for supplier parts,Supplier Quality,2024-04-04,2024-06-24,Completed,True
645,1643,Supplier process deviation,Issue supplier corrective action request (SCAR),Supplier Quality,2024-04-04,2024-06-12,Completed,False
646,1645,Out-of-tolerance component batch,Quarantine affected batch and replace parts,Supplier Quality,2024-04-04,2024-06-23,Completed,False
647,1646,Out-of-tolerance component batch,Quarantine affected batch and replace parts,Supplier Quality,2024-03-30,2024-06-10,Completed,False
648,1647,Out-of-tolerance component batch,Quarantine affected batch and replace parts,Supplier Quality,2024-04-01,2024-05-22,Completed,True
649,1653,Inadequate supplier quality inspection,Tighten incoming inspection for supplier parts,Supplier Quality,2024-04-03,2024-06-09,Completed,False
650,1654,Supplier process deviation,Issue supplier corrective action request (SCAR),Supplier Quality,2024-04-08,2024-05-10,Completed,True
651,1656,Missing or unclear work instruction,Rewrite work instructions with photos,Quality Assurance,2024-04-08,2024-05-17,Completed,False
652,1657,Supplier material substitution,Audit the supplier and require approved materials,Supplier Quality,2024-04-03,2024-07-02,Completed,False
653,1661,Out-of-tolerance component batch,Quarantine affected batch and replace parts,Supplier Quality,2024-04-07,2024-06-11,Completed,True
654,1663,Inadequate supplier quality inspection,Tighten incoming inspection for supplier parts,Supplier Quality,2024-04-08,2024-05-17,Completed,True
655,1665,Substandard raw material,Change material specification,Supplier Quality,2024-04-14,2024-05-23,Completed,True
656,1672,Supplier material substitution,Audit the supplier and require approved materials,Supplier Quality,2024-04-10,2024-05-25,Completed,False
657,1673,Out-of-tolerance component batch,Quarantine affected batch and replace parts,Supplier Quality,2024-04-06,2024-06-02,Completed,True
658,1675,Assembly tool wear,Replace worn tools and add tool maintenance schedule,Production,2024-04-04,2024-05-18,Completed,False
659,1676,Supplier process deviation,Issue supplier corrective action request (SCAR),Quality Assurance,2024-04-07,2024-05-15,Completed,True
660,1677,Inadequate supplier quality inspection,Tighten incoming inspection for supplier parts,Quality Assurance,2024-04-04,2024-05-22,Completed,False
661,1679,Machine calibration drift,Recalibrate equipment and update process control plan,Production,2024-04-10,2024-05-09,Completed,False
662,1682,Out-of-tolerance component batch,Quarantine affected batch and replace parts,Supplier Quality,2024-04-11,2024-05-13,Completed,True
663,1683,Material fatigue under load,Switch to a higher grade material,Quality Assurance,2024-04-12,2024-05-19,Completed,False
664,1684,Supplier process deviation,Issue supplier corrective action request (SCAR),Supplier Quality,2024-04-10,2024-06-06,Completed,True
665,1687,Supplier process deviation,Issue supplier corrective action request (SCAR),Supplier Quality,2024-04-08,2024-06-21,Completed,True
666,1689,Out-of-tolerance component batch,Quarantine affected batch and replace parts,Supplier Quality,2024-04-08,2024-05-09,Completed,True
667,1692,Insufficient process control,Introduce statistical process control on the line,Production,2024-04-11,2024-06-01,Completed,False
668,1695,Supplier process deviation,Issue supplier corrective action request (SCAR),Quality Assurance,2024-04-12,2024-05-12,Completed,False
669,1697,Supplier process deviation,Issue supplier corrective action request (SCAR),Supplier Quality,2024-04-11,2024-06-27,Completed,True
670,1698,Supplier material substitution,Audit the supplier and require approved materials,Supplier Quality,2024-04-10,2024-07-03,Completed,False
671,1699,Inadequate supplier quality inspection,Tighten incoming inspection for supplier parts,Supplier Quality,2024-04-07,2024-06-30,Completed,False
672,1704,Software logic flaw,Release a software update,Design Engineering,2024-04-11,2024-07-30,Completed,False
673,1705,Supplier process deviation,Issue supplier corrective action request (SCAR),Supplier Quality,2024-04-11,2024-06-10,Completed,False
674,1706,Incorrect assembly sequence,Update work instructions and assembly sequence,Production,2024-04-13,2024-05-13,Completed,False
675,1710,Supplier material substitution,Audit the supplier and require approved materials,Supplier Quality,2024-04-09,2024-07-04,Completed,True
676,1711,Inadequate supplier quality inspection,Tighten incoming inspection for supplier parts,Supplier Quality,2024-04-15,2024-07-01,Completed,True
677,1713,Incorrect assembly sequence,Update work instructions and assembly sequence,Production,2024-04-14,2024-05-27,Completed,True
678,1714,Supplier material substitution,Audit the supplier and require approved materials,Supplier Quality,2024-04-13,2024-05-27,Completed,True
679,1715,Inadequate supplier quality inspection,Tighten incoming inspection for supplier parts,Quality Assurance,2024-04-11,2024-05-30,Completed,False
680,1719,Incorrect assembly sequence,Update work instructions and assembly sequence,Production,2024-04-13,2024-04-29,Completed,False
681,1722,Incorrect torque settings,Correct torque specification and add torque monitoring,Production,2024-04-14,2024-06-10,Completed,False
682,1723,Corrosion due to coating defect,Improve coating process and add corrosion test,Quality Assurance,2024-04-11,2024-05-29,Completed,False
683,1725,Inadequate supplier quality inspection,Tighten incoming inspection for supplier parts,Quality Assurance,2024-04-11,2024-05-02,Completed,False
684,1726,Supplier process deviation,Issue supplier corrective action request (SCAR),Supplier Quality,2024-04-15,2024-07-07,Completed,False
685,1728,Out-of-tolerance component batch,Quarantine affected batch and replace parts,Supplier Quality,2024-04-17,2024-06-05,Completed,False
686,1732,Inadequate supplier quality inspection,Tighten incoming inspection for supplier parts,Supplier Quality,2024-04-15,2024-06-02,Completed,False
687,1736,Out-of-tolerance component batch,Quarantine affected batch and replace parts,Supplier Quality,2024-04-14,2024-06-30,Completed,False
688,1739,Inadequate supplier quality inspection,Tighten incoming inspection for supplier parts,Supplier Quality,2024-04-16,2024-06-21,Completed,True
689,1740,Supplier process deviation,Issue supplier corrective action request (SCAR),Supplier Quality,2024-04-19,2024-05-24,Completed,False
690,1741,Out-of-tolerance component batch,Quarantine affected batch and replace parts,Supplier Quality,2024-04-18,2024-05-30,Completed,False
691,1745,Material fatigue under load,Switch to a higher grade material,Quality Assurance,2024-04-14,2024-05-22,Completed,False
692,1751,Improper use by customer,Update owner manual and customer communication,Customer Service,2024-04-19,2024-04-29,Completed,False
693,1752,Missing or unclear work instruction,Rewrite work instructions with photos,Production,2024-04-19,2024-05-15,Completed,False
694,1754,Machine calibration drift,Recalibrate equipment and update process control plan,Production,2024-04-17,2024-05-18,Completed,False
695,1755,Machine calibration drift,Recalibrate equipment and update process control plan,Production,2024-04-21,2024-06-12,Completed,False
696,1756,Insufficient process control,Introduce statistical process control on the line,Production,2024-04-20,2024-05-24,Completed,False
697,1758,Supplier material substitution,Audit the supplier and require approved materials,Quality Assurance,2024-04-21,2024-05-19,Completed,True
698,1759,Supplier process deviation,Issue supplier corrective action request (SCAR),Supplier Quality,2024-04-20,2024-06-08,Completed,False
699,1761,Supplier material substitution,Audit the supplier and require approved materials,Supplier Quality,2024-04-22,2024-07-13,Completed,False
700,1765,Inadequate supplier quality inspection,Tighten incoming inspection for supplier parts,Supplier Quality,2024-04-22,2024-06-28,Completed,True
701,1766,Supplier process deviation,Issue supplier corrective action request (SCAR),Supplier Quality,2024-04-19,2024-07-02,Completed,False
702,1769,Inadequate supplier quality inspection,Tighten incoming inspection for supplier parts,Supplier Quality,2024-04-23,2024-07-18,Completed,True
703,1771,Substandard raw material,Change material specification,Supplier Quality,2024-04-19,2024-06-11,Completed,False
704,1774,Out-of-tolerance component batch,Quarantine affected batch and replace parts,Quality Assurance,2024-04-22,2024-06-05,Completed,True
705,1775,Supplier process deviation,Issue supplier corrective action request (SCAR),Supplier Quality,2024-04-24,2024-06-13,Completed,False
706,1776,Out-of-tolerance component batch,Quarantine affected batch and replace parts,Supplier Quality,2024-04-22,2024-06-28,Completed,True
707,1781,Insufficient design margin,Raise design margin through an engineering change,Design Engineering,2024-04-25,2024-07-09,Completed,False
708,1782,Supplier material substitution,Audit the supplier and require approved materials,Quality Assurance,2024-04-27,2024-05-24,Completed,True
709,1783,Inadequate supplier quality inspection,Tighten incoming inspection for supplier parts,Supplier Quality,2024-04-26,2024-07-24,Completed,True
710,1784,Supplier material substitution,Audit the supplier and require approved materials,Supplier Quality,2024-04-26,2024-07-18,Completed,True
711,1786,Material fatigue under load,Switch to a higher grade material,Quality Assurance,2024-04-26,2024-05-26,Completed,False
712,1787,Thermal design limitation,Redesign cooling and heat protection,Design Engineering,2024-04-23,2024-08-04,Completed,False
713,1788,Out-of-tolerance component batch,Quarantine affected batch and replace parts,Supplier Quality,2024-04-24,2024-06-12,Completed,False
714,1789,Out-of-tolerance component batch,Quarantine affected batch and replace parts,Supplier Quality,2024-04-25,2024-06-27,Completed,False
715,1790,Inadequate supplier quality inspection,Tighten incoming inspection for supplier parts,Quality Assurance,2024-04-23,2024-06-10,Completed,False
716,1791,Supplier material substitution,Audit the supplier and require approved materials,Supplier Quality,2024-04-27,2024-07-06,Completed,True
717,1792,Supplier process deviation,Issue supplier corrective action request (SCAR),Supplier Quality,2024-04-24,2024-06-22,Completed,True
718,1793,Corrosion due to coating defect,Improve coating process and add corrosion test,Supplier Quality,2024-04-22,2024-06-09,Completed,False
719,1794,Inadequate supplier quality inspection,Tighten incoming inspection for supplier parts,Supplier Quality,2024-04-29,2024-05-31,Completed,True
720,1795,Inadequate supplier quality inspection,Tighten incoming inspection for supplier parts,Supplier Quality,2024-05-01,2024-06-30,Completed,False
721,1797,Operator training gap,Retrain operators and add in-line inspection,Production,2024-04-30,2024-06-03,Completed,False
722,1799,Inadequate supplier quality inspection,Tighten incoming inspection for supplier parts,Supplier Quality,2024-04-25,2024-06-12,Completed,True
723,1801,Improper use by customer,Update owner manual and customer communication,Customer Service,2024-04-30,2024-05-19,Completed,False
724,1802,Assembly tool wear,Replace worn tools and add tool maintenance schedule,Production,2024-04-27,2024-06-16,Completed,False
725,1804,Corrosion due to coating defect,Improve coating process and add corrosion test,Supplier Quality,2024-04-30,2024-07-03,Completed,True
726,1805,Supplier material substitution,Audit the supplier and require approved materials,Supplier Quality,2024-04-30,2024-06-26,Completed,True
727,1806,Out-of-tolerance component batch,Quarantine affected batch and replace parts,Supplier Quality,2024-05-01,2024-07-16,Completed,False
728,1808,Out-of-tolerance component batch,Quarantine affected batch and replace parts,Supplier Quality,2024-04-30,2024-07-18,Completed,True
729,1809,Out-of-tolerance component batch,Quarantine affected batch and replace parts,Quality Assurance,2024-04-28,2024-05-25,Completed,True
730,1810,Substandard raw material,Change material specification,Quality Assurance,2024-04-29,2024-06-26,Completed,False
731,1813,Inadequate supplier quality inspection,Tighten incoming inspection for supplier parts,Supplier Quality,2024-05-05,2024-06-06,Completed,False
732,1817,Out-of-tolerance component batch,Quarantine affected batch and replace parts,Quality Assurance,2024-04-27,2024-05-29,Completed,True
733,1818,Operator training gap,Retrain operators and add in-line inspection,Production,2024-04-30,2024-06-17,Completed,False
734,1820,Supplier process deviation,Issue supplier corrective action request (SCAR),Quality Assurance,2024-05-01,2024-06-06,Completed,True
735,1832,Inadequate supplier quality inspection,Tighten incoming inspection for supplier parts,Supplier Quality,2024-05-04,2024-06-15,Completed,False
736,1837,Supplier material substitution,Audit the supplier and require approved materials,Supplier Quality,2024-05-01,2024-06-13,Completed,False
737,1838,Supplier process deviation,Issue supplier corrective action request (SCAR),Supplier Quality,2024-05-04,2024-06-29,Completed,False
738,1841,Supplier material substitution,Audit the supplier and require approved materials,Supplier Quality,2024-05-02,2024-07-29,Completed,False
739,1842,Supplier material substitution,Audit the supplier and require approved materials,Supplier Quality,2024-05-01,2024-06-08,Completed,False
740,1843,Supplier material substitution,Audit the supplier and require approved materials,Quality Assurance,2024-05-05,2024-06-11,Completed,False
741,1846,Intermittent fault not reproducible,Collect field data and repeat diagnostics,Quality Assurance,2024-05-05,2024-06-28,Completed,False
742,1847,Incorrect assembly sequence,Update work instructions and assembly sequence,Quality Assurance,2024-05-02,2024-06-14,Completed,True
743,1850,Supplier material substitution,Audit the supplier and require approved materials,Supplier Quality,2024-05-03,2024-06-06,Completed,True
744,1854,Supplier process deviation,Issue supplier corrective action request (SCAR),Supplier Quality,2024-05-09,2024-06-09,Completed,False
745,1855,Inadequate supplier quality inspection,Tighten incoming inspection for supplier parts,Quality Assurance,2024-05-07,2024-06-29,Completed,True
746,1857,Inadequate supplier quality inspection,Tighten incoming inspection for supplier parts,Quality Assurance,2024-05-05,2024-06-27,Completed,False
747,1858,Inadequate supplier quality inspection,Tighten incoming inspection for supplier parts,Quality Assurance,2024-05-08,2024-07-06,Completed,False
748,1862,Inadequate supplier quality inspection,Tighten incoming inspection for supplier parts,Supplier Quality,2024-05-08,2024-07-14,Completed,False
749,1864,Supplier material substitution,Audit the supplier and require approved materials,Supplier Quality,2024-05-07,2024-07-28,Completed,True
750,1865,Corrosion due to coating defect,Improve coating process and add corrosion test,Supplier Quality,2024-05-06,2024-06-10,Completed,False
751,1866,Insufficient design margin,Raise design margin through an engineering change,Design Engineering,2024-05-09,2024-09-20,Completed,True
752,1870,Intermittent fault not reproducible,Collect field data and repeat diagnostics,Quality Assurance,2024-05-09,2024-06-20,Completed,True
753,1874,Tolerance stack-up in design,Revise tolerances in the design drawings,Design Engineering,2024-05-12,2024-07-30,Completed,False
754,1875,Root cause not identified,Extended monitoring and data collection,Quality Assurance,2024-05-05,2024-06-10,Completed,False
755,1879,Substandard raw material,Change material specification,Supplier Quality,2024-05-04,2024-08-01,Completed,True
756,1882,Supplier material substitution,Audit the supplier and require approved materials,Supplier Quality,2024-05-13,2024-06-22,Completed,False
757,1883,Root cause not identified,Extended monitoring and data collection,Quality Assurance,2024-05-06,2024-06-24,Completed,False
758,1884,Out-of-tolerance component batch,Quarantine affected batch and replace parts,Quality Assurance,2024-05-12,2024-06-20,Completed,True
759,1885,Supplier material substitution,Audit the supplier and require approved materials,Quality Assurance,2024-05-14,2024-07-02,Completed,False
760,1889,Supplier material substitution,Audit the supplier and require approved materials,Quality Assurance,2024-05-08,2024-07-07,Completed,False
761,1891,Non-approved modification,Add warning about modifications to warranty terms,Customer Service,2024-05-15,2024-05-22,Completed,True
762,1894,Out-of-tolerance component batch,Quarantine affected batch and replace parts,Supplier Quality,2024-05-12,2024-07-19,Completed,True
763,1897,Improper use by customer,Update owner manual and customer communication,Customer Service,2024-05-13,2024-05-27,Completed,True
764,1898,Operator training gap,Retrain operators and add in-line inspection,Production,2024-05-12,2024-06-03,Completed,False
765,1900,Missing or unclear work instruction,Rewrite work instructions with photos,Production,2024-05-17,2024-07-09,Completed,False
766,1902,Operator training gap,Add poka-yoke check at the assembly station,Production,2024-05-16,2024-05-31,Completed,False
767,1903,Supplier material substitution,Audit the supplier and require approved materials,Quality Assurance,2024-05-13,2024-06-24,Completed,True
768,1904,Supplier material substitution,Audit the supplier and require approved materials,Supplier Quality,2024-05-14,2024-06-15,Completed,False
769,1906,Insufficient design margin,Raise design margin through an engineering change,Design Engineering,2024-05-17,2024-08-31,Completed,False
770,1907,Insufficient process control,Introduce statistical process control on the line,Quality Assurance,2024-05-17,2024-06-22,Completed,False
771,1909,Supplier process deviation,Issue supplier corrective action request (SCAR),Supplier Quality,2024-05-16,2024-07-13,Completed,False
772,1913,Insufficient process control,Introduce statistical process control on the line,Production,2024-05-13,2024-06-29,Completed,False
773,1919,Supplier process deviation,Issue supplier corrective action request (SCAR),Supplier Quality,2024-05-19,2024-07-27,Completed,False
774,1921,Supplier material substitution,Audit the supplier and require approved materials,Supplier Quality,2024-05-18,2024-07-24,Completed,True
775,1922,Supplier material substitution,Audit the supplier and require approved materials,Supplier Quality,2024-05-17,2024-06-25,Completed,True
776,1926,Insufficient process control,Introduce statistical process control on the line,Production,2024-05-12,2024-06-25,Completed,True
777,1930,Insufficient process control,Introduce statistical process control on the line,Production,2024-05-20,2024-06-17,Completed,False
778,1933,Inadequate supplier quality inspection,Tighten incoming inspection for supplier parts,Supplier Quality,2024-05-20,2024-07-12,Completed,False
779,1934,Intermittent fault not reproducible,Collect field data and repeat diagnostics,Quality Assurance,2024-05-16,2024-07-11,Completed,False
780,1940,Missing or unclear work instruction,Rewrite work instructions with photos,Quality Assurance,2024-05-18,2024-07-06,Completed,False
781,1941,Heat treatment deviation,Require heat treatment certificates from supplier,Supplier Quality,2024-05-20,2024-07-24,Completed,False
782,1944,Incorrect torque settings,Correct torque specification and add torque monitoring,Production,2024-05-19,2024-06-13,Completed,False
783,1945,Substandard raw material,Change material specification,Supplier Quality,2024-05-17,2024-07-31,Completed,False
784,1946,Operator training gap,Add poka-yoke check at the assembly station,Production,2024-05-19,2024-07-12,Completed,False
785,1949,Supplier material substitution,Audit the supplier and require approved materials,Supplier Quality,2024-05-20,2024-07-03,Completed,False
786,1951,Supplier material substitution,Audit the supplier and require approved materials,Quality Assurance,2024-05-17,2024-07-05,Completed,False
787,1953,Supplier material substitution,Audit the supplier and require approved materials,Supplier Quality,2024-05-20,2024-08-14,Completed,False
788,1956,Heat treatment deviation,Require heat treatment certificates from supplier,Supplier Quality,2024-05-19,2024-08-14,Completed,False
789,1958,Corrosion due to coating defect,Improve coating process and add corrosion test,Quality Assurance,2024-05-25,2024-07-24,Completed,False
790,1959,Thermal design limitation,Redesign cooling and heat protection,Design Engineering,2024-05-25,2024-09-25,Completed,False
791,1960,Supplier material substitution,Audit the supplier and require approved materials,Supplier Quality,2024-05-22,2024-08-03,Completed,False
792,1961,Inadequate supplier quality inspection,Tighten incoming inspection for supplier parts,Supplier Quality,2024-05-25,2024-08-23,Completed,True
793,1962,Out-of-tolerance component batch,Quarantine affected batch and replace parts,Supplier Quality,2024-05-26,2024-07-13,Completed,False
794,1963,Out-of-tolerance component batch,Quarantine affected batch and replace parts,Quality Assurance,2024-05-18,2024-07-01,Completed,False
795,1964,Out-of-tolerance component batch,Quarantine affected batch and replace parts,Quality Assurance,2024-05-18,2024-07-13,Completed,False
796,1965,Supplier process deviation,Issue supplier corrective action request (SCAR),Supplier Quality,2024-05-19,2024-07-06,Completed,True
797,1966,Supplier process deviation,Issue supplier corrective action request (SCAR),Supplier Quality,2024-05-20,2024-08-11,Completed,False
798,1967,Supplier process deviation,Issue supplier corrective action request (SCAR),Supplier Quality,2024-05-22,2024-08-17,Completed,True
799,1970,Supplier material substitution,Audit the supplier and require approved materials,Supplier Quality,2024-05-25,2024-08-13,Completed,False
800,1973,Inadequate supplier quality inspection,Tighten incoming inspection for supplier parts,Supplier Quality,2024-05-21,2024-07-05,Completed,False
801,1975,Insufficient design margin,Raise design margin through an engineering change,Design Engineering,2024-05-24,2024-07-27,Completed,False
802,1976,Inadequate supplier quality inspection,Tighten incoming inspection for supplier parts,Quality Assurance,2024-05-24,2024-06-18,Completed,False
803,1977,Insufficient process control,Introduce statistical process control on the line,Production,2024-05-27,2024-06-23,Completed,True
804,1978,Thermal design limitation,Redesign cooling and heat protection,Design Engineering,2024-05-25,2024-07-24,Completed,False
805,1979,Supplier process deviation,Issue supplier corrective action request (SCAR),Supplier Quality,2024-05-23,2024-07-19,Completed,True
806,1982,Out-of-tolerance component batch,Quarantine affected batch and replace parts,Supplier Quality,2024-05-24,2024-07-24,Completed,False
807,1983,Supplier process deviation,Issue supplier corrective action request (SCAR),Supplier Quality,2024-05-23,2024-07-15,Completed,False
808,1984,Supplier process deviation,Issue supplier corrective action request (SCAR),Supplier Quality,2024-05-24,2024-08-22,Completed,False
809,1986,Out-of-tolerance component batch,Quarantine affected batch and replace parts,Supplier Quality,2024-05-29,2024-08-15,Completed,False
810,1987,Heat treatment deviation,Require heat treatment certificates from supplier,Supplier Quality,2024-05-26,2024-07-12,Completed,False
811,1988,Supplier material substitution,Audit the supplier and require approved materials,Supplier Quality,2024-05-22,2024-06-23,Completed,True
812,1989,Non-approved modification,Add warning about modifications to warranty terms,Customer Service,2024-05-25,2024-06-13,Completed,True
813,1990,Operator training gap,Retrain operators and add in-line inspection,Production,2024-05-28,2024-06-15,Completed,False
814,1991,Insufficient process control,Introduce statistical process control on the line,Production,2024-05-23,2024-07-15,Completed,False
815,1993,Inadequate supplier quality inspection,Tighten incoming inspection for supplier parts,Supplier Quality,2024-05-26,2024-08-03,Completed,False
816,1994,Supplier material substitution,Audit the supplier and require approved materials,Quality Assurance,2024-05-28,2024-07-17,Completed,False
817,1997,Supplier material substitution,Audit the supplier and require approved materials,Supplier Quality,2024-06-02,2024-08-27,Completed,False
818,2002,Supplier process deviation,Issue supplier corrective action request (SCAR),Quality Assurance,2024-05-23,2024-07-07,Completed,True
819,2003,Supplier process deviation,Issue supplier corrective action request (SCAR),Supplier Quality,2024-05-27,2024-08-18,Completed,False
820,2007,Out-of-tolerance component batch,Quarantine affected batch and replace parts,Supplier Quality,2024-05-30,2024-07-31,Completed,False
821,2008,Inadequate supplier quality inspection,Tighten incoming inspection for supplier parts,Supplier Quality,2024-05-28,2024-07-06,Completed,True
822,2010,Out-of-tolerance component batch,Quarantine affected batch and replace parts,Supplier Quality,2024-05-30,2024-07-05,Completed,True
823,2012,Intermittent fault not reproducible,Collect field data and repeat diagnostics,Quality Assurance,2024-05-28,2024-06-25,Completed,False
824,2014,Out-of-tolerance component batch,Quarantine affected batch and replace parts,Supplier Quality,2024-06-02,2024-08-15,Completed,True
825,2016,Supplier process deviation,Issue supplier corrective action request (SCAR),Supplier Quality,2024-05-31,2024-08-24,Completed,False
826,2018,Missing or unclear work instruction,Rewrite work instructions with photos,Production,2024-05-29,2024-06-30,Completed,False
827,2019,Out-of-tolerance component batch,Quarantine affected batch and replace parts,Supplier Quality,2024-06-01,2024-08-09,Completed,True
828,2020,Assembly tool wear,Replace worn tools and add tool maintenance schedule,Quality Assurance,2024-05-30,2024-07-04,Completed,False
829,2023,Assembly tool wear,Replace worn tools and add tool maintenance schedule,Production,2024-05-29,2024-07-23,Completed,False
830,2026,Supplier material substitution,Audit the supplier and require approved materials,Supplier Quality,2024-05-29,2024-08-14,Completed,False
831,2027,Supplier process deviation,Issue supplier corrective action request (SCAR),Quality Assurance,2024-06-02,2024-07-29,Completed,False
832,2029,Heat treatment deviation,Require heat treatment certificates from supplier,Quality Assurance,2024-06-01,2024-06-26,Completed,False
833,2030,Out-of-tolerance component batch,Quarantine affected batch and replace parts,Supplier Quality,2024-05-28,2024-07-28,Completed,True
834,2031,Incorrect assembly sequence,Update work instructions and assembly sequence,Quality Assurance,2024-05-31,2024-07-01,Completed,False
835,2032,Supplier process deviation,Issue supplier corrective action request (SCAR),Supplier Quality,2024-06-06,2024-08-12,Completed,True
836,2034,Operator training gap,Add poka-yoke check at the assembly station,Production,2024-05-31,2024-07-22,Completed,False
837,2035,Inadequate supplier quality inspection,Tighten incoming inspection for supplier parts,Supplier Quality,2024-05-30,2024-07-26,Completed,False
838,2036,Corrosion due to coating defect,Improve coating process and add corrosion test,Supplier Quality,2024-05-30,2024-08-01,Completed,False
839,2037,Thermal design limitation,Redesign cooling and heat protection,Design Engineering,2024-06-03,2024-10-05,Completed,False
840,2038,Supplier material substitution,Audit the supplier and require approved materials,Supplier Quality,2024-06-02,2024-08-26,Completed,False
841,2039,Out-of-tolerance component batch,Quarantine affected batch and replace parts,Supplier Quality,2024-05-28,2024-07-05,Completed,False
842,2041,Supplier material substitution,Audit the supplier and require approved materials,Supplier Quality,2024-05-31,2024-08-26,Completed,True
843,2042,Out-of-tolerance component batch,Quarantine affected batch and replace parts,Supplier Quality,2024-05-31,2024-07-24,Completed,False
844,2043,Inadequate supplier quality inspection,Tighten incoming inspection for supplier parts,Supplier Quality,2024-06-07,2024-07-30,Completed,False
845,2044,Incorrect torque settings,Correct torque specification and add torque monitoring,Production,2024-06-04,2024-07-17,Completed,False
846,2046,Supplier material substitution,Audit the supplier and require approved materials,Supplier Quality,2024-06-01,2024-07-19,Completed,True
847,2048,Inadequate supplier quality inspection,Tighten incoming inspection for supplier parts,Quality Assurance,2024-06-06,2024-06-26,Completed,False
848,2049,Material fatigue under load,Switch to a higher grade material,Quality Assurance,2024-06-06,2024-07-04,Completed,True
849,2050,Supplier material substitution,Audit the supplier and require approved materials,Supplier Quality,2024-06-08,2024-08-22,Completed,True
850,2051,Heat treatment deviation,Require heat treatment certificates from supplier,Quality Assurance,2024-06-03,2024-07-31,Completed,True
851,2054,Inadequate supplier quality inspection,Tighten incoming inspection for supplier parts,Supplier Quality,2024-06-05,2024-08-25,Completed,False
852,2055,Intermittent fault not reproducible,Collect field data and repeat diagnostics,Quality Assurance,2024-06-04,2024-07-07,Completed,False
853,2056,Out-of-tolerance component batch,Quarantine affected batch and replace parts,Supplier Quality,2024-06-05,2024-08-30,Completed,False
854,2060,Supplier material substitution,Audit the supplier and require approved materials,Quality Assurance,2024-06-05,2024-07-04,Completed,False
855,2062,Out-of-tolerance component batch,Quarantine affected batch and replace parts,Quality Assurance,2024-06-02,2024-07-30,Completed,True
856,2065,Out-of-tolerance component batch,Quarantine affected batch and replace parts,Supplier Quality,2024-06-03,2024-08-05,Completed,False
857,2066,Tolerance stack-up in design,Revise tolerances in the design drawings,Quality Assurance,2024-06-10,2024-07-21,Completed,True
858,2075,Supplier process deviation,Issue supplier corrective action request (SCAR),Supplier Quality,2024-06-06,2024-07-19,Completed,False
859,2077,Out-of-tolerance component batch,Quarantine affected batch and replace parts,Supplier Quality,2024-06-08,2024-07-21,Completed,False
860,2079,Supplier material substitution,Audit the supplier and require approved materials,Supplier Quality,2024-06-06,2024-07-13,Completed,False
861,2083,Out-of-tolerance component batch,Quarantine affected batch and replace parts,Supplier Quality,2024-06-07,2024-07-27,Completed,False
862,2085,Supplier process deviation,Issue supplier corrective action request (SCAR),Supplier Quality,2024-06-07,2024-07-26,Completed,True
863,2086,Heat treatment deviation,Require heat treatment certificates from supplier,Quality Assurance,2024-06-10,2024-07-08,Completed,True
864,2090,Supplier process deviation,Issue supplier corrective action request (SCAR),Supplier Quality,2024-06-18,2024-08-05,Completed,True
865,2093,Supplier material substitution,Audit the supplier and require approved materials,Supplier Quality,2024-06-13,2024-07-19,Completed,True
866,2096,Inadequate supplier quality inspection,Tighten incoming inspection for supplier parts,Supplier Quality,2024-06-07,2024-09-02,Completed,False
867,2098,Out-of-tolerance component batch,Quarantine affected batch and replace parts,Supplier Quality,2024-06-06,2024-09-02,Completed,False
868,2102,Supplier material substitution,Audit the supplier and require approved materials,Quality Assurance,2024-06-13,2024-07-06,Completed,False
869,2106,Out-of-tolerance component batch,Quarantine affected batch and replace parts,Supplier Quality,2024-06-13,2024-07-28,Completed,True
870,2109,Material fatigue under load,Switch to a higher grade material,Quality Assurance,2024-06-14,2024-07-17,Completed,False
871,2112,Supplier material substitution,Audit the supplier and require approved materials,Quality Assurance,2024-06-11,2024-08-03,Completed,True
872,2115,Inadequate supplier quality inspection,Tighten incoming inspection for supplier parts,Supplier Quality,2024-06-10,2024-07-26,Completed,False
873,2116,Supplier process deviation,Issue supplier corrective action request (SCAR),Supplier Quality,2024-06-08,2024-08-21,Completed,False
874,2117,Inadequate supplier quality inspection,Tighten incoming inspection for supplier parts,Quality Assurance,2024-06-15,2024-07-23,Completed,False
875,2119,Supplier process deviation,Issue supplier corrective action request (SCAR),Supplier Quality,2024-06-12,2024-08-04,Completed,False
876,2120,Supplier process deviation,Issue supplier corrective action request (SCAR),Quality Assurance,2024-06-14,2024-07-24,Completed,False
877,2123,Supplier material substitution,Audit the supplier and require approved materials,Supplier Quality,2024-06-08,2024-08-02,Completed,True
878,2124,Supplier process deviation,Issue supplier corrective action request (SCAR),Quality Assurance,2024-06-14,2024-07-19,Completed,True
879,2125,Improper use by customer,Update owner manual and customer communication,Customer Service,2024-06-17,2024-06-24,Completed,False
880,2129,Out-of-tolerance component batch,Quarantine affected batch and replace parts,Supplier Quality,2024-06-11,2024-08-04,Completed,False
881,2130,Supplier process deviation,Issue supplier corrective action request (SCAR),Supplier Quality,2024-06-11,2024-07-27,Completed,True
882,2131,Substandard raw material,Change material specification,Quality Assurance,2024-06-15,2024-08-14,Completed,False
883,2136,Inadequate supplier quality inspection,Tighten incoming inspection for supplier parts,Supplier Quality,2024-06-13,2024-08-17,Completed,True
884,2137,Supplier material substitution,Audit the supplier and require approved materials,Supplier Quality,2024-06-12,2024-08-11,Completed,False
885,2140,Inadequate supplier quality inspection,Tighten incoming inspection for supplier parts,Supplier Quality,2024-06-13,2024-09-07,Completed,False
886,2142,Supplier process deviation,Issue supplier corrective action request (SCAR),Supplier Quality,2024-06-18,2024-08-12,Completed,False
887,2143,Inadequate supplier quality inspection,Tighten incoming inspection for supplier parts,Supplier Quality,2024-06-16,2024-08-21,Completed,True
888,2144,Inadequate supplier quality inspection,Tighten incoming inspection for supplier parts,Supplier Quality,2024-06-11,2024-07-13,Completed,False
889,2146,Supplier process deviation,Issue supplier corrective action request (SCAR),Supplier Quality,2024-06-16,2024-09-09,Completed,True
890,2147,Inadequate supplier quality inspection,Tighten incoming inspection for supplier parts,Supplier Quality,2024-06-16,2024-07-28,Completed,False
891,2150,Missing or unclear work instruction,Rewrite work instructions with photos,Quality Assurance,2024-06-23,2024-07-23,Completed,False
892,2152,Supplier material substitution,Audit the supplier and require approved materials,Supplier Quality,2024-06-19,2024-08-30,Completed,False
893,2154,Substandard raw material,Change material specification,Quality Assurance,2024-06-17,2024-08-16,Completed,False
894,2156,Supplier process deviation,Issue supplier corrective action request (SCAR),Supplier Quality,2024-06-17,2024-07-31,Completed,True
895,2158,Inadequate supplier quality inspection,Tighten incoming inspection for supplier parts,Quality Assurance,2024-06-17,2024-07-12,Completed,True
896,2160,Inadequate supplier quality inspection,Tighten incoming inspection for supplier parts,Supplier Quality,2024-06-17,2024-07-20,Completed,False
897,2163,Inadequate supplier quality inspection,Tighten incoming inspection for supplier parts,Supplier Quality,2024-06-16,2024-07-29,Completed,False
898,2166,Operator training gap,Add poka-yoke check at the assembly station,Production,2024-06-19,2024-07-19,Completed,True
899,2167,Insufficient process control,Introduce statistical process control on the line,Quality Assurance,2024-06-18,2024-07-23,Completed,False
900,2168,Missing or unclear work instruction,Rewrite work instructions with photos,Production,2024-06-17,2024-07-02,Completed,False
901,2172,Out-of-tolerance component batch,Quarantine affected batch and replace parts,Quality Assurance,2024-06-18,2024-07-12,Completed,True
902,2173,Supplier material substitution,Audit the supplier and require approved materials,Supplier Quality,2024-06-18,2024-07-29,Completed,False
903,2174,Inadequate supplier quality inspection,Tighten incoming inspection for supplier parts,Supplier Quality,2024-06-24,2024-09-08,Completed,True
904,2175,Supplier material substitution,Audit the supplier and require approved materials,Supplier Quality,2024-06-20,2024-08-10,Completed,False
905,2176,Supplier material substitution,Audit the supplier and require approved materials,Supplier Quality,2024-06-17,2024-08-07,Completed,False
906,2177,Out-of-tolerance component batch,Quarantine affected batch and replace parts,Supplier Quality,2024-06-26,2024-08-12,Completed,True
907,2181,Supplier material substitution,Audit the supplier and require approved materials,Supplier Quality,2024-06-19,2024-07-22,Completed,False
908,2182,Tolerance stack-up in design,Revise tolerances in the design drawings,Quality Assurance,2024-06-24,2024-08-10,Completed,False
909,2184,Supplier material substitution,Audit the supplier and require approved materials,Supplier Quality,2024-06-22,2024-08-07,Completed,True
910,2185,Out-of-tolerance component batch,Quarantine affected batch and replace parts,Supplier Quality,2024-06-21,2024-09-13,Completed,True
911,2186,Out-of-tolerance component batch,Quarantine affected batch and replace parts,Quality Assurance,2024-06-19,2024-07-09,Completed,True
912,2187,Out-of-tolerance component batch,Quarantine affected batch and replace parts,Supplier Quality,2024-06-19,2024-09-06,Completed,False
913,2188,Supplier process deviation,Issue supplier corrective action request (SCAR),Supplier Quality,2024-06-26,2024-09-15,Completed,False
914,2191,Insufficient process control,Introduce statistical process control on the line,Quality Assurance,2024-06-21,2024-07-13,Completed,True
915,2193,Supplier process deviation,Issue supplier corrective action request (SCAR),Supplier Quality,2024-06-26,2024-09-24,Completed,True
916,2195,Out-of-tolerance component batch,Quarantine affected batch and replace parts,Supplier Quality,2024-06-17,2024-08-26,Completed,True
917,2196,Supplier process deviation,Issue supplier corrective action request (SCAR),Supplier Quality,2024-06-26,2024-09-24,Completed,True
918,2197,Software logic flaw,Release a software update,Design Engineering,2024-06-22,2024-10-03,Completed,False
919,2198,Supplier material substitution,Audit the supplier and require approved materials,Supplier Quality,2024-06-22,2024-08-10,Completed,True
920,2201,Insufficient process control,Introduce statistical process control on the line,Quality Assurance,2024-06-24,2024-07-18,Completed,False
921,2205,Supplier process deviation,Issue supplier corrective action request (SCAR),Supplier Quality,2024-06-17,2024-07-29,Completed,False
922,2207,Inadequate supplier quality inspection,Tighten incoming inspection for supplier parts,Supplier Quality,2024-06-22,2024-08-21,Completed,True
923,2211,Supplier material substitution,Audit the supplier and require approved materials,Quality Assurance,2024-06-29,2024-08-28,Completed,False
924,2217,Missing or unclear work instruction,Rewrite work instructions with photos,Production,2024-06-20,2024-07-06,Completed,False
925,2220,Supplier material substitution,Audit the supplier and require approved materials,Supplier Quality,2024-06-23,2024-09-09,Completed,False
926,2221,Out-of-tolerance component batch,Quarantine affected batch and replace parts,Supplier Quality,2024-06-21,2024-08-27,Completed,False
927,2224,Assembly tool wear,Replace worn tools and add tool maintenance schedule,Production,2024-06-25,2024-08-15,Completed,False
928,2225,Out-of-tolerance component batch,Quarantine affected batch and replace parts,Supplier Quality,2024-06-28,2024-08-13,Completed,True
929,2227,Root cause not identified,Extended monitoring and data collection,Quality Assurance,2024-06-25,2024-08-09,Completed,False
930,2229,Material fatigue under load,Switch to a higher grade material,Quality Assurance,2024-06-24,2024-07-20,Completed,True
931,2231,Assembly tool wear,Replace worn tools and add tool maintenance schedule,Production,2024-07-01,2024-07-16,Completed,False
932,2233,Supplier material substitution,Audit the supplier and require approved materials,Supplier Quality,2024-06-26,2024-09-01,Completed,False
933,2237,Supplier material substitution,Audit the supplier and require approved materials,Supplier Quality,2024-06-28,2024-09-09,Completed,False
934,2238,Incorrect assembly sequence,Update work instructions and assembly sequence,Production,2024-06-30,2024-08-28,Completed,False
935,2239,Incorrect torque settings,Correct torque specification and add torque monitoring,Production,2024-06-30,2024-07-15,Completed,False
936,2241,Out-of-tolerance component batch,Quarantine affected batch and replace parts,Supplier Quality,2024-06-30,2024-08-11,Completed,False
937,2242,Out-of-tolerance component batch,Quarantine affected batch and replace parts,Supplier Quality,2024-06-27,2024-07-31,Completed,False
938,2244,Out-of-tolerance component batch,Quarantine affected batch and replace parts,Supplier Quality,2024-06-29,2024-09-01,Completed,False
939,2246,Out-of-tolerance component batch,Quarantine affected batch and replace parts,Supplier Quality,2024-06-29,2024-08-13,Completed,True
940,2247,Insufficient process control,Introduce statistical process control on the line,Quality Assurance,2024-06-29,2024-07-21,Completed,True
941,2248,Inadequate supplier quality inspection,Tighten incoming inspection for supplier parts,Supplier Quality,2024-06-28,2024-09-18,Completed,True
942,2249,Out-of-tolerance component batch,Quarantine affected batch and replace parts,Supplier Quality,2024-07-01,2024-08-19,Completed,True
943,2250,Missing or unclear work instruction,Rewrite work instructions with photos,Production,2024-06-29,2024-07-15,Completed,False
944,2252,Assembly tool wear,Replace worn tools and add tool maintenance schedule,Production,2024-07-03,2024-08-11,Completed,False
945,2256,Substandard raw material,Change material specification,Quality Assurance,2024-07-03,2024-07-26,Completed,False
946,2259,Material fatigue under load,Switch to a higher grade material,Quality Assurance,2024-07-02,2024-08-14,Completed,True
947,2263,Corrosion due to coating defect,Improve coating process and add corrosion test,Supplier Quality,2024-07-03,2024-09-28,Completed,True
948,2266,Missing or unclear work instruction,Rewrite work instructions with photos,Production,2024-07-03,2024-07-29,Completed,False
949,2267,Out-of-tolerance component batch,Quarantine affected batch and replace parts,Supplier Quality,2024-07-02,2024-08-28,Completed,True
950,2271,Incorrect assembly sequence,Update work instructions and assembly sequence,Production,2024-07-01,2024-08-28,Completed,False
951,2272,Inadequate supplier quality inspection,Tighten incoming inspection for supplier parts,Supplier Quality,2024-07-03,2024-08-17,Completed,True
952,2276,Out-of-tolerance component batch,Quarantine affected batch and replace parts,Supplier Quality,2024-07-05,2024-08-09,Completed,False
953,2277,Missed maintenance schedule,Send service reminders to customers,Quality Assurance,2024-07-02,2024-08-27,Completed,False
954,2282,Out-of-tolerance component batch,Quarantine affected batch and replace parts,Supplier Quality,2024-07-18,2024-08-28,Completed,False
955,2283,Supplier process deviation,Issue supplier corrective action request (SCAR),Supplier Quality,2024-07-05,2024-09-12,Completed,False
956,2284,Inadequate supplier quality inspection,Tighten incoming inspection for supplier parts,Supplier Quality,2024-07-06,2024-08-10,Completed,False
957,2285,Inadequate supplier quality inspection,Tighten incoming inspection for supplier parts,Supplier Quality,2024-07-07,2024-09-27,Completed,False
958,2286,Out-of-tolerance component batch,Quarantine affected batch and replace parts,Supplier Quality,2024-07-05,2024-09-11,Completed,False
959,2288,Heat treatment deviation,Require heat treatment certificates from supplier,Supplier Quality,2024-07-01,2024-09-10,Completed,True
960,2289,Supplier process deviation,Issue supplier corrective action request (SCAR),Supplier Quality,2024-07-08,2024-09-22,Completed,False
961,2291,Corrosion due to coating defect,Improve coating process and add corrosion test,Quality Assurance,2024-07-09,2024-08-05,Completed,False
962,2294,Out-of-tolerance component batch,Quarantine affected batch and replace parts,Supplier Quality,2024-07-09,2024-09-25,Completed,True
963,2295,Out-of-tolerance component batch,Quarantine affected batch and replace parts,Supplier Quality,2024-07-04,2024-08-23,Completed,False
964,2303,Inadequate supplier quality inspection,Tighten incoming inspection for supplier parts,Supplier Quality,2024-07-04,2024-09-04,Completed,False
965,2304,Operator training gap,Retrain operators and add in-line inspection,Production,2024-07-09,2024-08-19,Completed,False
966,2305,Software logic flaw,Release a software update,Design Engineering,2024-07-09,2024-10-02,Completed,False
967,2307,Supplier process deviation,Issue supplier corrective action request (SCAR),Supplier Quality,2024-07-07,2024-09-25,Completed,True
968,2308,Supplier process deviation,Issue supplier corrective action request (SCAR),Supplier Quality,2024-07-08,2024-08-10,Completed,False
969,2313,Missing or unclear work instruction,Rewrite work instructions with photos,Production,2024-07-07,2024-08-07,Completed,False
970,2320,Corrosion due to coating defect,Improve coating process and add corrosion test,Supplier Quality,2024-07-13,2024-08-20,Completed,True
971,2321,Missing or unclear work instruction,Rewrite work instructions with photos,Production,2024-07-08,2024-09-04,Completed,True
972,2324,Insufficient design margin,Raise design margin through an engineering change,Design Engineering,2024-07-07,2024-11-14,Completed,False
973,2326,Supplier process deviation,Issue supplier corrective action request (SCAR),Supplier Quality,2024-07-10,2024-09-16,Completed,True
974,2329,Insufficient design margin,Raise design margin through an engineering change,Design Engineering,2024-07-13,2024-12-08,Completed,False
975,2332,Supplier process deviation,Issue supplier corrective action request (SCAR),Supplier Quality,2024-07-16,2024-08-16,Completed,False
976,2337,Out-of-tolerance component batch,Quarantine affected batch and replace parts,Quality Assurance,2024-07-10,2024-09-06,Completed,False
977,2339,Supplier material substitution,Audit the supplier and require approved materials,Supplier Quality,2024-07-12,2024-08-25,Completed,True
978,2340,Heat treatment deviation,Require heat treatment certificates from supplier,Supplier Quality,2024-07-15,2024-09-27,Completed,False
979,2345,Substandard raw material,Change material specification,Supplier Quality,2024-07-18,2024-09-28,Completed,False
980,2350,Incorrect torque settings,Correct torque specification and add torque monitoring,Production,2024-07-16,2024-09-10,Completed,False
981,2352,Thermal design limitation,Redesign cooling and heat protection,Design Engineering,2024-07-14,2024-11-19,Completed,False
982,2357,Machine calibration drift,Recalibrate equipment and update process control plan,Production,2024-07-18,2024-08-12,Completed,False
983,2358,Supplier material substitution,Audit the supplier and require approved materials,Supplier Quality,2024-07-21,2024-09-02,Completed,False
984,2359,Supplier process deviation,Issue supplier corrective action request (SCAR),Supplier Quality,2024-07-18,2024-10-10,Completed,False
985,2368,Machine calibration drift,Recalibrate equipment and update process control plan,Production,2024-07-22,2024-08-27,Completed,False
986,2370,Supplier process deviation,Issue supplier corrective action request (SCAR),Supplier Quality,2024-07-19,2024-10-10,Completed,True
987,2375,Inadequate supplier quality inspection,Tighten incoming inspection for supplier parts,Supplier Quality,2024-07-20,2024-08-26,Completed,False
988,2377,Supplier process deviation,Issue supplier corrective action request (SCAR),Supplier Quality,2024-07-27,2024-09-17,Completed,True
989,2379,Operator training gap,Retrain operators and add in-line inspection,Production,2024-07-24,2024-08-11,Completed,False
990,2382,Substandard raw material,Change material specification,Quality Assurance,2024-07-30,2024-09-12,Completed,False
991,2383,Inadequate supplier quality inspection,Tighten incoming inspection for supplier parts,Supplier Quality,2024-07-26,2024-09-24,Completed,False
992,2385,Corrosion due to coating defect,Improve coating process and add corrosion test,Supplier Quality,2024-07-23,2024-08-29,Completed,False
993,2391,Supplier process deviation,Issue supplier corrective action request (SCAR),Supplier Quality,2024-07-25,2024-09-05,Completed,True
994,2394,Thermal design limitation,Redesign cooling and heat protection,Design Engineering,2024-07-25,2024-11-02,Completed,False
995,2402,Missing or unclear work instruction,Rewrite work instructions with photos,Production,2024-07-30,2024-09-27,Completed,True
996,2404,Insufficient process control,Introduce statistical process control on the line,Production,2024-08-01,2024-09-04,Completed,False
997,2410,Insufficient process control,Introduce statistical process control on the line,Production,2024-07-28,2024-09-18,Completed,False
998,2417,Inadequate supplier quality inspection,Tighten incoming inspection for supplier parts,Supplier Quality,2024-08-02,2024-09-18,Completed,True
999,2418,Supplier process deviation,Issue supplier corrective action request (SCAR),Quality Assurance,2024-08-02,2024-09-21,Completed,False
1000,2419,Supplier material substitution,Audit the supplier and require approved materials,Supplier Quality,2024-08-05,2024-11-02,Completed,False
1001,2423,Substandard raw material,Change material specification,Supplier Quality,2024-08-04,2024-09-26,Completed,True
1002,2427,Inadequate supplier quality inspection,Tighten incoming inspection for supplier parts,Supplier Quality,2024-08-04,2024-09-27,Completed,False
1003,2428,Out-of-tolerance component batch,Quarantine affected batch and replace parts,Supplier Quality,2024-08-09,2024-10-04,Completed,False
1004,2429,Root cause not identified,Extended monitoring and data collection,Quality Assurance,2024-08-06,2024-10-01,Completed,False
1005,2432,Material fatigue under load,Switch to a higher grade material,Supplier Quality,2024-08-04,2024-09-22,Completed,False
1006,2440,Supplier process deviation,Issue supplier corrective action request (SCAR),Supplier Quality,2024-08-08,2024-09-29,Completed,False
1007,2442,Operator training gap,Add poka-yoke check at the assembly station,Production,2024-08-11,2024-09-10,Completed,False
1008,2445,Inadequate supplier quality inspection,Tighten incoming inspection for supplier parts,Supplier Quality,2024-08-12,2024-11-10,Completed,False
1009,2447,Heat treatment deviation,Require heat treatment certificates from supplier,Quality Assurance,2024-08-09,2024-09-02,Completed,False
1010,2452,Thermal design limitation,Redesign cooling and heat protection,Design Engineering,2024-08-16,2024-10-15,Completed,True
1011,2453,Substandard raw material,Change material specification,Quality Assurance,2024-08-13,2024-09-17,Completed,False
1012,2456,Thermal design limitation,Redesign cooling and heat protection,Design Engineering,2024-08-13,2024-11-09,Completed,False
1013,2460,Incorrect torque settings,Correct torque specification and add torque monitoring,Production,2024-08-17,2024-10-11,Completed,False
1014,2461,Supplier process deviation,Issue supplier corrective action request (SCAR),Supplier Quality,2024-08-15,2024-10-20,Completed,True
1015,2463,Operator training gap,Retrain operators and add in-line inspection,Production,2024-08-14,2024-10-13,Completed,False
1016,2471,Inadequate supplier quality inspection,Tighten incoming inspection for supplier parts,Supplier Quality,2024-08-17,2024-11-02,Completed,False
1017,2480,Insufficient process control,Introduce statistical process control on the line,Production,2024-08-18,2024-10-10,Completed,False
1018,2482,Machine calibration drift,Recalibrate equipment and update process control plan,Quality Assurance,2024-08-17,2024-09-30,Completed,False
1019,2485,Heat treatment deviation,Require heat treatment certificates from supplier,Supplier Quality,2024-08-16,2024-11-06,Completed,False
1020,2486,Supplier process deviation,Issue supplier corrective action request (SCAR),Supplier Quality,2024-08-24,2024-11-03,Completed,True
1021,2488,Intermittent fault not reproducible,Collect field data and repeat diagnostics,Quality Assurance,2024-08-18,2024-09-30,Completed,True
1022,2493,Insufficient design margin,Raise design margin through an engineering change,Design Engineering,2024-08-20,2024-12-28,Completed,False
1023,2499,Inadequate supplier quality inspection,Tighten incoming inspection for supplier parts,Supplier Quality,2024-08-23,2024-10-24,Completed,True
1024,2503,Thermal design limitation,Redesign cooling and heat protection,Design Engineering,2024-08-22,2024-11-30,Completed,False
1025,2505,Operator training gap,Add poka-yoke check at the assembly station,Production,2024-08-22,2024-09-08,Completed,True
1026,2511,Supplier process deviation,Issue supplier corrective action request (SCAR),Supplier Quality,2024-08-23,2024-11-12,Completed,True
1027,2515,Corrosion due to coating defect,Improve coating process and add corrosion test,Supplier Quality,2024-08-28,2024-11-06,Completed,True
1028,2516,Inadequate supplier quality inspection,Tighten incoming inspection for supplier parts,Supplier Quality,2024-08-24,2024-11-09,Completed,False
1029,2519,Incorrect torque settings,Correct torque specification and add torque monitoring,Production,2024-08-27,2024-10-12,Completed,False
1030,2520,Supplier material substitution,Audit the supplier and require approved materials,Supplier Quality,2024-08-26,2024-11-08,Completed,False
1031,2529,Operator training gap,Add poka-yoke check at the assembly station,Production,2024-08-26,2024-09-10,Completed,False
1032,2534,Incorrect torque settings,Correct torque specification and add torque monitoring,Production,2024-08-30,2024-09-14,Completed,False
1033,2535,Supplier material substitution,Audit the supplier and require approved materials,Supplier Quality,2024-08-31,2024-11-25,Completed,False
1034,2536,Operator training gap,Add poka-yoke check at the assembly station,Production,2024-09-07,2024-10-13,Completed,False
1035,2538,Insufficient process control,Introduce statistical process control on the line,Production,2024-09-03,2024-10-02,Completed,False
1036,2539,Intermittent fault not reproducible,Collect field data and repeat diagnostics,Quality Assurance,2024-09-02,2024-10-29,Completed,False
1037,2540,Corrosion due to coating defect,Improve coating process and add corrosion test,Quality Assurance,2024-09-03,2024-10-02,Completed,False
1038,2543,Substandard raw material,Change material specification,Quality Assurance,2024-08-31,2024-10-11,Completed,False
1039,2546,Insufficient process control,Introduce statistical process control on the line,Production,2024-09-02,2024-10-07,Completed,False
1040,2548,Out-of-tolerance component batch,Quarantine affected batch and replace parts,Supplier Quality,2024-09-05,2024-11-09,Completed,True
1041,2549,Insufficient process control,Introduce statistical process control on the line,Production,2024-09-03,2024-09-23,Completed,True
1042,2554,Software logic flaw,Release a software update,Design Engineering,2024-09-10,2024-11-25,Completed,True
1043,2560,Inadequate supplier quality inspection,Tighten incoming inspection for supplier parts,Supplier Quality,2024-09-06,2024-11-17,Completed,False
1044,2561,Operator training gap,Retrain operators and add in-line inspection,Production,2024-09-04,2024-10-07,Completed,False
1045,2565,Thermal design limitation,Redesign cooling and heat protection,Quality Assurance,2024-09-08,2024-11-01,Completed,False
1046,2566,Intermittent fault not reproducible,Collect field data and repeat diagnostics,Quality Assurance,2024-09-14,2024-11-10,Completed,False
1047,2569,Thermal design limitation,Redesign cooling and heat protection,Design Engineering,2024-09-10,2025-01-29,Completed,False
1048,2571,Non-approved modification,Add warning about modifications to warranty terms,Customer Service,2024-09-12,2024-10-02,Completed,False
1049,2572,Tolerance stack-up in design,Revise tolerances in the design drawings,Design Engineering,2024-09-06,2024-11-18,Completed,False
1050,2575,Incorrect torque settings,Correct torque specification and add torque monitoring,Production,2024-09-14,2024-10-06,Completed,False
1051,2576,Intermittent fault not reproducible,Collect field data and repeat diagnostics,Quality Assurance,2024-09-12,2024-10-20,Completed,False
1052,2579,Inadequate supplier quality inspection,Tighten incoming inspection for supplier parts,Supplier Quality,2024-09-13,2024-11-05,Completed,False
1053,2580,Non-approved modification,Add warning about modifications to warranty terms,Quality Assurance,2024-09-12,2024-10-19,Completed,False
1054,2583,Operator training gap,Add poka-yoke check at the assembly station,Production,2024-09-10,2024-10-25,Completed,False
1055,2586,Insufficient design margin,Raise design margin through an engineering change,Design Engineering,2024-09-12,2025-01-22,Completed,False
1056,2589,Insufficient design margin,Raise design margin through an engineering change,Design Engineering,2024-09-14,2024-12-10,Completed,False
1057,2590,Missing or unclear work instruction,Rewrite work instructions with photos,Production,2024-09-11,2024-10-05,Completed,False
1058,2591,Thermal design limitation,Redesign cooling and heat protection,Design Engineering,2024-09-11,2024-12-16,Completed,False
1059,2599,Incorrect torque settings,Correct torque specification and add torque monitoring,Production,2024-09-16,2024-10-21,Completed,True
1060,2600,Out-of-tolerance component batch,Quarantine affected batch and replace parts,Supplier Quality,2024-09-10,2024-10-10,Completed,True
1061,2605,Supplier material substitution,Audit the supplier and require approved materials,Quality Assurance,2024-09-15,2024-11-09,Completed,False
1062,2606,Inadequate supplier quality inspection,Tighten incoming inspection for supplier parts,Supplier Quality,2024-09-16,2024-10-26,Completed,False
1063,2607,Supplier material substitution,Audit the supplier and require approved materials,Supplier Quality,2024-09-18,2024-11-29,Completed,False
1064,2610,Supplier process deviation,Issue supplier corrective action request (SCAR),Supplier Quality,2024-09-19,2024-12-06,Completed,True
1065,2615,Out-of-tolerance component batch,Quarantine affected batch and replace parts,Supplier Quality,2024-09-16,2024-11-05,Completed,False
1066,2617,Supplier process deviation,Issue supplier corrective action request (SCAR),Quality Assurance,2024-09-18,2024-10-19,Completed,False
1067,2624,Out-of-tolerance component batch,Quarantine affected batch and replace parts,Quality Assurance,2024-09-22,2024-10-28,Completed,False
1068,2625,Heat treatment deviation,Require heat treatment certificates from supplier,Quality Assurance,2024-09-19,2024-11-08,Completed,True
1069,2626,Insufficient design margin,Raise design margin through an engineering change,Design Engineering,2024-09-20,2024-12-26,Completed,False
1070,2627,Heat treatment deviation,Require heat treatment certificates from supplier,Supplier Quality,2024-09-19,2024-11-18,Completed,False
1071,2628,Insufficient design margin,Raise design margin through an engineering change,Design Engineering,2024-09-22,2025-02-03,Completed,False
1072,2629,Supplier process deviation,Issue supplier corrective action request (SCAR),Supplier Quality,2024-09-23,2024-10-30,Completed,False
1073,2633,Supplier material substitution,Audit the supplier and require approved materials,Quality Assurance,2024-09-23,2024-10-22,Completed,False
1074,2637,Thermal design limitation,Redesign cooling and heat protection,Design Engineering,2024-09-22,2024-12-16,Completed,False
1075,2638,Insufficient design margin,Raise design margin through an engineering change,Design Engineering,2024-09-20,2024-11-25,Completed,False
1076,2642,Operator training gap,Retrain operators and add in-line inspection,Production,2024-09-25,2024-11-21,Completed,False
1077,2644,Inadequate supplier quality inspection,Tighten incoming inspection for supplier parts,Supplier Quality,2024-09-24,2024-12-19,Completed,False
1078,2645,Heat treatment deviation,Require heat treatment certificates from supplier,Quality Assurance,2024-09-23,2024-11-08,Completed,False
1079,2646,Operator training gap,Retrain operators and add in-line inspection,Production,2024-09-23,2024-11-21,Completed,False
1080,2647,Inadequate supplier quality inspection,Tighten incoming inspection for supplier parts,Supplier Quality,2024-09-22,2024-11-20,Completed,False
1081,2649,Heat treatment deviation,Require heat treatment certificates from supplier,Supplier Quality,2024-09-27,2024-11-16,Completed,True
1082,2650,Operator training gap,Retrain operators and add in-line inspection,Production,2024-09-23,2024-11-06,Completed,False
1083,2651,Out-of-tolerance component batch,Quarantine affected batch and replace parts,Quality Assurance,2024-09-23,2024-10-22,Completed,False
1084,2657,Tolerance stack-up in design,Revise tolerances in the design drawings,Design Engineering,2024-09-25,2024-12-29,Completed,False
1085,2658,Machine calibration drift,Recalibrate equipment and update process control plan,Production,2024-09-26,2024-10-29,Completed,False
1086,2659,Material fatigue under load,Switch to a higher grade material,Supplier Quality,2024-09-27,2024-12-26,Completed,True
1087,2660,Corrosion due to coating defect,Improve coating process and add corrosion test,Quality Assurance,2024-09-25,2024-11-13,Completed,False
1088,2661,Supplier process deviation,Issue supplier corrective action request (SCAR),Supplier Quality,2024-09-23,2024-11-26,Completed,True
1089,2665,Supplier material substitution,Audit the supplier and require approved materials,Supplier Quality,2024-09-24,2024-10-26,Completed,False
1090,2668,Operator training gap,Add poka-yoke check at the assembly station,Production,2024-09-28,2024-10-25,Completed,True
1091,2672,Operator training gap,Retrain operators and add in-line inspection,Production,2024-09-28,2024-11-24,Completed,False
1092,2673,Out-of-tolerance component batch,Quarantine affected batch and replace parts,Quality Assurance,2024-10-01,2024-11-17,Completed,False
1093,2675,Corrosion due to coating defect,Improve coating process and add corrosion test,Supplier Quality,2024-09-28,2024-11-22,Completed,False
1094,2680,Root cause not identified,Extended monitoring and data collection,Quality Assurance,2024-10-04,2024-12-02,Completed,False
1095,2681,Out-of-tolerance component batch,Quarantine affected batch and replace parts,Supplier Quality,2024-09-30,2024-12-28,Completed,False
1096,2683,Supplier material substitution,Audit the supplier and require approved materials,Supplier Quality,2024-10-03,2024-12-05,Completed,True
1097,2690,Intermittent fault not reproducible,Collect field data and repeat diagnostics,Quality Assurance,2024-10-04,2024-11-19,Completed,False
1098,2693,Operator training gap,Add poka-yoke check at the assembly station,Production,2024-10-01,2024-10-31,Completed,False
1099,2699,Operator training gap,Retrain operators and add in-line inspection,Production,2024-09-30,2024-10-17,Completed,False
1100,2702,Machine calibration drift,Recalibrate equipment and update process control plan,Production,2024-10-10,2024-11-16,Completed,True
1101,2707,Operator training gap,Add poka-yoke check at the assembly station,Production,2024-10-02,2024-10-18,Completed,False
1102,2708,Inadequate supplier quality inspection,Tighten incoming inspection for supplier parts,Supplier Quality,2024-10-08,2024-11-08,Completed,False
1103,2709,Assembly tool wear,Replace worn tools and add tool maintenance schedule,Production,2024-10-02,2024-10-30,Completed,False
1104,2712,Insufficient process control,Introduce statistical process control on the line,Production,2024-10-05,2024-10-26,Completed,True
1105,2713,Machine calibration drift,Recalibrate equipment and update process control plan,Production,2024-10-07,2024-11-07,Completed,False
1106,2716,Incorrect assembly sequence,Update work instructions and assembly sequence,Production,2024-10-05,2024-11-02,Completed,False
1107,2717,Operator training gap,Retrain operators and add in-line inspection,Production,2024-10-05,2024-11-10,Completed,False
1108,2723,Heat treatment deviation,Require heat treatment certificates from supplier,Quality Assurance,2024-10-09,2024-11-03,Completed,False
1109,2726,Out-of-tolerance component batch,Quarantine affected batch and replace parts,Supplier Quality,2024-10-07,2024-11-09,Completed,False
1110,2730,Operator training gap,Retrain operators and add in-line inspection,Quality Assurance,2024-10-08,2024-10-28,Completed,False
1111,2732,Machine calibration drift,Recalibrate equipment and update process control plan,Quality Assurance,2024-10-12,2024-11-10,Completed,True
1112,2733,Heat treatment deviation,Require heat treatment certificates from supplier,Supplier Quality,2024-10-15,2024-12-05,Completed,False
1113,2734,Inadequate supplier quality inspection,Tighten incoming inspection for supplier parts,Quality Assurance,2024-10-16,2024-11-24,Completed,False
1114,2736,Corrosion due to coating defect,Improve coating process and add corrosion test,Supplier Quality,2024-10-09,2024-12-02,Completed,False
1115,2741,Root cause not identified,Extended monitoring and data collection,Quality Assurance,2024-10-10,2024-11-13,Completed,False
1116,2744,Improper use by customer,Update owner manual and customer communication,Customer Service,2024-10-12,2024-10-17,Completed,False
1117,2746,Missing or unclear work instruction,Rewrite work instructions with photos,Production,2024-10-16,2024-11-07,Completed,False
1118,2747,Machine calibration drift,Recalibrate equipment and update process control plan,Production,2024-10-13,2024-12-12,Completed,False
1119,2750,Operator training gap,Retrain operators and add in-line inspection,Production,2024-10-14,2024-12-07,Completed,False
1120,2751,Out-of-tolerance component batch,Quarantine affected batch and replace parts,Supplier Quality,2024-10-15,2024-12-08,Completed,True
1121,2753,Out-of-tolerance component batch,Quarantine affected batch and replace parts,Quality Assurance,2024-10-15,2024-11-05,Completed,False
1122,2754,Incorrect assembly sequence,Update work instructions and assembly sequence,Production,2024-10-15,2024-12-10,Completed,False
1123,2755,Inadequate supplier quality inspection,Tighten incoming inspection for supplier parts,Supplier Quality,2024-10-13,2024-12-11,Completed,False
1124,2757,Operator training gap,Retrain operators and add in-line inspection,Production,2024-10-20,2024-12-05,Completed,False
1125,2758,Incorrect torque settings,Correct torque specification and add torque monitoring,Quality Assurance,2024-10-18,2024-12-07,Completed,False
1126,2759,Supplier process deviation,Issue supplier corrective action request (SCAR),Supplier Quality,2024-10-13,2024-12-31,Completed,False
1127,2760,Heat treatment deviation,Require heat treatment certificates from supplier,Quality Assurance,2024-10-17,2024-11-07,Completed,False
1128,2763,Supplier process deviation,Issue supplier corrective action request (SCAR),Supplier Quality,2024-10-18,2024-12-19,Completed,False
1129,2766,Inadequate supplier quality inspection,Tighten incoming inspection for supplier parts,Supplier Quality,2024-10-21,2024-12-05,Completed,False
1130,2768,Material fatigue under load,Switch to a higher grade material,Supplier Quality,2024-10-15,2024-12-10,Completed,False
1131,2770,Out-of-tolerance component batch,Quarantine affected batch and replace parts,Supplier Quality,2024-10-22,2024-11-26,Completed,False
1132,2771,Material fatigue under load,Switch to a higher grade material,Quality Assurance,2024-10-13,2024-11-30,Completed,False
1133,2773,Insufficient design margin,Raise design margin through an engineering change,Quality Assurance,2024-10-15,2024-12-04,Completed,False
1134,2775,Intermittent fault not reproducible,Collect field data and repeat diagnostics,Quality Assurance,2024-10-18,2024-12-04,Completed,False
1135,2780,Insufficient process control,Introduce statistical process control on the line,Production,2024-10-19,2024-11-17,Completed,False
1136,2781,Assembly tool wear,Replace worn tools and add tool maintenance schedule,Production,2024-10-24,2024-12-04,Completed,False
1137,2782,Operator training gap,Add poka-yoke check at the assembly station,Quality Assurance,2024-10-21,2024-11-17,Completed,False
1138,2784,Corrosion due to coating defect,Improve coating process and add corrosion test,Quality Assurance,2024-10-23,2024-12-08,Completed,False
1139,2789,Supplier material substitution,Audit the supplier and require approved materials,Supplier Quality,2024-10-19,2024-11-24,Completed,False
1140,2792,Intermittent fault not reproducible,Collect field data and repeat diagnostics,Quality Assurance,2024-10-22,2024-11-13,Completed,False
1141,2793,Non-approved modification,Add warning about modifications to warranty terms,Customer Service,2024-10-24,2024-11-04,Completed,False
1142,2795,Corrosion due to coating defect,Improve coating process and add corrosion test,Supplier Quality,2024-10-29,2024-12-20,Completed,False
1143,2800,Operator training gap,Retrain operators and add in-line inspection,Production,2024-10-27,2024-11-21,Completed,False
1144,2803,Insufficient process control,Introduce statistical process control on the line,Production,2024-10-24,2024-12-07,Completed,False
1145,2810,Missing or unclear work instruction,Rewrite work instructions with photos,Production,2024-10-27,2024-12-03,Completed,False
1146,2815,Supplier material substitution,Audit the supplier and require approved materials,Supplier Quality,2024-10-28,2024-12-15,Completed,True
1147,2816,Intermittent fault not reproducible,Collect field data and repeat diagnostics,Quality Assurance,2024-11-02,2024-12-31,Completed,False
1148,2817,Inadequate supplier quality inspection,Tighten incoming inspection for supplier parts,Supplier Quality,2024-11-02,2025-01-13,Completed,False
1149,2819,Corrosion due to coating defect,Improve coating process and add corrosion test,Quality Assurance,2024-10-30,2024-12-07,Completed,False
1150,2821,Non-approved modification,Add warning about modifications to warranty terms,Customer Service,2024-10-29,2024-11-04,Completed,True
1151,2822,Out-of-tolerance component batch,Quarantine affected batch and replace parts,Supplier Quality,2024-10-28,2024-12-13,Completed,False
1152,2823,Machine calibration drift,Recalibrate equipment and update process control plan,Production,2024-10-30,2024-12-02,Completed,False
1153,2824,Machine calibration drift,Recalibrate equipment and update process control plan,Production,2024-10-27,2024-12-14,Completed,False
1154,2827,Tolerance stack-up in design,Revise tolerances in the design drawings,Quality Assurance,2024-11-05,2024-12-11,Completed,False
1155,2830,Supplier process deviation,Issue supplier corrective action request (SCAR),Supplier Quality,2024-11-01,2024-12-21,Completed,False
1156,2834,Corrosion due to coating defect,Improve coating process and add corrosion test,Supplier Quality,2024-11-01,2025-01-26,Completed,False
1157,2835,Insufficient design margin,Raise design margin through an engineering change,Design Engineering,2024-11-06,2025-02-20,Completed,False
1158,2836,Corrosion due to coating defect,Improve coating process and add corrosion test,Supplier Quality,2024-10-28,2024-11-30,Completed,True
1159,2838,Corrosion due to coating defect,Improve coating process and add corrosion test,Supplier Quality,2024-11-01,2024-12-15,Completed,False
1160,2840,Insufficient design margin,Raise design margin through an engineering change,Design Engineering,2024-10-31,2025-03-24,Completed,False
1161,2848,Heat treatment deviation,Require heat treatment certificates from supplier,Supplier Quality,2024-11-06,2024-12-24,Completed,False
1162,2854,Intermittent fault not reproducible,Collect field data and repeat diagnostics,Quality Assurance,2024-11-04,2024-12-19,Completed,True
1163,2856,Insufficient design margin,Raise design margin through an engineering change,Design Engineering,2024-11-03,2025-02-19,Completed,False
1164,2857,Out-of-tolerance component batch,Quarantine affected batch and replace parts,Supplier Quality,2024-11-05,2024-12-08,Completed,False
1165,2860,Material fatigue under load,Switch to a higher grade material,Supplier Quality,2024-11-06,2024-12-16,Completed,False
1166,2864,Operator training gap,Retrain operators and add in-line inspection,Production,2024-11-12,2024-12-05,Completed,False
1167,2865,Supplier process deviation,Issue supplier corrective action request (SCAR),Supplier Quality,2024-11-08,2025-02-01,Completed,True
1168,2866,Intermittent fault not reproducible,Collect field data and repeat diagnostics,Quality Assurance,2024-11-09,2024-11-29,Completed,False
1169,2869,Software logic flaw,Release a software update,Design Engineering,2024-11-08,2025-02-24,Completed,False
1170,2870,Incorrect torque settings,Correct torque specification and add torque monitoring,Production,2024-11-11,2024-11-27,Completed,False
1171,2879,Inadequate supplier quality inspection,Tighten incoming inspection for supplier parts,Supplier Quality,2024-11-10,2025-01-07,Completed,True
1172,2886,Substandard raw material,Change material specification,Supplier Quality,2024-11-15,2024-12-15,Completed,False
1173,2892,Supplier material substitution,Audit the supplier and require approved materials,Supplier Quality,2024-11-15,2024-12-25,Completed,False
1174,2893,Out-of-tolerance component batch,Quarantine affected batch and replace parts,Supplier Quality,2024-11-13,2025-01-20,Completed,False
1175,2894,Inadequate supplier quality inspection,Tighten incoming inspection for supplier parts,Supplier Quality,2024-11-14,2024-12-31,Completed,True
1176,2896,Machine calibration drift,Recalibrate equipment and update process control plan,Production,2024-11-17,2025-01-11,Completed,False
1177,2897,Inadequate supplier quality inspection,Tighten incoming inspection for supplier parts,Supplier Quality,2024-11-14,2025-01-20,Completed,False
1178,2898,Root cause not identified,Extended monitoring and data collection,Quality Assurance,2024-11-13,2024-12-13,Completed,False
1179,2900,Operator training gap,Retrain operators and add in-line inspection,Production,2024-11-13,2024-12-07,Completed,False
1180,2903,Inadequate supplier quality inspection,Tighten incoming inspection for supplier parts,Supplier Quality,2024-11-15,2025-01-01,Completed,False
1181,2907,Incorrect torque settings,Correct torque specification and add torque monitoring,Quality Assurance,2024-11-19,2024-12-26,Completed,False
1182,2908,Software logic flaw,Release a software update,Quality Assurance,2024-11-16,2025-01-04,Completed,True
1183,2910,Out-of-tolerance component batch,Quarantine affected batch and replace parts,Supplier Quality,2024-11-19,2025-02-01,Completed,False
1184,2917,Supplier process deviation,Issue supplier corrective action request (SCAR),Quality Assurance,2024-11-25,2025-01-21,Completed,True
1185,2918,Tolerance stack-up in design,Revise tolerances in the design drawings,Design Engineering,2024-11-21,2025-03-03,Completed,False
1186,2920,Supplier process deviation,Issue supplier corrective action request (SCAR),Supplier Quality,2024-11-23,2025-02-03,Completed,True
1187,2921,Incorrect assembly sequence,Update work instructions and assembly sequence,Production,2024-11-19,2024-12-15,Completed,False
1188,2923,Software logic flaw,Release a software update,Design Engineering,2024-11-19,2025-02-08,Completed,False
1189,2924,Insufficient design margin,Raise design margin through an engineering change,Design Engineering,2024-11-20,2025-02-17,Completed,False
1190,2925,Insufficient process control,Introduce statistical process control on the line,Production,2024-11-22,2024-12-20,Completed,False
1191,2929,Thermal design limitation,Redesign cooling and heat protection,Design Engineering,2024-11-21,2025-02-04,Completed,False
1192,2930,Inadequate supplier quality inspection,Tighten incoming inspection for supplier parts,Supplier Quality,2024-11-19,2025-02-07,Completed,False
1193,2933,Supplier process deviation,Issue supplier corrective action request (SCAR),Supplier Quality,2024-11-17,2025-01-13,Completed,False
1194,2934,Operator training gap,Retrain operators and add in-line inspection,Production,2024-11-25,2024-12-18,Completed,False
1195,2937,Insufficient design margin,Raise design margin through an engineering change,Design Engineering,2024-11-21,2025-04-20,Completed,False
1196,2940,Supplier process deviation,Issue supplier corrective action request (SCAR),Supplier Quality,2024-11-27,2025-01-18,Completed,False
1197,2942,Machine calibration drift,Recalibrate equipment and update process control plan,Production,2024-11-22,2024-12-11,Completed,False
1198,2944,Insufficient process control,Introduce statistical process control on the line,Quality Assurance,2024-11-25,2025-01-08,Completed,False
1199,2946,Heat treatment deviation,Require heat treatment certificates from supplier,Supplier Quality,2024-11-24,2025-02-06,Completed,True
1200,2947,Incorrect torque settings,Correct torque specification and add torque monitoring,Quality Assurance,2024-11-25,2024-12-26,Completed,False
1201,2948,Material fatigue under load,Switch to a higher grade material,Quality Assurance,2024-11-26,2024-12-20,Completed,True
1202,2950,Operator training gap,Add poka-yoke check at the assembly station,Production,2024-11-27,2025-01-09,Completed,False
1203,2951,Incorrect torque settings,Correct torque specification and add torque monitoring,Quality Assurance,2024-11-28,2024-12-31,Completed,False
1204,2955,Assembly tool wear,Replace worn tools and add tool maintenance schedule,Production,2024-12-01,2024-12-22,Completed,False
1205,2956,Supplier process deviation,Issue supplier corrective action request (SCAR),Quality Assurance,2024-11-26,2025-01-12,Completed,True
1206,2958,Heat treatment deviation,Require heat treatment certificates from supplier,Supplier Quality,2024-11-29,2024-12-29,Completed,False
1207,2962,Incorrect assembly sequence,Update work instructions and assembly sequence,Production,2024-11-26,2025-01-23,Completed,True
1208,2966,Incorrect torque settings,Correct torque specification and add torque monitoring,Production,2024-12-05,2025-01-01,Completed,False
1209,2968,Corrosion due to coating defect,Improve coating process and add corrosion test,Quality Assurance,2024-11-28,2024-12-29,Completed,False
1210,2972,Missing or unclear work instruction,Rewrite work instructions with photos,Production,2024-11-30,2025-01-08,Completed,False
1211,2974,Incorrect torque settings,Correct torque specification and add torque monitoring,Production,2024-12-04,2025-01-15,Completed,False
1212,2975,Out-of-tolerance component batch,Quarantine affected batch and replace parts,Quality Assurance,2024-12-07,2025-01-08,Completed,False
1213,2977,Out-of-tolerance component batch,Quarantine affected batch and replace parts,Supplier Quality,2024-11-29,2025-02-05,Completed,False
1214,2978,Substandard raw material,Change material specification,Supplier Quality,2024-11-28,2025-01-28,Completed,False
1215,2980,Inadequate supplier quality inspection,Tighten incoming inspection for supplier parts,Supplier Quality,2024-12-01,2025-01-12,Completed,True
1216,2983,Software logic flaw,Release a software update,Design Engineering,2024-12-03,2025-04-17,Completed,False
1217,2986,Insufficient design margin,Raise design margin through an engineering change,Design Engineering,2024-12-03,2025-04-15,Completed,False
1218,2988,Out-of-tolerance component batch,Quarantine affected batch and replace parts,Supplier Quality,2024-12-01,2025-02-07,Completed,False
1219,2989,Heat treatment deviation,Require heat treatment certificates from supplier,Supplier Quality,2024-12-04,2025-01-13,Completed,False
1220,2991,Incorrect assembly sequence,Update work instructions and assembly sequence,Production,2024-12-03,2025-01-20,Completed,True
1221,2996,Supplier process deviation,Issue supplier corrective action request (SCAR),Quality Assurance,2024-12-09,2025-01-06,Completed,False
1222,2998,Supplier material substitution,Audit the supplier and require approved materials,Quality Assurance,2024-12-02,2025-01-14,Completed,False
1223,3002,Corrosion due to coating defect,Improve coating process and add corrosion test,Quality Assurance,2024-12-07,2024-12-31,Completed,False
1224,3005,Heat treatment deviation,Require heat treatment certificates from supplier,Supplier Quality,2024-12-07,2025-02-11,Completed,False
1225,3010,Inadequate supplier quality inspection,Tighten incoming inspection for supplier parts,Supplier Quality,2024-12-08,2025-02-11,Completed,True
1226,3011,Assembly tool wear,Replace worn tools and add tool maintenance schedule,Production,2024-12-10,2025-02-07,Completed,False
1227,3020,Supplier process deviation,Issue supplier corrective action request (SCAR),Supplier Quality,2024-12-12,2025-01-14,Completed,True
1228,3021,Assembly tool wear,Replace worn tools and add tool maintenance schedule,Production,2024-12-15,2025-02-01,Completed,False
1229,3022,Out-of-tolerance component batch,Quarantine affected batch and replace parts,Supplier Quality,2024-12-08,2025-01-18,Completed,False
1230,3024,Supplier material substitution,Audit the supplier and require approved materials,Supplier Quality,2024-12-10,2025-02-01,Completed,False
1231,3026,Operator training gap,Add poka-yoke check at the assembly station,Production,2024-12-11,2025-01-01,Completed,False
1232,3028,Material fatigue under load,Switch to a higher grade material,Supplier Quality,2024-12-13,2025-02-05,Completed,True
1233,3029,Insufficient process control,Introduce statistical process control on the line,Production,2024-12-09,2024-12-29,Completed,False
1234,3030,Missed maintenance schedule,Send service reminders to customers,Customer Service,2024-12-19,2025-01-07,Completed,False
1235,3034,Supplier material substitution,Audit the supplier and require approved materials,Supplier Quality,2024-12-15,2025-02-19,Completed,False
1236,3035,Supplier material substitution,Audit the supplier and require approved materials,Supplier Quality,2024-12-13,2025-02-06,Completed,False
1237,3036,Insufficient process control,Introduce statistical process control on the line,Production,2024-12-17,2025-01-10,Completed,True
1238,3037,Inadequate supplier quality inspection,Tighten incoming inspection for supplier parts,Quality Assurance,2024-12-17,2025-02-03,Completed,False
1239,3039,Substandard raw material,Change material specification,Quality Assurance,2024-12-13,2025-02-05,Completed,False
1240,3042,Assembly tool wear,Replace worn tools and add tool maintenance schedule,Production,2024-12-11,2024-12-28,Completed,False
1241,3046,Supplier material substitution,Audit the supplier and require approved materials,Supplier Quality,2024-12-16,2025-02-24,Completed,False
1242,3055,Inadequate supplier quality inspection,Tighten incoming inspection for supplier parts,Supplier Quality,2024-12-18,2025-01-28,Completed,False
1243,3057,Inadequate supplier quality inspection,Tighten incoming inspection for supplier parts,Supplier Quality,2024-12-19,2025-02-01,Completed,False
1244,3061,Tolerance stack-up in design,Revise tolerances in the design drawings,Design Engineering,2024-12-17,2025-04-12,Completed,False
1245,3063,Operator training gap,Retrain operators and add in-line inspection,Production,2024-12-22,2025-01-23,Completed,False
1246,3065,Inadequate supplier quality inspection,Tighten incoming inspection for supplier parts,Supplier Quality,2024-12-17,2025-03-11,Completed,False
1247,3066,Corrosion due to coating defect,Improve coating process and add corrosion test,Supplier Quality,2024-12-21,2025-02-04,Completed,True
1248,3067,Supplier process deviation,Issue supplier corrective action request (SCAR),Supplier Quality,2024-12-23,2025-02-05,Completed,False
1249,3074,Machine calibration drift,Recalibrate equipment and update process control plan,Quality Assurance,2024-12-23,2025-02-08,Completed,True
1250,3076,Operator training gap,Retrain operators and add in-line inspection,Production,2024-12-18,2025-01-14,Completed,False
1251,3084,Incorrect torque settings,Correct torque specification and add torque monitoring,Production,2024-12-22,2025-02-11,Completed,False
1252,3085,Software logic flaw,Release a software update,Design Engineering,2024-12-24,2025-03-25,Completed,False
1253,3091,Operator training gap,Retrain operators and add in-line inspection,Production,2024-12-28,2025-02-20,Completed,False
1254,3092,Substandard raw material,Change material specification,Quality Assurance,2024-12-23,2025-02-07,Completed,False
1255,3093,Out-of-tolerance component batch,Quarantine affected batch and replace parts,Quality Assurance,2024-12-25,2025-01-20,Completed,False
1256,3095,Inadequate supplier quality inspection,Tighten incoming inspection for supplier parts,Supplier Quality,2024-12-22,2025-02-06,Completed,False
1257,3096,Incorrect assembly sequence,Update work instructions and assembly sequence,Production,2024-12-27,2025-01-28,Completed,False
1258,3099,Out-of-tolerance component batch,Quarantine affected batch and replace parts,Quality Assurance,2024-12-27,2025-02-03,Completed,False
1259,3102,Missing or unclear work instruction,Rewrite work instructions with photos,Production,2024-12-27,2025-01-31,Completed,False
1260,3103,Supplier process deviation,Issue supplier corrective action request (SCAR),Supplier Quality,2024-12-28,2025-02-08,Completed,False
1261,3104,Machine calibration drift,Recalibrate equipment and update process control plan,Quality Assurance,2024-12-27,2025-01-18,Completed,False
1262,3106,Incorrect torque settings,Correct torque specification and add torque monitoring,Production,2024-12-30,2025-01-23,Completed,False
1263,3108,Heat treatment deviation,Require heat treatment certificates from supplier,Supplier Quality,2024-12-29,2025-03-06,Completed,False
1264,3109,Operator training gap,Retrain operators and add in-line inspection,Production,2024-12-27,2025-01-19,Completed,False
1265,3113,Inadequate supplier quality inspection,Tighten incoming inspection for supplier parts,Quality Assurance,2024-12-30,2025-02-03,Completed,True
1266,3115,Machine calibration drift,Recalibrate equipment and update process control plan,Production,2024-12-28,2025-02-08,Completed,False
1267,3116,Out-of-tolerance component batch,Quarantine affected batch and replace parts,Supplier Quality,2024-12-27,2025-02-10,Completed,False
1268,3117,Supplier material substitution,Audit the supplier and require approved materials,Supplier Quality,2025-01-05,2025-03-23,Completed,False
1269,3118,Substandard raw material,Change material specification,Supplier Quality,2025-01-07,2025-03-11,Completed,False
1270,3120,Tolerance stack-up in design,Revise tolerances in the design drawings,Design Engineering,2025-01-02,2025-04-01,Completed,False
1271,3121,Tolerance stack-up in design,Revise tolerances in the design drawings,Design Engineering,2024-12-31,2025-03-19,Completed,False
1272,3122,Material fatigue under load,Switch to a higher grade material,Supplier Quality,2024-12-28,2025-02-19,Completed,False
1273,3128,Supplier process deviation,Issue supplier corrective action request (SCAR),Supplier Quality,2024-12-31,2025-02-19,Completed,True
1274,3130,Missed maintenance schedule,Send service reminders to customers,Customer Service,2025-01-01,2025-01-12,Completed,False
1275,3143,Machine calibration drift,Recalibrate equipment and update process control plan,Production,2025-01-01,2025-02-10,Completed,False
1276,3148,Assembly tool wear,Replace worn tools and add tool maintenance schedule,Production,2025-01-04,2025-02-19,Completed,True
1277,3150,Inadequate supplier quality inspection,Tighten incoming inspection for supplier parts,Supplier Quality,2025-01-03,2025-03-15,Completed,False
1278,3151,Supplier material substitution,Audit the supplier and require approved materials,Quality Assurance,2025-01-04,2025-02-05,Completed,False
1279,3152,Assembly tool wear,Replace worn tools and add tool maintenance schedule,Production,2025-01-06,2025-01-30,Completed,False
1280,3153,Inadequate supplier quality inspection,Tighten incoming inspection for supplier parts,Quality Assurance,2025-01-02,2025-02-03,Completed,False
1281,3154,Operator training gap,Add poka-yoke check at the assembly station,Production,2025-01-03,2025-02-12,Completed,False
1282,3156,Out-of-tolerance component batch,Quarantine affected batch and replace parts,Supplier Quality,2025-01-06,2025-03-08,Completed,False
1283,3159,Insufficient process control,Introduce statistical process control on the line,Production,2025-01-03,2025-02-14,Completed,True
1284,3161,Operator training gap,Retrain operators and add in-line inspection,Production,2025-01-04,2025-03-05,Completed,True
1285,3164,Incorrect torque settings,Correct torque specification and add torque monitoring,Quality Assurance,2025-01-04,2025-02-11,Completed,False
1286,3165,Out-of-tolerance component batch,Quarantine affected batch and replace parts,Supplier Quality,2025-01-05,2025-03-17,Completed,True
1287,3168,Supplier material substitution,Audit the supplier and require approved materials,Supplier Quality,2025-01-06,2025-02-07,Completed,False
1288,3169,Material fatigue under load,Switch to a higher grade material,Supplier Quality,2025-01-08,2025-03-16,Completed,False
1289,3171,Machine calibration drift,Recalibrate equipment and update process control plan,Quality Assurance,2025-01-03,2025-02-07,Completed,False
1290,3172,Supplier process deviation,Issue supplier corrective action request (SCAR),Quality Assurance,2025-01-10,2025-03-01,Completed,False
1291,3176,Improper use by customer,Update owner manual and customer communication,Customer Service,2025-01-10,2025-01-21,Completed,True
1292,3177,Out-of-tolerance component batch,Quarantine affected batch and replace parts,Quality Assurance,2025-01-08,2025-02-13,Completed,False
1293,3181,Software logic flaw,Release a software update,Design Engineering,2025-01-08,2025-04-14,Completed,False
1294,3185,Inadequate supplier quality inspection,Tighten incoming inspection for supplier parts,Supplier Quality,2025-01-13,2025-03-04,Completed,False
1295,3187,Insufficient process control,Introduce statistical process control on the line,Production,2025-01-11,2025-01-27,Completed,True
1296,3189,Out-of-tolerance component batch,Quarantine affected batch and replace parts,Supplier Quality,2025-01-12,2025-03-19,Completed,False
1297,3191,Supplier material substitution,Audit the supplier and require approved materials,Supplier Quality,2025-01-09,2025-02-21,Completed,False
1298,3193,Supplier material substitution,Audit the supplier and require approved materials,Supplier Quality,2025-01-12,2025-03-05,Completed,False
1299,3196,Heat treatment deviation,Require heat treatment certificates from supplier,Supplier Quality,2025-01-18,2025-04-02,Completed,False
1300,3198,Insufficient process control,Introduce statistical process control on the line,Production,2025-01-14,2025-02-01,Completed,False
1301,3204,Inadequate supplier quality inspection,Tighten incoming inspection for supplier parts,Supplier Quality,2025-01-15,2025-02-14,Completed,False
1302,3205,Insufficient process control,Introduce statistical process control on the line,Production,2025-01-12,2025-03-12,Completed,True
1303,3206,Machine calibration drift,Recalibrate equipment and update process control plan,Quality Assurance,2025-01-21,2025-03-03,Completed,False
1304,3208,Material fatigue under load,Switch to a higher grade material,Supplier Quality,2025-01-18,2025-03-25,Completed,False
1305,3209,Out-of-tolerance component batch,Quarantine affected batch and replace parts,Supplier Quality,2025-01-16,2025-03-13,Completed,False
1306,3213,Heat treatment deviation,Require heat treatment certificates from supplier,Supplier Quality,2025-01-17,2025-03-04,Completed,False
1307,3217,Software logic flaw,Release a software update,Design Engineering,2025-01-18,2025-04-13,Completed,False
1308,3221,Heat treatment deviation,Require heat treatment certificates from supplier,Quality Assurance,2025-01-20,2025-02-11,Completed,True
1309,3222,Missing or unclear work instruction,Rewrite work instructions with photos,Production,2025-01-19,2025-03-10,Completed,False
1310,3224,Operator training gap,Retrain operators and add in-line inspection,Production,2025-01-23,2025-03-10,Completed,False
1311,3227,Insufficient process control,Introduce statistical process control on the line,Production,2025-01-21,2025-02-24,Completed,True
1312,3228,Operator training gap,Retrain operators and add in-line inspection,Production,2025-01-16,2025-03-14,Completed,False
1313,3236,Operator training gap,Retrain operators and add in-line inspection,Production,2025-01-26,2025-02-27,Completed,False
1314,3237,Material fatigue under load,Switch to a higher grade material,Supplier Quality,2025-01-20,2025-03-05,Completed,False
1315,3238,Inadequate supplier quality inspection,Tighten incoming inspection for supplier parts,Supplier Quality,2025-01-19,2025-04-15,Completed,False
1316,3242,Inadequate supplier quality inspection,Tighten incoming inspection for supplier parts,Supplier Quality,2025-01-22,2025-02-24,Completed,True
1317,3243,Supplier material substitution,Audit the supplier and require approved materials,Quality Assurance,2025-01-23,2025-03-19,Completed,False
1318,3245,Insufficient process control,Introduce statistical process control on the line,Production,2025-01-27,2025-03-07,Completed,False
1319,3249,Insufficient process control,Introduce statistical process control on the line,Production,2025-01-24,2025-03-12,Completed,True
1320,3251,Inadequate supplier quality inspection,Tighten incoming inspection for supplier parts,Supplier Quality,2025-01-25,2025-03-10,Completed,False
1321,3252,Inadequate supplier quality inspection,Tighten incoming inspection for supplier parts,Supplier Quality,2025-01-23,2025-03-09,Completed,True
1322,3253,Inadequate supplier quality inspection,Tighten incoming inspection for supplier parts,Supplier Quality,2025-01-28,2025-03-22,Completed,False
1323,3255,Thermal design limitation,Redesign cooling and heat protection,Design Engineering,2025-01-26,2025-04-01,Completed,False
1324,3266,Material fatigue under load,Switch to a higher grade material,Supplier Quality,2025-02-01,2025-04-23,Completed,True
1325,3267,Missing or unclear work instruction,Rewrite work instructions with photos,Production,2025-01-29,2025-03-24,Completed,False
1326,3270,Corrosion due to coating defect,Improve coating process and add corrosion test,Quality Assurance,2025-01-28,2025-02-27,Completed,False
1327,3271,Supplier material substitution,Audit the supplier and require approved materials,Supplier Quality,2025-02-04,2025-03-12,Completed,False
1328,3272,Supplier material substitution,Audit the supplier and require approved materials,Quality Assurance,2025-01-28,2025-03-03,Completed,False
1329,3273,Supplier material substitution,Audit the supplier and require approved materials,Supplier Quality,2025-02-01,2025-03-05,Completed,False
1330,3276,Insufficient process control,Introduce statistical process control on the line,Production,2025-02-01,2025-02-20,Completed,False
1331,3277,Tolerance stack-up in design,Revise tolerances in the design drawings,Quality Assurance,2025-01-30,2025-03-24,Completed,False
1332,3278,Root cause not identified,Extended monitoring and data collection,Quality Assurance,2025-02-03,2025-03-14,Completed,True
1333,3281,Insufficient process control,Introduce statistical process control on the line,Production,2025-02-02,2025-02-19,Completed,False
1334,3283,Assembly tool wear,Replace worn tools and add tool maintenance schedule,Production,2025-02-04,2025-03-29,Completed,False
1335,3287,Root cause not identified,Extended monitoring and data collection,Quality Assurance,2025-02-02,2025-03-28,Completed,False
1336,3290,Supplier process deviation,Issue supplier corrective action request (SCAR),Supplier Quality,2025-01-29,2025-03-01,Completed,True
1337,3292,Inadequate supplier quality inspection,Tighten incoming inspection for supplier parts,Quality Assurance,2025-02-05,2025-03-24,Completed,False
1338,3295,Insufficient design margin,Raise design margin through an engineering change,Design Engineering,2025-02-05,2025-05-02,Completed,False
1339,3299,Software logic flaw,Release a software update,Design Engineering,2025-01-31,2025-06-20,Completed,False
1340,3301,Supplier material substitution,Audit the supplier and require approved materials,Supplier Quality,2025-02-05,2025-04-17,Completed,False
1341,3303,Supplier process deviation,Issue supplier corrective action request (SCAR),Supplier Quality,2025-02-08,2025-03-23,Completed,True
1342,3304,Supplier process deviation,Issue supplier corrective action request (SCAR),Quality Assurance,2025-02-11,2025-03-09,Completed,False
1343,3311,Supplier process deviation,Issue supplier corrective action request (SCAR),Supplier Quality,2025-02-07,2025-04-24,Completed,True
1344,3312,Supplier material substitution,Audit the supplier and require approved materials,Supplier Quality,2025-02-06,2025-04-19,Completed,False
1345,3314,Incorrect torque settings,Correct torque specification and add torque monitoring,Production,2025-02-07,2025-04-01,Completed,False
1346,3318,Insufficient process control,Introduce statistical process control on the line,Quality Assurance,2025-02-11,2025-04-10,Completed,False
1347,3320,Supplier process deviation,Issue supplier corrective action request (SCAR),Supplier Quality,2025-02-04,2025-03-13,Completed,False
1348,3323,Operator training gap,Add poka-yoke check at the assembly station,Production,2025-02-12,2025-03-04,Completed,False
1349,3328,Software logic flaw,Release a software update,Design Engineering,2025-02-07,2025-04-23,Completed,False
1350,3332,Inadequate supplier quality inspection,Tighten incoming inspection for supplier parts,Quality Assurance,2025-02-09,2025-03-21,Completed,True
1351,3336,Machine calibration drift,Recalibrate equipment and update process control plan,Production,2025-02-16,2025-03-26,Completed,False
1352,3337,Supplier process deviation,Issue supplier corrective action request (SCAR),Quality Assurance,2025-02-13,2025-04-14,Completed,False
1353,3338,Inadequate supplier quality inspection,Tighten incoming inspection for supplier parts,Supplier Quality,2025-02-10,2025-04-11,Completed,False
1354,3341,Heat treatment deviation,Require heat treatment certificates from supplier,Supplier Quality,2025-02-12,2025-04-13,Completed,False
1355,3343,Inadequate supplier quality inspection,Tighten incoming inspection for supplier parts,Quality Assurance,2025-02-17,2025-03-11,Completed,False
1356,3349,Supplier process deviation,Issue supplier corrective action request (SCAR),Supplier Quality,2025-02-10,2025-04-20,Completed,True
1357,3354,Inadequate supplier quality inspection,Tighten incoming inspection for supplier parts,Supplier Quality,2025-02-13,2025-05-10,Completed,False
1358,3355,Insufficient process control,Introduce statistical process control on the line,Production,2025-02-20,2025-04-11,Completed,False
1359,3359,Corrosion due to coating defect,Improve coating process and add corrosion test,Supplier Quality,2025-02-13,2025-05-11,Completed,False
1360,3363,Missing or unclear work instruction,Rewrite work instructions with photos,Production,2025-02-19,2025-03-20,Completed,True
1361,3370,Operator training gap,Add poka-yoke check at the assembly station,Production,2025-02-18,2025-04-16,Completed,False
1362,3372,Out-of-tolerance component batch,Quarantine affected batch and replace parts,Supplier Quality,2025-02-20,2025-04-30,Completed,False
1363,3374,Corrosion due to coating defect,Improve coating process and add corrosion test,Quality Assurance,2025-02-19,2025-03-28,Completed,False
1364,3376,Operator training gap,Retrain operators and add in-line inspection,Production,2025-02-21,2025-03-30,Completed,False
1365,3377,Out-of-tolerance component batch,Quarantine affected batch and replace parts,Supplier Quality,2025-02-21,2025-04-30,Completed,False
1366,3378,Incorrect torque settings,Correct torque specification and add torque monitoring,Production,2025-02-19,2025-04-14,Completed,False
1367,3379,Supplier process deviation,Issue supplier corrective action request (SCAR),Supplier Quality,2025-02-20,2025-04-07,Completed,False
1368,3385,Missing or unclear work instruction,Rewrite work instructions with photos,Production,2025-02-16,2025-03-20,Completed,True
1369,3390,Inadequate supplier quality inspection,Tighten incoming inspection for supplier parts,Quality Assurance,2025-02-18,2025-04-12,Completed,False
1370,3394,Insufficient design margin,Raise design margin through an engineering change,Design Engineering,2025-02-22,2025-05-06,Completed,False
1371,3396,Heat treatment deviation,Require heat treatment certificates from supplier,Quality Assurance,2025-02-16,2025-03-31,Completed,False
1372,3397,Assembly tool wear,Replace worn tools and add tool maintenance schedule,Production,2025-02-19,2025-03-14,Completed,False
1373,3399,Thermal design limitation,Redesign cooling and heat protection,Design Engineering,2025-02-24,2025-05-03,Completed,False
1374,3400,Inadequate supplier quality inspection,Tighten incoming inspection for supplier parts,Quality Assurance,2025-02-19,2025-03-24,Completed,False
1375,3406,Supplier process deviation,Issue supplier corrective action request (SCAR),Supplier Quality,2025-02-20,2025-04-18,Completed,False
1376,3412,Non-approved modification,Add warning about modifications to warranty terms,Customer Service,2025-02-21,2025-03-07,Completed,True
1377,3415,Supplier material substitution,Audit the supplier and require approved materials,Supplier Quality,2025-02-26,2025-04-19,Completed,False
1378,3418,Non-approved modification,Add warning about modifications to warranty terms,Customer Service,2025-03-02,2025-03-12,Completed,False
1379,3421,Incorrect torque settings,Correct torque specification and add torque monitoring,Production,2025-02-28,2025-04-01,Completed,False
1380,3424,Substandard raw material,Change material specification,Quality Assurance,2025-02-27,2025-04-23,Completed,True
1381,3425,Heat treatment deviation,Require heat treatment certificates from supplier,Quality Assurance,2025-02-25,2025-03-28,Completed,False
1382,3431,Root cause not identified,Extended monitoring and data collection,Quality Assurance,2025-03-03,2025-05-01,Completed,False
1383,3432,Operator training gap,Retrain operators and add in-line inspection,Production,2025-02-27,2025-04-23,Completed,False
1384,3433,Material fatigue under load,Switch to a higher grade material,Supplier Quality,2025-02-28,2025-05-23,Completed,True
1385,3434,Material fatigue under load,Switch to a higher grade material,Quality Assurance,2025-02-24,2025-03-16,Completed,True
1386,3435,Tolerance stack-up in design,Revise tolerances in the design drawings,Design Engineering,2025-03-01,2025-06-09,Completed,False
1387,3439,Inadequate supplier quality inspection,Tighten incoming inspection for supplier parts,Supplier Quality,2025-03-07,2025-04-21,Completed,False
1388,3442,Out-of-tolerance component batch,Quarantine affected batch and replace parts,Supplier Quality,2025-03-01,2025-05-19,Completed,False
1389,3444,Root cause not identified,Extended monitoring and data collection,Quality Assurance,2025-03-02,2025-04-12,Completed,False
1390,3445,Missed maintenance schedule,Send service reminders to customers,Customer Service,2025-02-26,2025-03-10,Completed,False
1391,3446,Supplier material substitution,Audit the supplier and require approved materials,Supplier Quality,2025-02-28,2025-05-28,Completed,False
1392,3448,Assembly tool wear,Replace worn tools and add tool maintenance schedule,Production,2025-03-03,2025-04-28,Completed,True
1393,3452,Incorrect torque settings,Correct torque specification and add torque monitoring,Quality Assurance,2025-02-28,2025-03-29,Completed,False
1394,3460,Inadequate supplier quality inspection,Tighten incoming inspection for supplier parts,Supplier Quality,2025-03-06,2025-04-18,Completed,True
1395,3463,Machine calibration drift,Recalibrate equipment and update process control plan,Production,2025-03-02,2025-04-03,Completed,False
1396,3464,Inadequate supplier quality inspection,Tighten incoming inspection for supplier parts,Supplier Quality,2025-03-02,2025-04-08,Completed,True
1397,3466,Supplier material substitution,Audit the supplier and require approved materials,Supplier Quality,2025-03-04,2025-05-05,Completed,False
1398,3467,Machine calibration drift,Recalibrate equipment and update process control plan,Quality Assurance,2025-03-04,2025-04-14,Completed,True
1399,3468,Inadequate supplier quality inspection,Tighten incoming inspection for supplier parts,Supplier Quality,2025-03-06,2025-04-20,Completed,False
1400,3469,Operator training gap,Add poka-yoke check at the assembly station,Quality Assurance,2025-03-05,2025-04-07,Completed,True
1401,3471,Inadequate supplier quality inspection,Tighten incoming inspection for supplier parts,Quality Assurance,2025-03-09,2025-04-03,Completed,False
1402,3474,Insufficient process control,Introduce statistical process control on the line,Production,2025-03-11,2025-05-07,Completed,False
1403,3477,Supplier material substitution,Audit the supplier and require approved materials,Supplier Quality,2025-03-06,2025-04-05,Completed,True
1404,3480,Missing or unclear work instruction,Rewrite work instructions with photos,Production,2025-03-05,2025-04-22,Completed,False
1405,3490,Supplier process deviation,Issue supplier corrective action request (SCAR),Supplier Quality,2025-03-08,2025-04-30,Completed,False
1406,3491,Incorrect torque settings,Correct torque specification and add torque monitoring,Production,2025-03-10,2025-03-31,Completed,False
1407,3492,Operator training gap,Retrain operators and add in-line inspection,Quality Assurance,2025-03-07,2025-04-24,Completed,False
1408,3493,Incorrect assembly sequence,Update work instructions and assembly sequence,Production,2025-03-12,2025-04-23,Completed,False
1409,3495,Supplier process deviation,Issue supplier corrective action request (SCAR),Supplier Quality,2025-03-11,2025-05-23,Completed,True
1410,3496,Insufficient process control,Introduce statistical process control on the line,Quality Assurance,2025-03-10,2025-04-17,Completed,True
1411,3497,Insufficient process control,Introduce statistical process control on the line,Production,2025-03-08,2025-03-28,Completed,False
1412,3498,Inadequate supplier quality inspection,Tighten incoming inspection for supplier parts,Supplier Quality,2025-03-08,2025-05-06,Completed,False
1413,3502,Thermal design limitation,Redesign cooling and heat protection,Design Engineering,2025-03-12,2025-08-07,Completed,False
1414,3503,Assembly tool wear,Replace worn tools and add tool maintenance schedule,Production,2025-03-09,2025-03-26,Completed,False
1415,3505,Out-of-tolerance component batch,Quarantine affected batch and replace parts,Supplier Quality,2025-03-13,2025-05-27,Completed,True
1416,3510,Supplier material substitution,Audit the supplier and require approved materials,Quality Assurance,2025-03-11,2025-05-09,Completed,False
1417,3511,Supplier material substitution,Audit the supplier and require approved materials,Supplier Quality,2025-03-19,2025-06-04,Completed,False
1418,3514,Substandard raw material,Change material specification,Quality Assurance,2025-03-16,2025-05-05,Completed,True
1419,3518,Substandard raw material,Change material specification,Quality Assurance,2025-03-16,2025-04-07,Completed,False
1420,3520,Out-of-tolerance component batch,Quarantine affected batch and replace parts,Supplier Quality,2025-03-17,2025-04-18,Completed,False
1421,3523,Heat treatment deviation,Require heat treatment certificates from supplier,Supplier Quality,2025-03-13,2025-05-24,Completed,False
1422,3524,Improper use by customer,Update owner manual and customer communication,Customer Service,2025-03-18,2025-04-04,Completed,True
1423,3525,Tolerance stack-up in design,Revise tolerances in the design drawings,Design Engineering,2025-03-17,2025-07-16,Completed,False
1424,3527,Assembly tool wear,Replace worn tools and add tool maintenance schedule,Production,2025-03-15,2025-04-27,Completed,False
1425,3528,Insufficient process control,Introduce statistical process control on the line,Production,2025-03-19,2025-04-09,Completed,False
1426,3529,Supplier material substitution,Audit the supplier and require approved materials,Supplier Quality,2025-03-17,2025-04-18,Completed,False
1427,3532,Inadequate supplier quality inspection,Tighten incoming inspection for supplier parts,Supplier Quality,2025-03-20,2025-05-01,Completed,True
1428,3536,Incorrect torque settings,Correct torque specification and add torque monitoring,Production,2025-03-24,2025-04-26,Completed,False
1429,3545,Supplier process deviation,Issue supplier corrective action request (SCAR),Quality Assurance,2025-03-16,2025-04-13,Completed,False
1430,3547,Insufficient process control,Introduce statistical process control on the line,Production,2025-03-16,2025-05-06,Completed,False
1431,3550,Supplier process deviation,Issue supplier corrective action request (SCAR),Supplier Quality,2025-03-22,2025-06-19,Completed,True
1432,3556,Software logic flaw,Release a software update,Design Engineering,2025-03-19,2025-06-02,Completed,False
1433,3557,Operator training gap,Add poka-yoke check at the assembly station,Production,2025-03-23,2025-05-01,Completed,False
1434,3558,Material fatigue under load,Switch to a higher grade material,Quality Assurance,2025-03-22,2025-05-07,Completed,False
1435,3561,Operator training gap,Add poka-yoke check at the assembly station,Production,2025-03-22,2025-04-16,Completed,False
1436,3562,Substandard raw material,Change material specification,Supplier Quality,2025-03-26,2025-05-19,Completed,True
1437,3563,Assembly tool wear,Replace worn tools and add tool maintenance schedule,Production,2025-03-25,2025-05-16,Completed,True
1438,3572,Assembly tool wear,Replace worn tools and add tool maintenance schedule,Production,2025-03-23,2025-05-04,Completed,False
1439,3573,Supplier material substitution,Audit the supplier and require approved materials,Quality Assurance,2025-03-27,2025-04-20,Completed,False
1440,3578,Heat treatment deviation,Require heat treatment certificates from supplier,Supplier Quality,2025-03-30,2025-05-31,Completed,False
1441,3579,Out-of-tolerance component batch,Quarantine affected batch and replace parts,Quality Assurance,2025-03-31,2025-05-06,Completed,True
1442,3580,Inadequate supplier quality inspection,Tighten incoming inspection for supplier parts,Supplier Quality,2025-03-30,2025-06-25,Completed,True
1443,3581,Inadequate supplier quality inspection,Tighten incoming inspection for supplier parts,Supplier Quality,2025-03-26,2025-05-24,Completed,False
1444,3587,Machine calibration drift,Recalibrate equipment and update process control plan,Production,2025-04-01,2025-04-29,Completed,False
1445,3589,Supplier material substitution,Audit the supplier and require approved materials,Supplier Quality,2025-03-30,2025-05-28,Completed,False
1446,3590,Substandard raw material,Change material specification,Supplier Quality,2025-03-28,2025-05-27,Completed,True
1447,3594,Thermal design limitation,Redesign cooling and heat protection,Design Engineering,2025-04-03,2025-06-10,Completed,False
1448,3595,Out-of-tolerance component batch,Quarantine affected batch and replace parts,Supplier Quality,2025-03-28,2025-05-12,Completed,False
1449,3597,Operator training gap,Add poka-yoke check at the assembly station,Quality Assurance,2025-03-28,2025-05-07,Completed,True
1450,3600,Operator training gap,Add poka-yoke check at the assembly station,Production,2025-04-03,2025-04-30,Completed,False
1451,3602,Material fatigue under load,Switch to a higher grade material,Quality Assurance,2025-04-02,2025-05-21,Completed,False
1452,3603,Out-of-tolerance component batch,Quarantine affected batch and replace parts,Quality Assurance,2025-04-03,2025-05-26,Completed,False
1453,3604,Insufficient process control,Introduce statistical process control on the line,Production,2025-04-01,2025-05-19,Completed,False
1454,3606,Improper use by customer,Update owner manual and customer communication,Customer Service,2025-03-30,2025-04-06,Completed,False
1455,3610,Supplier material substitution,Audit the supplier and require approved materials,Supplier Quality,2025-04-07,2025-05-11,Completed,True
1456,3611,Supplier material substitution,Audit the supplier and require approved materials,Supplier Quality,2025-04-01,2025-06-12,Completed,False
1457,3612,Supplier process deviation,Issue supplier corrective action request (SCAR),Quality Assurance,2025-04-03,2025-05-13,Completed,False
1458,3615,Root cause not identified,Extended monitoring and data collection,Quality Assurance,2025-04-03,2025-04-24,Completed,True
1459,3618,Supplier material substitution,Audit the supplier and require approved materials,Quality Assurance,2025-04-06,2025-05-29,Completed,True
1460,3620,Operator training gap,Retrain operators and add in-line inspection,Production,2025-04-04,2025-04-21,Completed,False
1461,3628,Operator training gap,Add poka-yoke check at the assembly station,Production,2025-04-10,2025-05-04,Completed,False
1462,3633,Supplier process deviation,Issue supplier corrective action request (SCAR),Supplier Quality,2025-04-12,2025-05-16,Completed,False
1463,3634,Non-approved modification,Add warning about modifications to warranty terms,Customer Service,2025-04-07,2025-04-19,Completed,True
1464,3640,Supplier process deviation,Issue supplier corrective action request (SCAR),Supplier Quality,2025-04-06,2025-06-12,Completed,False
1465,3646,Insufficient design margin,Raise design margin through an engineering change,Design Engineering,2025-04-07,2025-08-26,Completed,False
1466,3648,Software logic flaw,Release a software update,Quality Assurance,2025-04-12,2025-05-10,Completed,False
1467,3649,Supplier material substitution,Audit the supplier and require approved materials,Supplier Quality,2025-04-09,2025-07-03,Completed,False
1468,3650,Corrosion due to coating defect,Improve coating process and add corrosion test,Quality Assurance,2025-04-13,2025-05-07,Completed,False
1469,3651,Supplier material substitution,Audit the supplier and require approved materials,Supplier Quality,2025-04-11,2025-07-08,Completed,False
1470,3655,Operator training gap,Add poka-yoke check at the assembly station,Production,2025-04-09,2025-05-10,Completed,False
1471,3660,Supplier material substitution,Audit the supplier and require approved materials,Supplier Quality,2025-04-13,2025-05-15,Completed,True
1472,3662,Material fatigue under load,Switch to a higher grade material,Supplier Quality,2025-04-14,2025-07-01,Completed,True
1473,3666,Out-of-tolerance component batch,Quarantine affected batch and replace parts,Supplier Quality,2025-04-10,2025-05-23,Completed,True
1474,3667,Machine calibration drift,Recalibrate equipment and update process control plan,Quality Assurance,2025-04-11,2025-06-10,Completed,False
1475,3668,Assembly tool wear,Replace worn tools and add tool maintenance schedule,Production,2025-04-16,2025-06-12,Completed,False
1476,3669,Operator training gap,Add poka-yoke check at the assembly station,Production,2025-04-14,2025-06-06,Completed,False
1477,3670,Operator training gap,Add poka-yoke check at the assembly station,Production,2025-04-17,2025-05-16,Completed,False
1478,3673,Supplier material substitution,Audit the supplier and require approved materials,Supplier Quality,2025-04-17,2025-07-08,Completed,False
1479,3674,Tolerance stack-up in design,Revise tolerances in the design drawings,Design Engineering,2025-04-13,2025-09-02,Completed,False
1480,3676,Insufficient process control,Introduce statistical process control on the line,Production,2025-04-15,2025-06-01,Completed,False
1481,3678,Inadequate supplier quality inspection,Tighten incoming inspection for supplier parts,Supplier Quality,2025-04-12,2025-05-29,Completed,False
1482,3682,Out-of-tolerance component batch,Quarantine affected batch and replace parts,Quality Assurance,2025-04-13,2025-06-06,Completed,True
1483,3685,Supplier process deviation,Issue supplier corrective action request (SCAR),Supplier Quality,2025-04-20,2025-06-19,Completed,False
1484,3688,Inadequate supplier quality inspection,Tighten incoming inspection for supplier parts,Supplier Quality,2025-04-15,2025-07-10,Completed,True
1485,3690,Material fatigue under load,Switch to a higher grade material,Quality Assurance,2025-04-18,2025-06-03,Completed,True
1486,3693,Tolerance stack-up in design,Revise tolerances in the design drawings,Design Engineering,2025-04-20,2025-07-22,Completed,False
1487,3694,Assembly tool wear,Replace worn tools and add tool maintenance schedule,Production,2025-04-16,2025-05-31,Completed,False
1488,3696,Supplier material substitution,Audit the supplier and require approved materials,Supplier Quality,2025-04-23,2025-07-09,Completed,False
1489,3697,Corrosion due to coating defect,Improve coating process and add corrosion test,Supplier Quality,2025-04-22,2025-06-03,Completed,True
1490,3698,Supplier material substitution,Audit the supplier and require approved materials,Quality Assurance,2025-04-23,2025-06-08,Completed,True
1491,3699,Tolerance stack-up in design,Revise tolerances in the design drawings,Design Engineering,2025-04-17,2025-07-13,Completed,False
1492,3702,Substandard raw material,Change material specification,Quality Assurance,2025-04-20,2025-05-16,Completed,True
1493,3703,Material fatigue under load,Switch to a higher grade material,Quality Assurance,2025-04-26,2025-05-20,Completed,True
1494,3705,Incorrect assembly sequence,Update work instructions and assembly sequence,Production,2025-04-21,2025-06-02,Completed,False
1495,3707,Inadequate supplier quality inspection,Tighten incoming inspection for supplier parts,Supplier Quality,2025-04-24,2025-06-24,Completed,False
1496,3710,Incorrect torque settings,Correct torque specification and add torque monitoring,Production,2025-04-24,2025-06-21,Completed,False
1497,3712,Insufficient process control,Introduce statistical process control on the line,Production,2025-04-20,2025-05-21,Completed,False
1498,3715,Insufficient process control,Introduce statistical process control on the line,Production,2025-04-21,2025-06-03,Completed,False
1499,3718,Machine calibration drift,Recalibrate equipment and update process control plan,Production,2025-04-24,2025-06-21,Completed,False
1500,3719,Supplier material substitution,Audit the supplier and require approved materials,Supplier Quality,2025-04-24,2025-06-30,Completed,False
1501,3720,Incorrect torque settings,Correct torque specification and add torque monitoring,Quality Assurance,2025-04-24,2025-06-10,Completed,True
1502,3721,Missing or unclear work instruction,Rewrite work instructions with photos,Production,2025-04-30,2025-06-27,Completed,False
1503,3722,Supplier material substitution,Audit the supplier and require approved materials,Supplier Quality,2025-04-25,2025-06-11,Completed,True
1504,3724,Inadequate supplier quality inspection,Tighten incoming inspection for supplier parts,Supplier Quality,2025-04-24,2025-07-22,Completed,False
1505,3725,Missed maintenance schedule,Send service reminders to customers,Customer Service,2025-04-25,2025-05-11,Completed,True
1506,3726,Tolerance stack-up in design,Revise tolerances in the design drawings,Design Engineering,2025-04-29,2025-09-23,Completed,True
1507,3729,Incorrect torque settings,Correct torque specification and add torque monitoring,Production,2025-04-24,2025-05-26,Completed,False
1508,3731,Missing or unclear work instruction,Rewrite work instructions with photos,Production,2025-04-27,2025-06-05,Completed,True
1509,3733,Machine calibration drift,Recalibrate equipment and update process control plan,Production,2025-04-30,2025-06-07,Completed,False
1510,3736,Machine calibration drift,Recalibrate equipment and update process control plan,Production,2025-04-30,2025-06-11,Completed,False
1511,3737,Supplier material substitution,Audit the supplier and require approved materials,Supplier Quality,2025-04-26,2025-07-06,Completed,False
1512,3739,Machine calibration drift,Recalibrate equipment and update process control plan,Production,2025-04-29,2025-06-09,Completed,True
1513,3741,Supplier process deviation,Issue supplier corrective action request (SCAR),Supplier Quality,2025-04-28,2025-07-16,Completed,True
1514,3742,Supplier process deviation,Issue supplier corrective action request (SCAR),Quality Assurance,2025-04-29,2025-05-24,Completed,False
1515,3744,Heat treatment deviation,Require heat treatment certificates from supplier,Supplier Quality,2025-04-27,2025-05-28,Completed,False
1516,3745,Heat treatment deviation,Require heat treatment certificates from supplier,Supplier Quality,2025-05-03,2025-06-15,Completed,True
1517,3749,Incorrect torque settings,Correct torque specification and add torque monitoring,Production,2025-04-29,2025-06-26,Completed,False
1518,3755,Out-of-tolerance component batch,Quarantine affected batch and replace parts,Quality Assurance,2025-04-26,2025-06-13,Completed,False
1519,3756,Incorrect assembly sequence,Update work instructions and assembly sequence,Quality Assurance,2025-05-05,2025-06-17,Completed,False
1520,3757,Supplier process deviation,Issue supplier corrective action request (SCAR),Supplier Quality,2025-05-04,2025-06-08,Completed,False
1521,3760,Inadequate supplier quality inspection,Tighten incoming inspection for supplier parts,Supplier Quality,2025-05-04,2025-06-08,Completed,True
1522,3770,Material fatigue under load,Switch to a higher grade material,Quality Assurance,2025-05-03,2025-05-29,Completed,False
1523,3773,Insufficient process control,Introduce statistical process control on the line,Production,2025-05-04,2025-05-20,Completed,False
1524,3774,Supplier material substitution,Audit the supplier and require approved materials,Quality Assurance,2025-05-07,2025-06-03,Completed,False
1525,3775,Material fatigue under load,Switch to a higher grade material,Quality Assurance,2025-05-04,2025-06-04,Completed,False
1526,3779,Insufficient process control,Introduce statistical process control on the line,Production,2025-05-11,2025-07-05,Completed,False
1527,3781,Heat treatment deviation,Require heat treatment certificates from supplier,Quality Assurance,2025-05-07,2025-06-14,Completed,False
1528,3783,Out-of-tolerance component batch,Quarantine affected batch and replace parts,Supplier Quality,2025-05-04,2025-06-04,Completed,True
1529,3786,Corrosion due to coating defect,Improve coating process and add corrosion test,Supplier Quality,2025-05-05,2025-07-21,Completed,False
1530,3787,Material fatigue under load,Switch to a higher grade material,Supplier Quality,2025-05-07,2025-06-16,Completed,False
1531,3792,Non-approved modification,Add warning about modifications to warranty terms,Quality Assurance,2025-05-03,2025-06-01,Completed,False
1532,3793,Supplier process deviation,Issue supplier corrective action request (SCAR),Supplier Quality,2025-05-08,2025-07-18,Completed,False
1533,3794,Corrosion due to coating defect,Improve coating process and add corrosion test,Supplier Quality,2025-05-12,2025-06-18,Completed,False
1534,3802,Inadequate supplier quality inspection,Tighten incoming inspection for supplier parts,Supplier Quality,2025-05-12,2025-08-07,Completed,True
1535,3804,Operator training gap,Add poka-yoke check at the assembly station,Production,2025-05-13,2025-07-02,Completed,False
1536,3805,Operator training gap,Add poka-yoke check at the assembly station,Production,2025-05-10,2025-05-31,Completed,False
1537,3806,Out-of-tolerance component batch,Quarantine affected batch and replace parts,Supplier Quality,2025-05-16,2025-08-06,Completed,False
1538,3815,Heat treatment deviation,Require heat treatment certificates from supplier,Supplier Quality,2025-05-11,2025-07-22,Completed,False
1539,3817,Software logic flaw,Release a software update,Design Engineering,2025-05-11,2025-09-06,Completed,True
1540,3825,Software logic flaw,Release a software update,Design Engineering,2025-05-15,2025-09-28,Completed,False
1541,3828,Operator training gap,Retrain operators and add in-line inspection,Quality Assurance,2025-05-16,2025-07-03,Completed,False
1542,3834,Assembly tool wear,Replace worn tools and add tool maintenance schedule,Production,2025-05-18,2025-06-19,Completed,False
1543,3835,Out-of-tolerance component batch,Quarantine affected batch and replace parts,Supplier Quality,2025-05-14,2025-07-05,Completed,True
1544,3839,Insufficient design margin,Raise design margin through an engineering change,Design Engineering,2025-05-19,2025-10-09,Completed,False
1545,3840,Inadequate supplier quality inspection,Tighten incoming inspection for supplier parts,Supplier Quality,2025-05-17,2025-07-05,Completed,False
1546,3841,Incorrect torque settings,Correct torque specification and add torque monitoring,Production,2025-05-20,2025-07-15,Completed,False
1547,3842,Supplier process deviation,Issue supplier corrective action request (SCAR),Supplier Quality,2025-05-22,2025-08-03,Completed,False
1548,3843,Supplier process deviation,Issue supplier corrective action request (SCAR),Supplier Quality,2025-05-17,2025-06-20,Completed,True
1549,3845,Inadequate supplier quality inspection,Tighten incoming inspection for supplier parts,Supplier Quality,2025-05-17,2025-07-11,Completed,False
1550,3848,Assembly tool wear,Replace worn tools and add tool maintenance schedule,Production,2025-05-20,2025-06-20,Completed,False
1551,3850,Insufficient process control,Introduce statistical process control on the line,Production,2025-05-22,2025-06-22,Completed,False
1552,3856,Insufficient process control,Introduce statistical process control on the line,Quality Assurance,2025-05-24,2025-07-09,Completed,True
1553,3860,Software logic flaw,Release a software update,Design Engineering,2025-05-20,2025-08-28,Completed,False
1554,3863,Insufficient process control,Introduce statistical process control on the line,Production,2025-05-29,2025-06-22,Completed,False
1555,3864,Incorrect torque settings,Correct torque specification and add torque monitoring,Production,2025-05-21,2025-07-11,Completed,False
1556,3866,Incorrect torque settings,Correct torque specification and add torque monitoring,Production,2025-05-24,2025-07-10,Completed,False
1557,3870,Substandard raw material,Change material specification,Quality Assurance,2025-05-24,2025-07-12,Completed,False
1558,3871,Supplier material substitution,Audit the supplier and require approved materials,Quality Assurance,2025-05-27,2025-07-09,Completed,False
1559,3874,Missing or unclear work instruction,Rewrite work instructions with photos,Production,2025-05-24,2025-07-12,Completed,False
1560,3875,Missing or unclear work instruction,Rewrite work instructions with photos,Production,2025-05-26,2025-06-13,Completed,False
1561,3885,Supplier process deviation,Issue supplier corrective action request (SCAR),Supplier Quality,2025-05-27,2025-07-01,Completed,True
1562,3888,Software logic flaw,Release a software update,Design Engineering,2025-05-30,2025-09-09,Completed,False
1563,3890,Corrosion due to coating defect,Improve coating process and add corrosion test,Quality Assurance,2025-05-28,2025-07-09,Completed,False
1564,3898,Incorrect torque settings,Correct torque specification and add torque monitoring,Production,2025-05-30,2025-06-23,Completed,False
1565,3903,Incorrect assembly sequence,Update work instructions and assembly sequence,Production,2025-06-01,2025-07-01,Completed,False
1566,3904,Operator training gap,Add poka-yoke check at the assembly station,Production,2025-06-04,2025-07-13,Completed,True
1567,3905,Thermal design limitation,Redesign cooling and heat protection,Design Engineering,2025-06-04,2025-09-15,Completed,False
1568,3910,Supplier process deviation,Issue supplier corrective action request (SCAR),Supplier Quality,2025-06-01,2025-08-11,Completed,False
1569,3912,Operator training gap,Add poka-yoke check at the assembly station,Production,2025-06-07,2025-07-21,Completed,False
1570,3915,Missing or unclear work instruction,Rewrite work instructions with photos,Production,2025-06-04,2025-08-03,Completed,False
1571,3919,Supplier material substitution,Audit the supplier and require approved materials,Supplier Quality,2025-06-08,2025-07-29,Completed,False
1572,3922,Incorrect torque settings,Correct torque specification and add torque monitoring,Production,2025-06-06,2025-06-29,Completed,False
1573,3925,Tolerance stack-up in design,Revise tolerances in the design drawings,Design Engineering,2025-06-06,2025-10-28,Completed,False
1574,3926,Assembly tool wear,Replace worn tools and add tool maintenance schedule,Production,2025-06-10,2025-08-01,Completed,False
1575,3931,Out-of-tolerance component batch,Quarantine affected batch and replace parts,Supplier Quality,2025-06-13,2025-09-07,Completed,False
1576,3933,Thermal design limitation,Redesign cooling and heat protection,Design Engineering,2025-06-11,2025-08-16,Completed,True
1577,3941,Corrosion due to coating defect,Improve coating process and add corrosion test,Supplier Quality,2025-06-11,2025-08-02,Completed,True
1578,3942,Incorrect assembly sequence,Update work instructions and assembly sequence,Production,2025-06-15,2025-07-05,Completed,False
1579,3943,Supplier process deviation,Issue supplier corrective action request (SCAR),Supplier Quality,2025-06-09,2025-08-30,Completed,True
1580,3944,Non-approved modification,Add warning about modifications to warranty terms,Customer Service,2025-06-15,2025-06-24,Completed,False
1581,3945,Substandard raw material,Change material specification,Quality Assurance,2025-06-12,2025-07-11,Completed,False
1582,3947,Supplier material substitution,Audit the supplier and require approved materials,Supplier Quality,2025-06-10,2025-07-18,Completed,True
1583,3948,Non-approved modification,Add warning about modifications to warranty terms,Customer Service,2025-06-19,2025-07-02,Completed,False
1584,3950,Machine calibration drift,Recalibrate equipment and update process control plan,Production,2025-06-11,2025-07-17,Completed,False
1585,3954,Out-of-tolerance component batch,Quarantine affected batch and replace parts,Supplier Quality,2025-06-21,2025-09-03,Completed,True
1586,3955,Inadequate supplier quality inspection,Tighten incoming inspection for supplier parts,Supplier Quality,2025-06-11,2025-07-24,Completed,True
1587,3961,Operator training gap,Add poka-yoke check at the assembly station,Production,2025-06-14,2025-07-12,Completed,False
1588,3962,Material fatigue under load,Switch to a higher grade material,Supplier Quality,2025-06-11,2025-07-26,Completed,False
1589,3963,Missing or unclear work instruction,Rewrite work instructions with photos,Production,2025-06-15,2025-07-12,Completed,True
1590,3964,Corrosion due to coating defect,Improve coating process and add corrosion test,Supplier Quality,2025-06-12,2025-07-15,Completed,True
1591,3965,Tolerance stack-up in design,Revise tolerances in the design drawings,Design Engineering,2025-06-18,2025-10-09,Completed,False
1592,3966,Insufficient process control,Introduce statistical process control on the line,Quality Assurance,2025-06-14,2025-07-10,Completed,False
1593,3967,Supplier material substitution,Audit the supplier and require approved materials,Supplier Quality,2025-06-17,2025-07-22,Completed,True
1594,3973,Insufficient process control,Introduce statistical process control on the line,Quality Assurance,2025-06-14,2025-07-22,Completed,False
1595,3976,Supplier process deviation,Issue supplier corrective action request (SCAR),Supplier Quality,2025-06-14,2025-08-31,Completed,True
1596,3977,Machine calibration drift,Recalibrate equipment and update process control plan,Production,2025-06-22,2025-08-21,Completed,False
1597,3979,Supplier process deviation,Issue supplier corrective action request (SCAR),Supplier Quality,2025-06-19,2025-08-26,Completed,False
1598,3980,Heat treatment deviation,Require heat treatment certificates from supplier,Supplier Quality,2025-06-15,2025-08-23,Completed,True
1599,3981,Out-of-tolerance component batch,Quarantine affected batch and replace parts,Quality Assurance,2025-06-18,2025-07-13,Completed,False
1600,3982,Out-of-tolerance component batch,Quarantine affected batch and replace parts,Quality Assurance,2025-06-20,2025-08-06,Completed,True
1601,3984,Inadequate supplier quality inspection,Tighten incoming inspection for supplier parts,Supplier Quality,2025-06-15,2025-07-17,Completed,False
1602,3986,Improper use by customer,Update owner manual and customer communication,Customer Service,2025-06-23,2025-06-30,Completed,False
1603,3987,Corrosion due to coating defect,Improve coating process and add corrosion test,Quality Assurance,2025-06-20,2025-07-17,Completed,False
1604,3988,Operator training gap,Add poka-yoke check at the assembly station,Production,2025-06-19,2025-08-18,Completed,False
1605,3989,Assembly tool wear,Replace worn tools and add tool maintenance schedule,Production,2025-06-19,2025-07-31,Completed,False
1606,3991,Operator training gap,Add poka-yoke check at the assembly station,Production,2025-06-20,2025-07-10,Completed,False
1607,3995,Machine calibration drift,Recalibrate equipment and update process control plan,Quality Assurance,2025-06-19,2025-07-30,Completed,False
1608,3996,Corrosion due to coating defect,Improve coating process and add corrosion test,Supplier Quality,2025-06-20,2025-09-14,Completed,False
1609,3997,Inadequate supplier quality inspection,Tighten incoming inspection for supplier parts,Supplier Quality,2025-06-23,2025-07-29,Completed,True
1610,4000,Inadequate supplier quality inspection,Tighten incoming inspection for supplier parts,Supplier Quality,2025-06-22,2025-08-18,Completed,False
1611,4002,Material fatigue under load,Switch to a higher grade material,Quality Assurance,2025-06-24,2025-08-18,Completed,True
1612,4003,Substandard raw material,Change material specification,Quality Assurance,2025-06-29,2025-08-01,Completed,False
1613,4006,Incorrect assembly sequence,Update work instructions and assembly sequence,Production,2025-06-20,2025-08-12,Completed,False
1614,4008,Operator training gap,Retrain operators and add in-line inspection,Production,2025-06-19,2025-07-18,Completed,False
1615,4009,Supplier process deviation,Issue supplier corrective action request (SCAR),Supplier Quality,2025-06-22,2025-09-14,Completed,False
1616,4011,Supplier process deviation,Issue supplier corrective action request (SCAR),Supplier Quality,2025-06-26,2025-08-14,Completed,False
1617,4014,Corrosion due to coating defect,Improve coating process and add corrosion test,Quality Assurance,2025-06-22,2025-08-12,Completed,False
1618,4015,Incorrect assembly sequence,Update work instructions and assembly sequence,Quality Assurance,2025-06-23,2025-08-04,Completed,False
1619,4018,Tolerance stack-up in design,Revise tolerances in the design drawings,Design Engineering,2025-06-26,2025-09-11,Completed,False
1620,4019,Supplier process deviation,Issue supplier corrective action request (SCAR),Quality Assurance,2025-06-23,2025-07-23,Completed,False
1621,4024,Supplier process deviation,Issue supplier corrective action request (SCAR),Supplier Quality,2025-06-30,2025-09-26,Completed,False
1622,4027,Material fatigue under load,Switch to a higher grade material,Supplier Quality,2025-06-29,2025-08-14,Completed,False
1623,4029,Machine calibration drift,Recalibrate equipment and update process control plan,Production,2025-06-29,2025-07-18,Completed,False
1624,4030,Insufficient process control,Introduce statistical process control on the line,Production,2025-06-27,2025-08-10,Completed,False
1625,4031,Insufficient process control,Introduce statistical process control on the line,Production,2025-06-29,2025-08-23,Completed,False
1626,4034,Supplier process deviation,Issue supplier corrective action request (SCAR),Quality Assurance,2025-06-23,2025-08-22,Completed,False
1627,4036,Missing or unclear work instruction,Rewrite work instructions with photos,Production,2025-06-29,2025-08-17,Completed,False
1628,4045,Supplier material substitution,Audit the supplier and require approved materials,Supplier Quality,2025-06-29,2025-09-25,Completed,False
1629,4047,Thermal design limitation,Redesign cooling and heat protection,Design Engineering,2025-06-25,2025-10-07,Completed,False
1630,4054,Inadequate supplier quality inspection,Tighten incoming inspection for supplier parts,Supplier Quality,2025-07-01,2025-08-27,Completed,True
1631,4060,Assembly tool wear,Replace worn tools and add tool maintenance schedule,Production,2025-07-03,2025-08-29,Completed,False
1632,4064,Operator training gap,Retrain operators and add in-line inspection,Production,2025-07-08,2025-08-24,Completed,False
1633,4066,Incorrect assembly sequence,Update work instructions and assembly sequence,Production,2025-07-03,2025-08-04,Completed,False
1634,4067,Supplier material substitution,Audit the supplier and require approved materials,Supplier Quality,2025-07-04,2025-09-06,Completed,False
1635,4068,Incorrect assembly sequence,Update work instructions and assembly sequence,Production,2025-07-06,2025-08-18,Completed,False
1636,4069,Supplier material substitution,Audit the supplier and require approved materials,Supplier Quality,2025-07-06,2025-08-16,Completed,False
1637,4070,Corrosion due to coating defect,Improve coating process and add corrosion test,Supplier Quality,2025-07-08,2025-08-29,Completed,False
1638,4076,Supplier material substitution,Audit the supplier and require approved materials,Supplier Quality,2025-07-11,2025-09-24,Completed,False
1639,4081,Operator training gap,Retrain operators and add in-line inspection,Quality Assurance,2025-07-08,2025-09-04,Completed,False
1640,4082,Material fatigue under load,Switch to a higher grade material,Quality Assurance,2025-07-04,2025-08-01,Completed,False
1641,4085,Incorrect torque settings,Correct torque specification and add torque monitoring,Production,2025-07-08,2025-08-26,Completed,True
1642,4086,Heat treatment deviation,Require heat treatment certificates from supplier,Supplier Quality,2025-07-10,2025-08-13,Completed,False
1643,4088,Supplier material substitution,Audit the supplier and require approved materials,Supplier Quality,2025-07-06,2025-09-28,Completed,True
1644,4090,Incorrect torque settings,Correct torque specification and add torque monitoring,Production,2025-07-09,2025-08-29,Completed,True
1645,4091,Thermal design limitation,Redesign cooling and heat protection,Design Engineering,2025-07-07,2025-10-27,Completed,False
1646,4092,Assembly tool wear,Replace worn tools and add tool maintenance schedule,Production,2025-07-10,2025-08-02,Completed,False
1647,4094,Substandard raw material,Change material specification,Supplier Quality,2025-07-11,2025-09-14,Completed,True
1648,4095,Machine calibration drift,Recalibrate equipment and update process control plan,Production,2025-07-11,2025-08-13,Completed,False
1649,4096,Machine calibration drift,Recalibrate equipment and update process control plan,Production,2025-07-08,2025-07-29,Completed,False
1650,4098,Out-of-tolerance component batch,Quarantine affected batch and replace parts,Supplier Quality,2025-07-14,2025-09-08,Completed,True
1651,4100,Missed maintenance schedule,Send service reminders to customers,Customer Service,2025-07-12,2025-08-01,Completed,True
1652,4106,Heat treatment deviation,Require heat treatment certificates from supplier,Supplier Quality,2025-07-16,2025-09-03,Completed,False
1653,4113,Insufficient design margin,Raise design margin through an engineering change,Quality Assurance,2025-07-15,2025-08-27,Completed,False
1654,4114,Thermal design limitation,Redesign cooling and heat protection,Design Engineering,2025-07-17,2025-10-13,Completed,False
1655,4116,Supplier material substitution,Audit the supplier and require approved materials,Supplier Quality,2025-07-19,2025-10-09,Completed,False
1656,4119,Inadequate supplier quality inspection,Tighten incoming inspection for supplier parts,Supplier Quality,2025-07-20,2025-09-16,Completed,True
1657,4120,Non-approved modification,Add warning about modifications to warranty terms,Customer Service,2025-07-18,2025-07-27,Completed,False
1658,4122,Corrosion due to coating defect,Improve coating process and add corrosion test,Quality Assurance,2025-07-20,2025-08-25,Completed,False
1659,4124,Out-of-tolerance component batch,Quarantine affected batch and replace parts,Supplier Quality,2025-07-18,2025-09-07,Completed,True
1660,4126,Supplier process deviation,Issue supplier corrective action request (SCAR),Quality Assurance,2025-07-19,2025-08-20,Completed,False
1661,4127,Supplier material substitution,Audit the supplier and require approved materials,Supplier Quality,2025-07-17,2025-10-02,Completed,False
1662,4128,Supplier process deviation,Issue supplier corrective action request (SCAR),Quality Assurance,2025-07-18,2025-09-06,Completed,False
1663,4129,Corrosion due to coating defect,Improve coating process and add corrosion test,Supplier Quality,2025-07-21,2025-09-28,Completed,True
1664,4131,Insufficient process control,Introduce statistical process control on the line,Production,2025-07-23,2025-08-22,Completed,False
1665,4133,Supplier process deviation,Issue supplier corrective action request (SCAR),Quality Assurance,2025-07-25,2025-08-17,Completed,True
1666,4134,Assembly tool wear,Replace worn tools and add tool maintenance schedule,Production,2025-07-20,2025-08-25,Completed,False
1667,4140,Material fatigue under load,Switch to a higher grade material,Quality Assurance,2025-07-21,2025-09-05,Completed,False
1668,4146,Operator training gap,Retrain operators and add in-line inspection,Quality Assurance,2025-07-26,2025-09-10,Completed,False
1669,4150,Thermal design limitation,Redesign cooling and heat protection,Design Engineering,2025-07-27,2025-10-24,Completed,False
1670,4151,Heat treatment deviation,Require heat treatment certificates from supplier,Supplier Quality,2025-07-24,2025-09-07,Completed,False
1671,4153,Supplier process deviation,Issue supplier corrective action request (SCAR),Supplier Quality,2025-07-25,2025-08-28,Completed,True
1672,4155,Inadequate supplier quality inspection,Tighten incoming inspection for supplier parts,Quality Assurance,2025-07-25,2025-09-17,Completed,False
1673,4158,Root cause not identified,Extended monitoring and data collection,Quality Assurance,2025-07-24,2025-08-13,Completed,False
1674,4159,Missing or unclear work instruction,Rewrite work instructions with photos,Production,2025-07-20,2025-09-06,Completed,False
1675,4161,Incorrect assembly sequence,Update work instructions and assembly sequence,Production,2025-07-23,2025-08-20,Completed,False
1676,4162,Corrosion due to coating defect,Improve coating process and add corrosion test,Quality Assurance,2025-07-25,2025-09-23,Completed,False
1677,4163,Supplier material substitution,Audit the supplier and require approved materials,Supplier Quality,2025-07-27,2025-10-08,Completed,True
1678,4164,Inadequate supplier quality inspection,Tighten incoming inspection for supplier parts,Supplier Quality,2025-07-30,2025-09-07,Completed,True
1679,4165,Supplier process deviation,Issue supplier corrective action request (SCAR),Quality Assurance,2025-07-29,2025-09-20,Completed,False
1680,4168,Substandard raw material,Change material specification,Quality Assurance,2025-07-28,2025-09-24,Completed,False
1681,4177,Tolerance stack-up in design,Revise tolerances in the design drawings,Quality Assurance,2025-07-31,2025-09-01,Completed,False
1682,4178,Out-of-tolerance component batch,Quarantine affected batch and replace parts,Quality Assurance,2025-07-30,2025-08-27,Completed,True
1683,4180,Software logic flaw,Release a software update,Design Engineering,2025-07-31,2025-10-25,Completed,False
1684,4182,Insufficient design margin,Raise design margin through an engineering change,Design Engineering,2025-08-01,2025-12-15,Completed,False
1685,4185,Supplier material substitution,Audit the supplier and require approved materials,Quality Assurance,2025-08-08,2025-09-24,Completed,False
1686,4188,Incorrect assembly sequence,Update work instructions and assembly sequence,Production,2025-08-04,2025-08-26,Completed,True
1687,4190,Insufficient design margin,Raise design margin through an engineering change,Quality Assurance,2025-08-01,2025-09-04,Completed,False
1688,4192,Insufficient process control,Introduce statistical process control on the line,Production,2025-07-30,2025-09-19,Completed,False
1689,4195,Incorrect assembly sequence,Update work instructions and assembly sequence,Production,2025-08-06,2025-10-02,Completed,False
1690,4197,Missing or unclear work instruction,Rewrite work instructions with photos,Production,2025-08-03,2025-09-06,Completed,False
1691,4198,Supplier material substitution,Audit the supplier and require approved materials,Quality Assurance,2025-08-05,2025-09-09,Completed,False
1692,4202,Inadequate supplier quality inspection,Tighten incoming inspection for supplier parts,Supplier Quality,2025-08-02,2025-09-21,Completed,True
1693,4203,Out-of-tolerance component batch,Quarantine affected batch and replace parts,Supplier Quality,2025-07-31,2025-09-13,Completed,False
1694,4208,Assembly tool wear,Replace worn tools and add tool maintenance schedule,Production,2025-08-05,2025-09-25,Completed,False
1695,4213,Supplier process deviation,Issue supplier corrective action request (SCAR),Supplier Quality,2025-08-06,2025-09-19,Completed,False
1696,4217,Insufficient design margin,Raise design margin through an engineering change,Quality Assurance,2025-08-07,2025-09-30,Completed,False
1697,4218,Corrosion due to coating defect,Improve coating process and add corrosion test,Quality Assurance,2025-08-08,2025-09-06,Completed,False
1698,4219,Supplier process deviation,Issue supplier corrective action request (SCAR),Supplier Quality,2025-08-05,2025-10-19,Completed,False
1699,4220,Machine calibration drift,Recalibrate equipment and update process control plan,Production,2025-08-07,2025-10-02,Completed,False
1700,4224,Supplier material substitution,Audit the supplier and require approved materials,Supplier Quality,2025-08-07,2025-10-17,Completed,False
1701,4225,Material fatigue under load,Switch to a higher grade material,Quality Assurance,2025-08-07,2025-09-13,Completed,False
1702,4229,Intermittent fault not reproducible,Collect field data and repeat diagnostics,Quality Assurance,2025-08-07,2025-09-17,Completed,False
1703,4230,Supplier process deviation,Issue supplier corrective action request (SCAR),Supplier Quality,2025-08-08,2025-11-01,Completed,True
1704,4231,Inadequate supplier quality inspection,Tighten incoming inspection for supplier parts,Supplier Quality,2025-08-14,2025-10-24,Completed,False
1705,4232,Assembly tool wear,Replace worn tools and add tool maintenance schedule,Production,2025-08-05,2025-08-29,Completed,False
1706,4236,Root cause not identified,Extended monitoring and data collection,Quality Assurance,2025-08-11,2025-09-08,Completed,False
1707,4237,Out-of-tolerance component batch,Quarantine affected batch and replace parts,Supplier Quality,2025-08-08,2025-09-20,Completed,True
1708,4240,Software logic flaw,Release a software update,Design Engineering,2025-08-11,2025-12-21,Completed,False
1709,4241,Out-of-tolerance component batch,Quarantine affected batch and replace parts,Supplier Quality,2025-08-07,2025-09-28,Completed,True
1710,4245,Incorrect assembly sequence,Update work instructions and assembly sequence,Production,2025-08-14,2025-09-25,Completed,False
1711,4248,Out-of-tolerance component batch,Quarantine affected batch and replace parts,Supplier Quality,2025-08-11,2025-10-01,Completed,False
1712,4251,Heat treatment deviation,Require heat treatment certificates from supplier,Supplier Quality,2025-08-16,2025-10-18,Completed,False
1713,4252,Supplier material substitution,Audit the supplier and require approved materials,Quality Assurance,2025-08-24,2025-10-18,Completed,False
1714,4253,Corrosion due to coating defect,Improve coating process and add corrosion test,Quality Assurance,2025-08-14,2025-09-05,Completed,False
1715,4258,Out-of-tolerance component batch,Quarantine affected batch and replace parts,Supplier Quality,2025-08-13,2025-11-10,Completed,False
1716,4261,Substandard raw material,Change material specification,Supplier Quality,2025-08-14,2025-10-21,Completed,False
1717,4263,Insufficient process control,Introduce statistical process control on the line,Production,2025-08-18,2025-09-12,Completed,False
1718,4266,Insufficient process control,Introduce statistical process control on the line,Production,2025-08-20,2025-10-03,Completed,False
1719,4281,Tolerance stack-up in design,Revise tolerances in the design drawings,Design Engineering,2025-08-28,,In Progress,
1720,4283,Insufficient process control,Introduce statistical process control on the line,Production,2025-08-26,2025-10-11,Completed,False
1721,4285,Supplier process deviation,Issue supplier corrective action request (SCAR),Supplier Quality,2025-08-23,2025-11-05,Completed,False
1722,4286,Insufficient process control,Introduce statistical process control on the line,Production,2025-08-28,2025-10-01,Completed,False
1723,4287,Machine calibration drift,Recalibrate equipment and update process control plan,Production,2025-08-21,2025-09-20,Completed,False
1724,4290,Incorrect torque settings,Correct torque specification and add torque monitoring,Production,2025-08-21,2025-09-06,Completed,False
1725,4292,Incorrect assembly sequence,Update work instructions and assembly sequence,Production,2025-08-26,2025-09-10,Completed,False
1726,4293,Assembly tool wear,Replace worn tools and add tool maintenance schedule,Production,2025-08-22,2025-10-05,Completed,False
1727,4296,Material fatigue under load,Switch to a higher grade material,Supplier Quality,2025-08-26,2025-10-09,Completed,True
1728,4298,Supplier material substitution,Audit the supplier and require approved materials,Supplier Quality,2025-08-29,2025-10-17,Completed,False
1729,4301,Incorrect assembly sequence,Update work instructions and assembly sequence,Production,2025-08-24,2025-10-07,Completed,False
1730,4304,Thermal design limitation,Redesign cooling and heat protection,Design Engineering,2025-08-26,2025-12-09,Completed,True
1731,4308,Machine calibration drift,Recalibrate equipment and update process control plan,Production,2025-08-31,2025-10-17,Completed,False
1732,4310,Insufficient process control,Introduce statistical process control on the line,Production,2025-09-01,2025-09-18,Completed,False
1733,4312,Inadequate supplier quality inspection,Tighten incoming inspection for supplier parts,Quality Assurance,2025-08-29,2025-09-25,Completed,False
1734,4313,Software logic flaw,Release a software update,Quality Assurance,2025-08-31,2025-10-14,Completed,False
1735,4314,Out-of-tolerance component batch,Quarantine affected batch and replace parts,Supplier Quality,2025-08-31,2025-11-14,Completed,False
1736,4315,Material fatigue under load,Switch to a higher grade material,Supplier Quality,2025-08-30,2025-11-02,Completed,False
1737,4316,Insufficient process control,Introduce statistical process control on the line,Production,2025-08-30,2025-10-27,Completed,False
1738,4317,Machine calibration drift,Recalibrate equipment and update process control plan,Production,2025-08-27,2025-10-15,Completed,False
1739,4318,Material fatigue under load,Switch to a higher grade material,Quality Assurance,2025-08-30,2025-10-03,Completed,False
1740,4322,Software logic flaw,Release a software update,Design Engineering,2025-08-27,,In Progress,
1741,4324,Insufficient design margin,Raise design margin through an engineering change,Design Engineering,2025-09-04,,In Progress,
1742,4327,Supplier material substitution,Audit the supplier and require approved materials,Supplier Quality,2025-09-06,2025-10-15,Completed,False
1743,4333,Insufficient process control,Introduce statistical process control on the line,Production,2025-09-05,2025-10-28,Completed,False
1744,4334,Operator training gap,Retrain operators and add in-line inspection,Production,2025-09-01,2025-10-31,Completed,False
1745,4335,Operator training gap,Retrain operators and add in-line inspection,Quality Assurance,2025-09-01,2025-10-04,Completed,False
1746,4336,Supplier material substitution,Audit the supplier and require approved materials,Quality Assurance,2025-09-07,2025-11-02,Completed,False
1747,4338,Inadequate supplier quality inspection,Tighten incoming inspection for supplier parts,Supplier Quality,2025-09-02,2025-11-26,Completed,False
1748,4341,Inadequate supplier quality inspection,Tighten incoming inspection for supplier parts,Supplier Quality,2025-09-04,2025-11-06,Completed,False
1749,4342,Out-of-tolerance component batch,Quarantine affected batch and replace parts,Supplier Quality,2025-09-01,2025-11-25,Completed,True
1750,4350,Missing or unclear work instruction,Rewrite work instructions with photos,Production,2025-09-05,2025-10-02,Completed,False
1751,4352,Supplier process deviation,Issue supplier corrective action request (SCAR),Supplier Quality,2025-09-04,2025-10-10,Completed,True
1752,4354,Operator training gap,Retrain operators and add in-line inspection,Production,2025-09-05,2025-10-09,Completed,False
1753,4360,Corrosion due to coating defect,Improve coating process and add corrosion test,Supplier Quality,2025-09-08,2025-10-13,Completed,False
1754,4361,Material fatigue under load,Switch to a higher grade material,Quality Assurance,2025-09-06,2025-10-28,Completed,False
1755,4363,Inadequate supplier quality inspection,Tighten incoming inspection for supplier parts,Quality Assurance,2025-09-06,2025-10-10,Completed,False
1756,4364,Inadequate supplier quality inspection,Tighten incoming inspection for supplier parts,Supplier Quality,2025-09-08,2025-10-24,Completed,False
1757,4365,Incorrect torque settings,Correct torque specification and add torque monitoring,Quality Assurance,2025-09-09,2025-10-11,Completed,False
1758,4366,Heat treatment deviation,Require heat treatment certificates from supplier,Quality Assurance,2025-09-11,2025-11-09,Completed,False
1759,4378,Supplier process deviation,Issue supplier corrective action request (SCAR),Supplier Quality,2025-09-10,2025-10-15,Completed,True
1760,4382,Substandard raw material,Change material specification,Quality Assurance,2025-09-17,2025-10-09,Completed,False
1761,4388,Material fatigue under load,Switch to a higher grade material,Supplier Quality,2025-09-16,2025-11-08,Completed,False
1762,4389,Thermal design limitation,Redesign cooling and heat protection,Design Engineering,2025-09-17,2025-12-26,Completed,True
1763,4390,Operator training gap,Add poka-yoke check at the assembly station,Production,2025-09-17,2025-10-18,Completed,False
1764,4392,Supplier process deviation,Issue supplier corrective action request (SCAR),Supplier Quality,2025-09-16,2025-11-18,Completed,False
1765,4393,Assembly tool wear,Replace worn tools and add tool maintenance schedule,Production,2025-09-17,2025-10-17,Completed,True
1766,4394,Out-of-tolerance component batch,Quarantine affected batch and replace parts,Supplier Quality,2025-09-11,2025-10-21,Completed,True
1767,4395,Inadequate supplier quality inspection,Tighten incoming inspection for supplier parts,Supplier Quality,2025-09-17,2025-12-11,Completed,False
1768,4396,Operator training gap,Add poka-yoke check at the assembly station,Production,2025-09-18,2025-10-09,Completed,False
1769,4399,Inadequate supplier quality inspection,Tighten incoming inspection for supplier parts,Supplier Quality,2025-09-19,2025-12-07,Completed,False
1770,4400,Inadequate supplier quality inspection,Tighten incoming inspection for supplier parts,Quality Assurance,2025-09-16,2025-10-29,Completed,False
1771,4413,Material fatigue under load,Switch to a higher grade material,Supplier Quality,2025-09-20,2025-12-09,Completed,False
1772,4416,Assembly tool wear,Replace worn tools and add tool maintenance schedule,Production,2025-09-20,2025-10-25,Completed,False
1773,4417,Incorrect assembly sequence,Update work instructions and assembly sequence,Production,2025-09-23,2025-11-22,Completed,False
1774,4418,Operator training gap,Add poka-yoke check at the assembly station,Production,2025-09-20,2025-10-24,Completed,False
1775,4421,Incorrect assembly sequence,Update work instructions and assembly sequence,Production,2025-09-19,2025-11-06,Completed,False
1776,4422,Machine calibration drift,Recalibrate equipment and update process control plan,Quality Assurance,2025-09-22,2025-10-24,Completed,False
1777,4425,Material fatigue under load,Switch to a higher grade material,Supplier Quality,2025-09-22,2025-12-10,Completed,False
1778,4426,Incorrect torque settings,Correct torque specification and add torque monitoring,Production,2025-09-23,2025-11-06,Completed,False
1779,4428,Incorrect assembly sequence,Update work instructions and assembly sequence,Production,2025-09-25,2025-10-18,Completed,False
1780,4431,Insufficient process control,Introduce statistical process control on the line,Production,2025-09-25,2025-10-24,Completed,False
1781,4433,Out-of-tolerance component batch,Quarantine affected batch and replace parts,Supplier Quality,2025-09-25,2025-10-26,Completed,False
1782,4435,Root cause not identified,Extended monitoring and data collection,Quality Assurance,2025-09-26,2025-11-01,Completed,False
1783,4438,Assembly tool wear,Replace worn tools and add tool maintenance schedule,Production,2025-10-05,2025-11-20,Completed,False
1784,4439,Thermal design limitation,Redesign cooling and heat protection,Design Engineering,2025-09-28,,In Progress,
1785,4440,Supplier material substitution,Audit the supplier and require approved materials,Supplier Quality,2025-09-29,2025-12-05,Completed,False
1786,4441,Inadequate supplier quality inspection,Tighten incoming inspection for supplier parts,Supplier Quality,2025-09-27,2025-11-09,Completed,False
1787,4444,Supplier material substitution,Audit the supplier and require approved materials,Supplier Quality,2025-09-24,2025-10-29,Completed,False
1788,4446,Incorrect torque settings,Correct torque specification and add torque monitoring,Production,2025-09-24,2025-11-06,Completed,False
1789,4449,Inadequate supplier quality inspection,Tighten incoming inspection for supplier parts,Supplier Quality,2025-09-25,2025-12-15,Completed,True
1790,4450,Substandard raw material,Change material specification,Supplier Quality,2025-09-30,2025-11-05,Completed,False
1791,4452,Thermal design limitation,Redesign cooling and heat protection,Design Engineering,2025-10-01,,In Progress,
1792,4455,Operator training gap,Add poka-yoke check at the assembly station,Production,2025-10-01,2025-11-30,Completed,False
1793,4457,Heat treatment deviation,Require heat treatment certificates from supplier,Quality Assurance,2025-09-24,2025-11-19,Completed,False
1794,4458,Missing or unclear work instruction,Rewrite work instructions with photos,Production,2025-10-02,2025-11-22,Completed,False
1795,4461,Missing or unclear work instruction,Rewrite work instructions with photos,Production,2025-09-25,2025-10-16,Completed,True
1796,4462,Thermal design limitation,Redesign cooling and heat protection,Design Engineering,2025-10-01,,In Progress,
1797,4466,Operator training gap,Retrain operators and add in-line inspection,Production,2025-09-30,2025-10-18,Completed,False
1798,4471,Insufficient process control,Introduce statistical process control on the line,Production,2025-10-02,2025-11-18,Completed,True
1799,4472,Material fatigue under load,Switch to a higher grade material,Quality Assurance,2025-09-30,2025-11-25,Completed,True
1800,4474,Supplier process deviation,Issue supplier corrective action request (SCAR),Supplier Quality,2025-10-03,2025-12-14,Completed,False
1801,4476,Out-of-tolerance component batch,Quarantine affected batch and replace parts,Supplier Quality,2025-10-03,2025-12-24,Completed,True
1802,4477,Out-of-tolerance component batch,Quarantine affected batch and replace parts,Supplier Quality,2025-10-02,2025-12-21,Completed,True
1803,4478,Operator training gap,Add poka-yoke check at the assembly station,Production,2025-10-01,2025-11-23,Completed,False
1804,4481,Insufficient process control,Introduce statistical process control on the line,Production,2025-09-30,2025-11-24,Completed,False
1805,4482,Operator training gap,Retrain operators and add in-line inspection,Production,2025-10-05,2025-11-19,Completed,False
1806,4483,Operator training gap,Retrain operators and add in-line inspection,Quality Assurance,2025-10-04,2025-11-09,Completed,True
1807,4485,Material fatigue under load,Switch to a higher grade material,Quality Assurance,2025-10-03,2025-11-15,Completed,False
1808,4486,Supplier material substitution,Audit the supplier and require approved materials,Supplier Quality,2025-10-01,2025-11-11,Completed,False
1809,4487,Tolerance stack-up in design,Revise tolerances in the design drawings,Design Engineering,2025-10-06,,In Progress,
1810,4489,Operator training gap,Retrain operators and add in-line inspection,Production,2025-10-04,2025-10-20,Completed,False
1811,4491,Substandard raw material,Change material specification,Quality Assurance,2025-10-05,2025-11-17,Completed,False
1812,4493,Corrosion due to coating defect,Improve coating process and add corrosion test,Quality Assurance,2025-10-03,2025-11-17,Completed,False
1813,4495,Missed maintenance schedule,Send service reminders to customers,Customer Service,2025-10-08,2025-10-20,Completed,True
1814,4498,Operator training gap,Retrain operators and add in-line inspection,Production,2025-10-06,2025-10-23,Completed,False
1815,4499,Incorrect assembly sequence,Update work instructions and assembly sequence,Quality Assurance,2025-10-07,2025-11-13,Completed,False
1816,4502,Operator training gap,Add poka-yoke check at the assembly station,Quality Assurance,2025-10-06,2025-11-12,Completed,True
1817,4505,Incorrect assembly sequence,Update work instructions and assembly sequence,Quality Assurance,2025-10-05,2025-11-23,Completed,False
1818,4506,Out-of-tolerance component batch,Quarantine affected batch and replace parts,Quality Assurance,2025-10-06,2025-11-30,Completed,False
1819,4507,Assembly tool wear,Replace worn tools and add tool maintenance schedule,Quality Assurance,2025-10-07,2025-12-03,Completed,False
1820,4513,Out-of-tolerance component batch,Quarantine affected batch and replace parts,Supplier Quality,2025-10-15,2025-12-08,Completed,False
1821,4514,Incorrect assembly sequence,Update work instructions and assembly sequence,Production,2025-10-11,2025-11-16,Completed,False
1822,4523,Operator training gap,Retrain operators and add in-line inspection,Production,2025-10-22,2025-12-19,Completed,True
1823,4525,Incorrect torque settings,Correct torque specification and add torque monitoring,Production,2025-10-19,2025-11-29,Completed,True
1824,4528,Insufficient process control,Introduce statistical process control on the line,Production,2025-10-09,2025-12-07,Completed,False
1825,4529,Substandard raw material,Change material specification,Supplier Quality,2025-10-16,2025-12-19,Completed,True
1826,4536,Insufficient process control,Introduce statistical process control on the line,Production,2025-10-16,2025-12-13,Completed,False
1827,4537,Substandard raw material,Change material specification,Supplier Quality,2025-10-12,2025-12-25,Completed,False
1828,4542,Incorrect assembly sequence,Update work instructions and assembly sequence,Production,2025-10-16,2025-11-26,Completed,False
1829,4544,Thermal design limitation,Redesign cooling and heat protection,Design Engineering,2025-10-17,,In Progress,
1830,4546,Machine calibration drift,Recalibrate equipment and update process control plan,Production,2025-10-19,2025-11-20,Completed,False
1831,4548,Insufficient process control,Introduce statistical process control on the line,Production,2025-10-16,2025-12-15,Completed,False
1832,4551,Missing or unclear work instruction,Rewrite work instructions with photos,Quality Assurance,2025-10-18,2025-12-09,Completed,False
1833,4556,Missing or unclear work instruction,Rewrite work instructions with photos,Production,2025-10-16,2025-11-06,Completed,False
1834,4559,Tolerance stack-up in design,Revise tolerances in the design drawings,Design Engineering,2025-10-20,2025-12-22,Completed,False
1835,4562,Incorrect torque settings,Correct torque specification and add torque monitoring,Production,2025-10-15,2025-11-06,Completed,False
1836,4566,Supplier process deviation,Issue supplier corrective action request (SCAR),Supplier Quality,2025-10-18,2025-11-21,Completed,True
1837,4567,Supplier material substitution,Audit the supplier and require approved materials,Supplier Quality,2025-10-22,2025-12-28,Completed,True
1838,4568,Out-of-tolerance component batch,Quarantine affected batch and replace parts,Supplier Quality,2025-10-30,2025-12-21,Completed,True
1839,4569,Heat treatment deviation,Require heat treatment certificates from supplier,Supplier Quality,2025-10-23,2025-12-24,Completed,True
1840,4574,Operator training gap,Retrain operators and add in-line inspection,Production,2025-10-22,2025-11-20,Completed,False
1841,4578,Inadequate supplier quality inspection,Tighten incoming inspection for supplier parts,Supplier Quality,2025-10-27,2025-11-28,Completed,False
1842,4583,Insufficient design margin,Raise design margin through an engineering change,Design Engineering,2025-10-26,,In Progress,
1843,4586,Incorrect torque settings,Correct torque specification and add torque monitoring,Production,2025-10-25,2025-11-12,Completed,True
1844,4587,Substandard raw material,Change material specification,Quality Assurance,2025-10-23,2025-12-22,Completed,False
1845,4590,Out-of-tolerance component batch,Quarantine affected batch and replace parts,Quality Assurance,2025-10-26,2025-12-14,Completed,True
1846,4591,Assembly tool wear,Replace worn tools and add tool maintenance schedule,Production,2025-10-28,2025-11-14,Completed,False
1847,4595,Assembly tool wear,Replace worn tools and add tool maintenance schedule,Production,2025-10-30,2025-11-24,Completed,False
1848,4599,Material fatigue under load,Switch to a higher grade material,Supplier Quality,2025-10-27,,In Progress,
1849,4606,Out-of-tolerance component batch,Quarantine affected batch and replace parts,Supplier Quality,2025-10-30,2025-12-22,Completed,False
1850,4612,Supplier material substitution,Audit the supplier and require approved materials,Supplier Quality,2025-11-02,,In Progress,
1851,4614,Out-of-tolerance component batch,Quarantine affected batch and replace parts,Supplier Quality,2025-11-03,2025-12-08,Completed,False
1852,4615,Software logic flaw,Release a software update,Design Engineering,2025-10-31,,In Progress,
1853,4618,Incorrect torque settings,Correct torque specification and add torque monitoring,Production,2025-11-02,2025-11-25,Completed,False
1854,4619,Thermal design limitation,Redesign cooling and heat protection,Quality Assurance,2025-11-04,2025-11-26,Completed,False
1855,4620,Insufficient process control,Introduce statistical process control on the line,Production,2025-11-05,2025-12-15,Completed,False
1856,4621,Incorrect torque settings,Correct torque specification and add torque monitoring,Production,2025-11-04,2025-12-21,Completed,False
1857,4622,Operator training gap,Retrain operators and add in-line inspection,Production,2025-11-01,2025-12-28,Completed,False
1858,4625,Substandard raw material,Change material specification,Supplier Quality,2025-11-03,,In Progress,
1859,4633,Assembly tool wear,Replace worn tools and add tool maintenance schedule,Production,2025-11-07,,In Progress,
1860,4634,Substandard raw material,Change material specification,Supplier Quality,2025-11-06,,In Progress,
1861,4636,Material fatigue under load,Switch to a higher grade material,Quality Assurance,2025-11-08,2025-12-26,Completed,False
1862,4638,Intermittent fault not reproducible,Collect field data and repeat diagnostics,Quality Assurance,2025-11-08,2025-12-30,Completed,False
1863,4640,Intermittent fault not reproducible,Collect field data and repeat diagnostics,Quality Assurance,2025-11-07,2025-12-10,Completed,False
1864,4646,Incorrect torque settings,Correct torque specification and add torque monitoring,Production,2025-11-07,2025-12-29,Completed,False
1865,4650,Incorrect assembly sequence,Update work instructions and assembly sequence,Production,2025-11-12,,In Progress,
1866,4651,Operator training gap,Add poka-yoke check at the assembly station,Production,2025-11-13,2025-11-30,Completed,False
1867,4653,Out-of-tolerance component batch,Quarantine affected batch and replace parts,Supplier Quality,2025-11-11,,In Progress,
1868,4655,Material fatigue under load,Switch to a higher grade material,Supplier Quality,2025-11-10,,In Progress,
1869,4658,Heat treatment deviation,Require heat treatment certificates from supplier,Supplier Quality,2025-11-12,,In Progress,
1870,4662,Machine calibration drift,Recalibrate equipment and update process control plan,Production,2025-11-08,2025-11-27,Completed,False
1871,4664,Supplier material substitution,Audit the supplier and require approved materials,Supplier Quality,2025-11-12,,In Progress,
1872,4667,Assembly tool wear,Replace worn tools and add tool maintenance schedule,Production,2025-11-12,2025-12-23,Completed,False
1873,4668,Supplier material substitution,Audit the supplier and require approved materials,Supplier Quality,2025-11-17,2025-12-18,Completed,False
1874,4672,Out-of-tolerance component batch,Quarantine affected batch and replace parts,Supplier Quality,2025-11-09,,In Progress,
1875,4673,Substandard raw material,Change material specification,Quality Assurance,2025-11-23,,In Progress,
1876,4676,Corrosion due to coating defect,Improve coating process and add corrosion test,Quality Assurance,2025-11-12,2025-12-15,Completed,True
1877,4679,Operator training gap,Add poka-yoke check at the assembly station,Production,2025-11-14,2025-12-22,Completed,False
1878,4680,Out-of-tolerance component batch,Quarantine affected batch and replace parts,Quality Assurance,2025-11-11,2025-12-10,Completed,True
1879,4682,Insufficient process control,Introduce statistical process control on the line,Production,2025-11-14,2025-12-16,Completed,False
1880,4683,Assembly tool wear,Replace worn tools and add tool maintenance schedule,Quality Assurance,2025-11-15,,In Progress,
1881,4684,Inadequate supplier quality inspection,Tighten incoming inspection for supplier parts,Supplier Quality,2025-11-16,2025-12-23,Completed,True
1882,4685,Missing or unclear work instruction,Rewrite work instructions with photos,Production,2025-11-19,,In Progress,
1883,4691,Out-of-tolerance component batch,Quarantine affected batch and replace parts,Supplier Quality,2025-11-16,,In Progress,
1884,4693,Operator training gap,Add poka-yoke check at the assembly station,Production,2025-11-14,,In Progress,
1885,4694,Incorrect torque settings,Correct torque specification and add torque monitoring,Production,2025-11-18,,In Progress,
1886,4698,Incorrect torque settings,Correct torque specification and add torque monitoring,Production,2025-11-14,,In Progress,
1887,4699,Supplier process deviation,Issue supplier corrective action request (SCAR),Supplier Quality,2025-11-17,,In Progress,
1888,4701,Inadequate supplier quality inspection,Tighten incoming inspection for supplier parts,Quality Assurance,2025-11-17,2025-12-15,Completed,False
1889,4703,Inadequate supplier quality inspection,Tighten incoming inspection for supplier parts,Supplier Quality,2025-11-22,2025-12-22,Completed,True
1890,4704,Inadequate supplier quality inspection,Tighten incoming inspection for supplier parts,Supplier Quality,2025-11-23,,In Progress,
1891,4705,Corrosion due to coating defect,Improve coating process and add corrosion test,Supplier Quality,2025-11-27,,In Progress,
1892,4708,Inadequate supplier quality inspection,Tighten incoming inspection for supplier parts,Supplier Quality,2025-11-23,,In Progress,
1893,4711,Insufficient process control,Introduce statistical process control on the line,Production,2025-11-19,2025-12-30,Completed,False
1894,4712,Root cause not identified,Extended monitoring and data collection,Quality Assurance,2025-11-20,,In Progress,
1895,4713,Corrosion due to coating defect,Improve coating process and add corrosion test,Supplier Quality,2025-11-18,,In Progress,
1896,4716,Inadequate supplier quality inspection,Tighten incoming inspection for supplier parts,Supplier Quality,2025-11-24,,In Progress,
1897,4717,Software logic flaw,Release a software update,Design Engineering,2025-11-19,,In Progress,
1898,4719,Supplier process deviation,Issue supplier corrective action request (SCAR),Supplier Quality,2025-11-25,,In Progress,
1899,4724,Insufficient process control,Introduce statistical process control on the line,Production,2025-11-24,,In Progress,
1900,4725,Corrosion due to coating defect,Improve coating process and add corrosion test,Supplier Quality,2025-11-22,,In Progress,
1901,4726,Insufficient process control,Introduce statistical process control on the line,Quality Assurance,2025-11-22,,In Progress,
1902,4727,Substandard raw material,Change material specification,Supplier Quality,2025-11-21,,In Progress,
1903,4728,Heat treatment deviation,Require heat treatment certificates from supplier,Quality Assurance,2025-11-22,,In Progress,
1904,4732,Out-of-tolerance component batch,Quarantine affected batch and replace parts,Supplier Quality,2025-11-25,,In Progress,
1905,4733,Supplier material substitution,Audit the supplier and require approved materials,Supplier Quality,2025-11-25,,In Progress,
1906,4736,Missing or unclear work instruction,Rewrite work instructions with photos,Production,2025-11-26,2025-12-30,Completed,False
1907,4738,Substandard raw material,Change material specification,Supplier Quality,2025-11-27,,In Progress,
1908,4739,Operator training gap,Retrain operators and add in-line inspection,Production,2025-11-22,2025-12-30,Completed,False
1909,4740,Operator training gap,Add poka-yoke check at the assembly station,Production,2025-11-22,,In Progress,
1910,4743,Inadequate supplier quality inspection,Tighten incoming inspection for supplier parts,Supplier Quality,2025-11-26,,In Progress,
1911,4747,Out-of-tolerance component batch,Quarantine affected batch and replace parts,Quality Assurance,2025-11-25,2025-12-26,Completed,True
1912,4749,Operator training gap,Add poka-yoke check at the assembly station,Production,2025-11-27,,In Progress,
1913,4752,Software logic flaw,Release a software update,Design Engineering,2025-11-29,,In Progress,
1914,4756,Supplier process deviation,Issue supplier corrective action request (SCAR),Supplier Quality,2025-11-25,,In Progress,
1915,4757,Tolerance stack-up in design,Revise tolerances in the design drawings,Design Engineering,2025-11-29,,In Progress,
1916,4762,Heat treatment deviation,Require heat treatment certificates from supplier,Supplier Quality,2025-11-29,,In Progress,
1917,4763,Assembly tool wear,Replace worn tools and add tool maintenance schedule,Production,2025-12-02,,In Progress,
1918,4767,Inadequate supplier quality inspection,Tighten incoming inspection for supplier parts,Supplier Quality,2025-12-01,,In Progress,
1919,4769,Inadequate supplier quality inspection,Tighten incoming inspection for supplier parts,Supplier Quality,2025-11-29,2025-12-29,Completed,True
1920,4770,Improper use by customer,Update owner manual and customer communication,Customer Service,2025-11-27,2025-12-17,Completed,False
1921,4771,Machine calibration drift,Recalibrate equipment and update process control plan,Production,2025-12-01,2025-12-20,Completed,False
1922,4776,Insufficient process control,Introduce statistical process control on the line,Production,2025-12-01,2025-12-19,Completed,True
1923,4781,Out-of-tolerance component batch,Quarantine affected batch and replace parts,Supplier Quality,2025-12-04,,In Progress,
1924,4784,Operator training gap,Add poka-yoke check at the assembly station,Production,2025-11-27,2025-12-17,Completed,False
1925,4785,Software logic flaw,Release a software update,Design Engineering,2025-12-03,,In Progress,
1926,4787,Incorrect torque settings,Correct torque specification and add torque monitoring,Production,2025-11-27,2025-12-14,Completed,False
1927,4794,Supplier material substitution,Audit the supplier and require approved materials,Supplier Quality,2025-12-04,,In Progress,
1928,4802,Insufficient process control,Introduce statistical process control on the line,Production,2025-12-02,,In Progress,
1929,4805,Inadequate supplier quality inspection,Tighten incoming inspection for supplier parts,Quality Assurance,2025-12-04,,In Progress,
1930,4806,Assembly tool wear,Replace worn tools and add tool maintenance schedule,Production,2025-12-06,2025-12-31,Completed,False
1931,4807,Incorrect assembly sequence,Update work instructions and assembly sequence,Production,2025-12-08,,In Progress,
1932,4811,Insufficient process control,Introduce statistical process control on the line,Production,2025-12-09,,In Progress,
1933,4813,Inadequate supplier quality inspection,Tighten incoming inspection for supplier parts,Supplier Quality,2025-12-11,,In Progress,
1934,4815,Incorrect assembly sequence,Update work instructions and assembly sequence,Production,2025-12-07,,In Progress,
1935,4816,Machine calibration drift,Recalibrate equipment and update process control plan,Production,2025-12-12,,In Progress,
1936,4817,Supplier process deviation,Issue supplier corrective action request (SCAR),Quality Assurance,2025-12-05,,In Progress,
1937,4821,Root cause not identified,Extended monitoring and data collection,Quality Assurance,2025-12-07,,In Progress,
1938,4825,Incorrect torque settings,Correct torque specification and add torque monitoring,Production,2025-12-08,,In Progress,
1939,4826,Inadequate supplier quality inspection,Tighten incoming inspection for supplier parts,Supplier Quality,2025-12-11,,In Progress,
1940,4827,Supplier process deviation,Issue supplier corrective action request (SCAR),Supplier Quality,2025-12-07,,In Progress,
1941,4828,Operator training gap,Add poka-yoke check at the assembly station,Quality Assurance,2025-12-10,,In Progress,
1942,4830,Material fatigue under load,Switch to a higher grade material,Quality Assurance,2025-12-10,,In Progress,
1943,4833,Machine calibration drift,Recalibrate equipment and update process control plan,Quality Assurance,2025-12-08,,In Progress,
1944,4835,Operator training gap,Retrain operators and add in-line inspection,Quality Assurance,2025-12-17,,In Progress,
1945,4836,Inadequate supplier quality inspection,Tighten incoming inspection for supplier parts,Supplier Quality,2025-12-11,,In Progress,
1946,4838,Thermal design limitation,Redesign cooling and heat protection,Design Engineering,2025-12-13,,In Progress,
1947,4839,Tolerance stack-up in design,Revise tolerances in the design drawings,Design Engineering,2025-12-08,,In Progress,
1948,4843,Material fatigue under load,Switch to a higher grade material,Supplier Quality,2025-12-15,,In Progress,
1949,4846,Assembly tool wear,Replace worn tools and add tool maintenance schedule,Production,2025-12-14,,In Progress,
1950,4847,Assembly tool wear,Replace worn tools and add tool maintenance schedule,Production,2025-12-11,2025-12-28,Completed,False
1951,4851,Assembly tool wear,Replace worn tools and add tool maintenance schedule,Production,2025-12-13,,In Progress,
1952,4858,Material fatigue under load,Switch to a higher grade material,Quality Assurance,2025-12-12,,In Progress,
1953,4859,Operator training gap,Add poka-yoke check at the assembly station,Production,2025-12-20,,In Progress,
1954,4860,Inadequate supplier quality inspection,Tighten incoming inspection for supplier parts,Supplier Quality,2025-12-16,,In Progress,
1955,4861,Operator training gap,Retrain operators and add in-line inspection,Production,2025-12-23,,In Progress,
1956,4862,Inadequate supplier quality inspection,Tighten incoming inspection for supplier parts,Supplier Quality,2025-12-15,,In Progress,
1957,4863,Supplier process deviation,Issue supplier corrective action request (SCAR),Supplier Quality,2025-12-15,,In Progress,
1958,4867,Non-approved modification,Add warning about modifications to warranty terms,Customer Service,2025-12-16,2025-12-29,Completed,False
1959,4876,Machine calibration drift,Recalibrate equipment and update process control plan,Production,2025-12-18,,In Progress,
1960,4883,Incorrect assembly sequence,Update work instructions and assembly sequence,Production,2025-12-18,,In Progress,
1961,4885,Out-of-tolerance component batch,Quarantine affected batch and replace parts,Supplier Quality,2025-12-20,,In Progress,
1962,4888,Operator training gap,Add poka-yoke check at the assembly station,Quality Assurance,2025-12-21,,In Progress,
1963,4891,Assembly tool wear,Replace worn tools and add tool maintenance schedule,Production,2025-12-23,,In Progress,
1964,4893,Incorrect assembly sequence,Update work instructions and assembly sequence,Production,2025-12-23,,In Progress,
1965,4897,Insufficient design margin,Raise design margin through an engineering change,Design Engineering,2025-12-23,,In Progress,
1966,4898,Tolerance stack-up in design,Revise tolerances in the design drawings,Design Engineering,2025-12-21,,In Progress,
1967,4902,Out-of-tolerance component batch,Quarantine affected batch and replace parts,Supplier Quality,2025-12-20,,In Progress,
1968,4903,Tolerance stack-up in design,Revise tolerances in the design drawings,Design Engineering,2025-12-20,,In Progress,
1969,4906,Corrosion due to coating defect,Improve coating process and add corrosion test,Quality Assurance,2025-12-24,,In Progress,
1970,4908,Insufficient process control,Introduce statistical process control on the line,Quality Assurance,2025-12-24,,In Progress,
1971,4911,Inadequate supplier quality inspection,Tighten incoming inspection for supplier parts,Supplier Quality,2025-12-25,,In Progress,
1972,4912,Supplier material substitution,Audit the supplier and require approved materials,Quality Assurance,2025-12-26,,In Progress,
1973,4915,Supplier process deviation,Issue supplier corrective action request (SCAR),Quality Assurance,2025-12-26,,In Progress,
1974,4916,Heat treatment deviation,Require heat treatment certificates from supplier,Quality Assurance,2025-12-27,,In Progress,
1975,4918,Out-of-tolerance component batch,Quarantine affected batch and replace parts,Quality Assurance,2025-12-29,,In Progress,
1976,4919,Supplier process deviation,Issue supplier corrective action request (SCAR),Quality Assurance,2025-12-22,,In Progress,
1977,4924,Assembly tool wear,Replace worn tools and add tool maintenance schedule,Quality Assurance,2025-12-22,,In Progress,
1978,4926,Software logic flaw,Release a software update,Design Engineering,2025-12-26,,In Progress,
1979,4931,Incorrect torque settings,Correct torque specification and add torque monitoring,Production,2025-12-30,,In Progress,
1980,4932,Improper use by customer,Update owner manual and customer communication,Customer Service,2025-12-25,,In Progress,
1981,4933,Tolerance stack-up in design,Revise tolerances in the design drawings,Design Engineering,2025-12-27,,In Progress,
1982,4935,Corrosion due to coating defect,Improve coating process and add corrosion test,Quality Assurance,2025-12-26,,In Progress,
1983,4936,Supplier material substitution,Audit the supplier and require approved materials,Supplier Quality,2025-12-30,,In Progress,
1984,4940,Operator training gap,Add poka-yoke check at the assembly station,Production,2025-12-28,,In Progress,
1985,4941,Tolerance stack-up in design,Revise tolerances in the design drawings,Design Engineering,2025-12-28,,In Progress,
1986,4942,Inadequate supplier quality inspection,Tighten incoming inspection for supplier parts,Supplier Quality,2025-12-30,,In Progress,
1987,4950,Machine calibration drift,Recalibrate equipment and update process control plan,Production,2025-12-30,,In Progress,
1988,4952,Machine calibration drift,Recalibrate equipment and update process control plan,Production,,,Open,
1989,4953,Insufficient process control,Introduce statistical process control on the line,Production,2025-12-30,,In Progress,
1990,4957,Supplier material substitution,Audit the supplier and require approved materials,Supplier Quality,2025-12-27,,In Progress,
1991,4958,Tolerance stack-up in design,Revise tolerances in the design drawings,Design Engineering,,,Open,
1992,4961,Material fatigue under load,Switch to a higher grade material,Supplier Quality,,,Open,
1993,4962,Heat treatment deviation,Require heat treatment certificates from supplier,Quality Assurance,2025-12-31,,In Progress,
1994,4963,Incorrect assembly sequence,Update work instructions and assembly sequence,Quality Assurance,,,Open,
1995,4966,Supplier process deviation,Issue supplier corrective action request (SCAR),Supplier Quality,2025-12-31,,In Progress,
1996,4967,Inadequate supplier quality inspection,Tighten incoming inspection for supplier parts,Supplier Quality,2025-12-30,,In Progress,
1997,4970,Inadequate supplier quality inspection,Tighten incoming inspection for supplier parts,Supplier Quality,2025-12-31,,In Progress,
1998,4973,Incorrect torque settings,Correct torque specification and add torque monitoring,Production,,,Open,
1999,4977,Software logic flaw,Release a software update,Design Engineering,,,Open,
2000,4980,Thermal design limitation,Redesign cooling and heat protection,Design Engineering,,,Open,
