replacement_id,incident_id,part_id,service_date,replacement_cost,labor_cost,transportation_cost,warranty_status,resolution_date,service_center,part_arrival_date
1,9,6,2023-01-02,2378.89,1336.91,494.96,In Warranty,2023-01-06,Service Center 4,2023-01-02
2,11,4,2023-01-04,2741.66,3391.56,60.83,In Warranty,2023-01-08,Service Center 8,2023-01-04
3,12,5,2023-01-05,3114.48,2169.74,523.54,In Warranty,2023-01-17,Service Center 1,2023-01-16
4,5,7,2023-01-05,929.27,1435.03,37.17,In Warranty,2023-01-07,Service Center 3,2023-01-05
5,4,2,2023-01-05,710.54,2963.59,590.36,In Warranty,2023-01-12,Service Center 5,2023-01-05
6,17,5,2023-01-06,3053.92,1669.56,216.48,In Warranty,2023-01-07,Service Center 2,2023-01-06
7,16,15,2023-01-06,14980.04,1789.73,326.91,In Warranty,2023-01-10,Service Center 1,2023-01-08
8,20,16,2023-01-08,2049.39,1176.35,246.91,In Warranty,2023-01-14,Service Center 1,2023-01-11
9,23,16,2023-01-10,2012.24,1050.93,80.1,In Warranty,2023-01-14,Service Center 7,2023-01-10
10,30,11,2023-01-11,2345.24,1810.89,175.77,In Warranty,2023-01-16,Service Center 4,2023-01-14
11,18,10,2023-01-11,3551.97,1113.09,688.52,In Warranty,2023-01-21,Service Center 7,2023-01-18
12,25,21,2023-01-11,4167.96,1511.76,1135.83,In Warranty,2023-01-22,Service Center 6,2023-01-17
13,22,2,2023-01-12,620.13,3801.15,463.13,In Warranty,2023-01-18,Service Center 7,2023-01-12
14,29,24,2023-01-12,1157.72,1782.36,181.02,In Warranty,2023-01-17,Service Center 3,2023-01-15
15,21,13,2023-01-12,469.74,2220.88,1800.71,In Warranty,2023-01-23,Service Center 4,2023-01-21
16,37,4,2023-01-13,3065.9,3252.83,260.59,In Warranty,2023-01-18,Service Center 2,2023-01-16
17,32,7,2023-01-13,893.39,908.22,175.45,In Warranty,2023-01-18,Service Center 2,2023-01-15
18,33,24,2023-01-13,1060.88,1350.29,50.49,In Warranty,2023-01-14,Service Center 3,2023-01-13
19,38,21,2023-01-14,3973.3,1335.39,1730.51,In Warranty,2023-01-26,Service Center 2,2023-01-24
20,35,18,2023-01-14,10215.17,1303.0,691.48,In Warranty,2023-01-22,Service Center 2,2023-01-20
21,31,13,2023-01-14,451.44,2835.31,1769.65,In Warranty,2023-01-18,Service Center 6,2023-01-15
22,36,7,2023-01-15,967.84,990.49,138.79,In Warranty,2023-01-21,Service Center 4,2023-01-18
23,52,11,2023-01-16,2347.7,2819.2,167.27,In Warranty,2023-01-22,Service Center 4,2023-01-18
24,24,12,2023-01-16,4476.77,2704.16,1048.48,In Warranty,2023-01-26,Service Center 5,2023-01-22
25,42,30,2023-01-16,900.51,1254.86,644.01,In Warranty,2023-01-22,Service Center 5,2023-01-17
26,41,9,2023-01-17,1584.86,1185.63,1471.11,In Warranty,2023-02-04,Service Center 4,2023-01-25
27,39,15,2023-01-17,14446.34,1300.13,67.43,Out of Warranty,2023-01-20,Service Center 6,2023-01-17
28,46,20,2023-01-19,5268.22,2299.33,1588.16,In Warranty,2023-02-07,Service Center 1,2023-01-30
29,58,16,2023-01-19,1890.28,1932.97,259.19,In Warranty,2023-01-24,Service Center 3,2023-01-21
30,59,18,2023-01-19,9187.08,1444.0,559.2,In Warranty,2023-02-10,Service Center 4,2023-02-06
31,48,6,2023-01-19,2297.42,2394.15,1522.51,In Warranty,2023-02-02,Service Center 3,2023-01-30
32,57,16,2023-01-19,1836.53,1294.89,64.27,In Warranty,2023-01-26,Service Center 3,2023-01-19
33,46,19,2023-01-19,22410.06,813.81,1237.47,In Warranty,2023-02-07,Service Center 1,2023-01-30
34,61,23,2023-01-20,2006.96,1626.26,1283.66,In Warranty,2023-02-06,Service Center 4,2023-02-04
35,66,7,2023-01-21,947.76,1266.64,46.41,In Warranty,2023-01-22,Service Center 1,2023-01-21
36,75,23,2023-01-21,2261.23,2361.86,1300.09,In Warranty,2023-01-31,Service Center 1,2023-01-27
37,54,6,2023-01-21,2581.7,1866.41,437.87,In Warranty,2023-01-22,Service Center 1,2023-01-21
38,56,7,2023-01-22,975.2,1001.76,54.52,In Warranty,2023-01-24,Service Center 4,2023-01-22
39,50,27,2023-01-22,8813.35,2286.45,2301.04,In Warranty,2023-01-30,Service Center 8,2023-01-29
40,80,13,2023-01-24,431.86,1657.07,554.05,In Warranty,2023-01-26,Service Center 4,2023-01-24
41,74,30,2023-01-24,897.65,960.16,168.54,In Warranty,2023-01-28,Service Center 2,2023-01-24
42,72,27,2023-01-24,8536.16,2373.94,2345.26,In Warranty,2023-02-06,Service Center 7,2023-02-04
43,40,11,2023-01-25,2338.28,2461.93,42.56,In Warranty,2023-01-30,Service Center 5,2023-01-25
44,86,16,2023-01-25,2059.31,1110.31,84.93,In Warranty,2023-01-29,Service Center 6,2023-01-25
45,88,7,2023-01-26,897.6,1370.02,193.12,In Warranty,2023-02-01,Service Center 4,2023-01-28
46,73,11,2023-01-26,2187.14,2811.95,56.59,In Warranty,2023-01-28,Service Center 4,2023-01-26
47,77,24,2023-01-26,1113.05,1451.64,188.16,In Warranty,2023-01-31,Service Center 1,2023-01-27
48,89,14,2023-01-27,738.78,2713.12,649.52,In Warranty,2023-02-06,Service Center 6,2023-02-03
49,67,1,2023-01-27,1146.61,5502.91,2668.03,In Warranty,2023-02-04,Service Center 6,2023-02-03
50,55,9,2023-01-27,1482.19,759.51,1413.85,In Warranty,2023-02-10,Service Center 8,2023-02-07
51,87,8,2023-01-28,1793.13,1048.26,944.2,In Warranty,2023-02-08,Service Center 6,2023-02-06
52,84,9,2023-01-28,1645.3,759.32,1449.49,In Warranty,2023-02-22,Service Center 3,2023-02-17
53,82,13,2023-01-28,489.35,2384.6,1740.12,In Warranty,2023-02-04,Service Center 6,2023-02-02
54,63,4,2023-01-28,2922.08,3787.99,242.3,In Warranty,2023-02-02,Service Center 5,2023-01-30
55,83,15,2023-01-28,15820.27,1150.92,235.86,Out of Warranty,2023-02-07,Service Center 8,2023-02-01
56,92,21,2023-01-28,3733.16,1965.13,488.59,In Warranty,2023-02-01,Service Center 2,2023-01-28
57,63,2,2023-01-28,618.78,1957.12,1408.65,In Warranty,2023-02-02,Service Center 5,2023-01-30
58,92,19,2023-01-28,21788.34,840.78,472.56,In Warranty,2023-02-01,Service Center 2,2023-01-28
59,97,30,2023-01-30,905.4,1429.67,628.28,In Warranty,2023-02-14,Service Center 3,2023-02-09
60,94,30,2023-01-30,843.2,1106.09,604.28,In Warranty,2023-02-16,Service Center 5,2023-02-06
61,96,27,2023-01-31,8180.46,2554.19,640.46,In Warranty,2023-02-03,Service Center 5,2023-01-31
62,95,6,2023-02-01,2462.47,1903.7,1645.41,Out of Warranty,2023-02-14,Service Center 5,2023-02-10
63,102,27,2023-02-03,8741.97,2765.41,2128.23,In Warranty,2023-02-12,Service Center 2,2023-02-10
64,107,21,2023-02-03,3763.61,1568.46,398.57,In Warranty,2023-02-09,Service Center 1,2023-02-03
65,109,16,2023-02-04,2024.69,1574.97,216.2,In Warranty,2023-02-15,Service Center 1,2023-02-11
66,114,27,2023-02-05,9023.69,3001.81,751.05,In Warranty,2023-02-07,Service Center 8,2023-02-05
67,91,12,2023-02-05,4137.77,1870.64,1366.39,In Warranty,2023-02-14,Service Center 5,2023-02-12
68,108,17,2023-02-06,6766.1,1667.08,306.68,In Warranty,2023-02-15,Service Center 3,2023-02-12
69,101,26,2023-02-06,1656.49,6140.13,2445.93,In Warranty,2023-02-16,Service Center 5,2023-02-10
70,116,20,2023-02-07,5486.38,1888.22,1545.82,In Warranty,2023-02-11,Service Center 8,2023-02-09
71,118,13,2023-02-07,491.7,2350.84,1662.48,In Warranty,2023-02-19,Service Center 4,2023-02-12
72,112,7,2023-02-07,909.99,1218.17,161.37,In Warranty,2023-02-10,Service Center 1,2023-02-08
73,123,10,2023-02-08,3447.41,1095.02,778.18,In Warranty,2023-02-17,Service Center 3,2023-02-16
74,122,24,2023-02-09,1142.35,2080.59,160.73,In Warranty,2023-02-15,Service Center 7,2023-02-13
75,119,28,2023-02-09,342.15,2312.99,63.06,In Warranty,2023-02-13,Service Center 2,2023-02-09
76,126,14,2023-02-09,718.54,1646.43,180.66,In Warranty,2023-02-10,Service Center 1,2023-02-09
77,120,18,2023-02-09,10390.62,1068.52,560.15,In Warranty,2023-02-25,Service Center 1,2023-02-20
78,125,7,2023-02-09,884.6,1348.99,133.78,In Warranty,2023-02-17,Service Center 2,2023-02-10
79,105,18,2023-02-09,9773.06,1264.74,506.16,In Warranty,2023-03-08,Service Center 8,2023-03-07
80,127,9,2023-02-10,1584.18,1099.17,1482.46,In Warranty,2023-02-16,Service Center 5,2023-02-14
81,135,12,2023-02-10,4037.56,2674.74,1231.69,In Warranty,2023-03-05,Service Center 5,2023-02-18
82,134,7,2023-02-11,962.25,1253.34,45.4,In Warranty,2023-02-16,Service Center 2,2023-02-11
83,134,9,2023-02-11,1636.6,445.3,545.15,In Warranty,2023-02-16,Service Center 2,2023-02-11
84,131,16,2023-02-12,1980.36,1538.36,75.86,In Warranty,2023-02-14,Service Center 2,2023-02-12
85,145,26,2023-02-13,1634.4,6060.72,2406.84,In Warranty,2023-02-26,Service Center 1,2023-02-22
86,136,7,2023-02-13,986.98,1031.81,52.46,In Warranty,2023-02-17,Service Center 6,2023-02-13
87,130,9,2023-02-14,1592.86,1076.77,1513.59,In Warranty,2023-03-12,Service Center 5,2023-03-11
88,142,5,2023-02-14,3104.55,2207.35,225.77,In Warranty,2023-02-18,Service Center 8,2023-02-14
89,129,15,2023-02-16,15779.39,1489.42,337.74,In Warranty,2023-03-04,Service Center 4,2023-02-27
90,128,7,2023-02-16,895.22,1166.72,139.92,In Warranty,2023-02-26,Service Center 5,2023-02-18
91,152,2,2023-02-16,618.86,4359.86,2092.76,In Warranty,2023-03-07,Service Center 7,2023-03-02
92,150,20,2023-02-17,5638.97,1364.25,465.68,In Warranty,2023-02-22,Service Center 4,2023-02-17
93,150,21,2023-02-17,4199.88,654.06,513.67,In Warranty,2023-02-22,Service Center 4,2023-02-17
94,158,24,2023-02-18,1096.58,1405.73,153.18,In Warranty,2023-02-24,Service Center 8,2023-02-21
95,157,5,2023-02-18,3440.44,1765.46,159.23,Out of Warranty,2023-02-20,Service Center 1,2023-02-18
96,160,10,2023-02-18,3645.86,916.89,556.25,In Warranty,2023-02-25,Service Center 1,2023-02-22
97,153,23,2023-02-18,2122.95,1502.69,1396.09,In Warranty,2023-03-03,Service Center 7,2023-02-25
98,159,25,2023-02-19,5507.52,4793.43,882.23,Out of Warranty,2023-03-07,Service Center 8,2023-03-04
99,164,7,2023-02-19,898.13,783.08,190.79,In Warranty,2023-02-22,Service Center 6,2023-02-20
100,164,10,2023-02-19,3448.62,450.3,688.53,In Warranty,2023-02-22,Service Center 6,2023-02-20
101,143,19,2023-02-21,23268.91,2100.7,1588.56,In Warranty,2023-03-16,Service Center 5,2023-03-14
102,172,13,2023-02-21,456.38,1799.13,1523.91,In Warranty,2023-03-04,Service Center 5,2023-02-28
103,175,13,2023-02-22,440.68,2180.66,1652.56,Out of Warranty,2023-03-07,Service Center 1,2023-03-05
104,169,13,2023-02-23,462.54,2903.6,1719.36,In Warranty,2023-03-17,Service Center 2,2023-03-15
105,182,16,2023-02-23,2089.82,1296.04,73.87,In Warranty,2023-02-24,Service Center 2,2023-02-23
106,170,8,2023-02-23,1951.86,1071.95,280.23,In Warranty,2023-03-02,Service Center 2,2023-02-23
107,183,21,2023-02-23,4032.52,1927.72,1806.48,In Warranty,2023-03-09,Service Center 1,2023-03-06
108,187,12,2023-02-24,4072.43,2925.61,1155.71,In Warranty,2023-02-27,Service Center 1,2023-02-25
109,167,27,2023-02-25,9315.64,2350.14,2283.42,In Warranty,2023-03-09,Service Center 2,2023-03-05
110,162,22,2023-02-25,2856.95,1739.92,1330.53,In Warranty,2023-03-06,Service Center 7,2023-03-03
111,184,8,2023-02-27,1949.99,831.06,931.62,In Warranty,2023-03-11,Service Center 5,2023-03-07
112,171,8,2023-02-27,1880.33,807.75,1257.99,Out of Warranty,2023-03-18,Service Center 4,2023-03-16
113,137,12,2023-02-27,4562.66,2293.06,906.79,Out of Warranty,2023-03-30,Service Center 5,2023-03-27
114,193,11,2023-02-27,2216.67,1826.03,173.01,Out of Warranty,2023-03-03,Service Center 1,2023-02-28
115,184,7,2023-02-27,899.0,352.6,172.07,In Warranty,2023-03-11,Service Center 5,2023-03-07
116,177,21,2023-03-01,3747.53,2042.69,1601.8,In Warranty,2023-03-19,Service Center 7,2023-03-14
117,195,7,2023-03-01,915.6,1334.55,149.41,In Warranty,2023-03-04,Service Center 8,2023-03-03
118,178,2,2023-03-01,682.85,4409.32,605.41,In Warranty,2023-03-08,Service Center 2,2023-03-01
119,202,27,2023-03-02,9311.1,2117.95,2398.96,In Warranty,2023-03-09,Service Center 2,2023-03-07
120,206,16,2023-03-02,2045.51,1193.78,224.8,In Warranty,2023-03-12,Service Center 5,2023-03-07
121,197,2,2023-03-02,652.21,4244.24,1856.68,In Warranty,2023-03-11,Service Center 4,2023-03-07
122,190,7,2023-03-02,857.09,1222.55,164.67,In Warranty,2023-03-11,Service Center 5,2023-03-06
123,188,22,2023-03-02,2557.1,1829.47,1139.81,In Warranty,2023-03-18,Service Center 5,2023-03-11
124,191,16,2023-03-02,1866.79,1920.88,83.57,In Warranty,2023-03-05,Service Center 5,2023-03-02
125,201,1,2023-03-03,1255.64,5508.68,2858.03,In Warranty,2023-03-14,Service Center 3,2023-03-09
126,201,2,2023-03-03,703.54,1538.04,1593.2,In Warranty,2023-03-14,Service Center 3,2023-03-09
127,198,7,2023-03-04,873.75,940.89,143.48,In Warranty,2023-03-09,Service Center 3,2023-03-05
128,210,11,2023-03-04,2379.32,1607.71,165.01,In Warranty,2023-03-14,Service Center 1,2023-03-07
129,216,6,2023-03-06,2452.28,1926.1,1525.67,In Warranty,2023-03-20,Service Center 1,2023-03-19
130,217,11,2023-03-07,2121.53,1478.06,140.38,In Warranty,2023-03-13,Service Center 3,2023-03-09
131,217,14,2023-03-07,691.08,898.03,598.5,In Warranty,2023-03-13,Service Center 3,2023-03-09
132,213,7,2023-03-08,980.56,922.07,178.82,Out of Warranty,2023-03-14,Service Center 8,2023-03-11
133,214,7,2023-03-09,981.9,935.97,159.17,In Warranty,2023-03-18,Service Center 2,2023-03-09
134,205,2,2023-03-09,654.95,3269.29,1556.42,In Warranty,2023-03-19,Service Center 5,2023-03-18
135,215,23,2023-03-09,2121.05,1784.01,1020.17,In Warranty,2023-03-17,Service Center 5,2023-03-15
136,221,11,2023-03-09,2128.5,2746.31,42.16,In Warranty,2023-03-15,Service Center 4,2023-03-09
137,219,30,2023-03-10,807.85,1219.89,183.93,In Warranty,2023-03-16,Service Center 4,2023-03-10
138,227,13,2023-03-10,451.4,2113.4,480.18,In Warranty,2023-03-12,Service Center 2,2023-03-10
139,211,12,2023-03-10,4288.41,2365.88,1352.04,In Warranty,2023-03-28,Service Center 3,2023-03-27
140,218,28,2023-03-10,346.09,2671.77,265.87,In Warranty,2023-03-16,Service Center 8,2023-03-11
141,212,21,2023-03-10,3753.14,2053.95,1275.06,In Warranty,2023-04-06,Service Center 5,2023-03-31
142,224,28,2023-03-10,349.0,2922.26,259.42,In Warranty,2023-03-17,Service Center 3,2023-03-13
143,223,22,2023-03-11,2693.24,1586.5,1581.96,In Warranty,2023-03-22,Service Center 2,2023-03-21
144,228,7,2023-03-11,879.66,1141.6,134.92,In Warranty,2023-03-17,Service Center 2,2023-03-13
145,234,26,2023-03-12,1662.9,5333.05,1612.0,In Warranty,2023-04-09,Service Center 7,2023-04-04
146,225,9,2023-03-12,1618.97,1042.98,1235.96,In Warranty,2023-04-01,Service Center 1,2023-03-29
147,242,1,2023-03-13,1175.21,3108.96,2606.58,Out of Warranty,2023-03-26,Service Center 1,2023-03-25
148,240,6,2023-03-14,2533.9,1772.5,358.83,In Warranty,2023-03-16,Service Center 1,2023-03-14
149,248,28,2023-03-14,382.68,2366.02,260.75,In Warranty,2023-03-29,Service Center 7,2023-03-17
150,247,6,2023-03-15,2372.97,1870.74,1208.95,In Warranty,2023-04-03,Service Center 3,2023-03-31
151,245,14,2023-03-15,737.39,2843.42,692.99,In Warranty,2023-03-23,Service Center 3,2023-03-20
152,238,30,2023-03-15,847.82,1246.32,572.48,In Warranty,2023-04-02,Service Center 7,2023-03-28
153,243,4,2023-03-16,2689.6,4995.08,204.0,In Warranty,2023-03-21,Service Center 5,2023-03-17
154,235,18,2023-03-16,9536.7,1688.14,546.25,In Warranty,2023-03-30,Service Center 5,2023-03-25
155,241,7,2023-03-16,862.47,1436.71,128.12,In Warranty,2023-03-18,Service Center 3,2023-03-17
156,241,10,2023-03-16,3438.04,358.88,766.37,In Warranty,2023-03-18,Service Center 3,2023-03-17
157,253,6,2023-03-17,2523.79,2137.17,1098.57,In Warranty,2023-04-05,Service Center 8,2023-03-29
158,220,7,2023-03-17,874.54,895.76,145.02,In Warranty,2023-03-23,Service Center 5,2023-03-18
159,232,30,2023-03-18,856.32,1224.71,496.47,In Warranty,2023-03-28,Service Center 7,2023-03-26
160,229,1,2023-03-18,1290.33,3454.42,2767.11,In Warranty,2023-04-03,Service Center 5,2023-03-26
161,254,27,2023-03-18,8613.53,3398.44,1965.04,In Warranty,2023-04-01,Service Center 1,2023-03-31
162,250,19,2023-03-20,22741.34,1434.15,1321.97,In Warranty,2023-03-28,Service Center 4,2023-03-25
163,261,30,2023-03-20,840.52,791.01,485.58,In Warranty,2023-04-02,Service Center 7,2023-03-29
164,255,9,2023-03-20,1465.91,1004.38,1317.46,In Warranty,2023-03-29,Service Center 1,2023-03-27
165,256,2,2023-03-21,637.6,5485.86,469.49,In Warranty,2023-03-22,Service Center 2,2023-03-21
166,268,16,2023-03-21,1852.6,1653.24,313.75,In Warranty,2023-03-27,Service Center 1,2023-03-24
167,239,11,2023-03-22,2120.88,1641.44,44.93,In Warranty,2023-03-26,Service Center 8,2023-03-22
168,265,15,2023-03-22,15310.08,1228.47,304.24,In Warranty,2023-03-25,Service Center 5,2023-03-24
169,259,21,2023-03-22,3797.93,1650.76,512.99,In Warranty,2023-03-23,Service Center 1,2023-03-22
170,237,20,2023-03-22,5031.68,2201.92,1513.15,In Warranty,2023-04-10,Service Center 5,2023-04-01
171,259,19,2023-03-22,23485.65,978.64,466.31,In Warranty,2023-03-23,Service Center 1,2023-03-22
172,262,16,2023-03-23,1960.57,1827.32,324.0,In Warranty,2023-03-27,Service Center 4,2023-03-24
173,264,20,2023-03-23,5117.12,1415.74,1149.62,In Warranty,2023-04-14,Service Center 8,2023-04-10
174,263,11,2023-03-24,2138.74,2429.05,43.2,In Warranty,2023-03-27,Service Center 8,2023-03-24
175,270,28,2023-03-24,344.64,1797.16,245.72,In Warranty,2023-03-28,Service Center 6,2023-03-26
176,276,4,2023-03-24,2830.91,5739.91,253.76,In Warranty,2023-03-28,Service Center 3,2023-03-26
177,274,29,2023-03-25,5238.92,1994.7,995.73,In Warranty,2023-03-29,Service Center 2,2023-03-28
178,257,25,2023-03-25,5578.21,4294.03,1097.91,In Warranty,2023-04-05,Service Center 8,2023-03-31
179,280,30,2023-03-26,865.65,895.32,545.76,In Warranty,2023-04-09,Service Center 1,2023-04-05
180,283,11,2023-03-27,2128.2,2909.4,137.28,In Warranty,2023-04-04,Service Center 1,2023-03-29
181,285,12,2023-03-28,4520.78,1820.34,403.36,In Warranty,2023-04-01,Service Center 1,2023-03-28
182,282,13,2023-03-29,478.32,1845.53,376.97,In Warranty,2023-04-01,Service Center 3,2023-03-29
183,287,5,2023-03-30,3331.75,1337.05,576.58,Out of Warranty,,Service Center 3,2023-04-02
184,279,5,2023-03-30,3292.01,1823.68,488.22,In Warranty,2023-04-06,Service Center 1,2023-04-04
185,292,17,2023-03-30,6752.33,1035.86,299.82,In Warranty,2023-04-03,Service Center 2,2023-03-31
186,275,26,2023-03-30,1759.5,7685.02,2379.38,In Warranty,,Service Center 7,2023-04-06
187,297,2,2023-04-01,709.35,4286.6,1695.08,In Warranty,,Service Center 3,2023-04-07
188,300,21,2023-04-01,3828.25,1381.29,1584.46,In Warranty,2023-04-10,Service Center 8,2023-04-07
189,303,27,2023-04-02,8105.31,2296.76,1930.81,In Warranty,2023-04-15,Service Center 4,2023-04-10
190,307,16,2023-04-02,1971.49,1139.24,317.75,In Warranty,2023-04-12,Service Center 1,2023-04-09
191,293,10,2023-04-02,3430.49,1454.83,610.81,In Warranty,2023-04-08,Service Center 1,2023-04-07
192,302,20,2023-04-02,5075.52,1436.8,1564.11,In Warranty,2023-04-18,Service Center 5,2023-04-09
193,296,27,2023-04-03,8592.7,2261.79,587.06,In Warranty,2023-04-07,Service Center 5,2023-04-03
194,305,1,2023-04-04,1221.7,3467.43,705.28,In Warranty,2023-04-09,Service Center 4,2023-04-04
195,294,7,2023-04-04,929.99,927.79,53.29,In Warranty,2023-04-06,Service Center 5,2023-04-04
196,281,13,2023-04-05,458.68,1823.36,1877.49,In Warranty,2023-04-29,Service Center 5,2023-04-20
197,317,6,2023-04-05,2321.95,1504.35,1135.29,In Warranty,2023-04-20,Service Center 1,2023-04-17
198,309,22,2023-04-06,2509.96,1991.76,1493.0,Out of Warranty,2023-04-16,Service Center 1,2023-04-15
199,306,7,2023-04-06,869.54,1119.52,168.98,In Warranty,2023-04-13,Service Center 5,2023-04-06
200,311,22,2023-04-06,2574.34,2305.62,434.12,In Warranty,2023-04-08,Service Center 8,2023-04-06
201,314,11,2023-04-06,2196.62,1617.97,172.38,Out of Warranty,2023-04-20,Service Center 1,2023-04-13
202,301,26,2023-04-07,1711.41,6660.65,2525.45,In Warranty,2023-04-20,Service Center 2,2023-04-19
203,310,15,2023-04-07,15703.19,1711.89,272.5,In Warranty,2023-04-13,Service Center 1,2023-04-11
204,315,18,2023-04-08,9454.06,1146.73,538.63,In Warranty,2023-04-23,Service Center 6,2023-04-19
205,321,25,2023-04-09,5843.86,6268.95,974.45,In Warranty,2023-04-17,Service Center 3,2023-04-10
206,327,7,2023-04-10,858.13,1008.81,128.04,In Warranty,2023-04-21,Service Center 5,2023-04-14
207,312,20,2023-04-10,5424.16,2181.41,431.73,In Warranty,2023-04-13,Service Center 8,2023-04-10
208,327,10,2023-04-10,3826.86,360.51,683.44,In Warranty,2023-04-21,Service Center 5,2023-04-14
209,336,26,2023-04-11,1746.66,4828.14,1725.9,In Warranty,2023-04-20,Service Center 4,2023-04-17
210,320,26,2023-04-11,1678.91,6494.19,714.55,Out of Warranty,2023-04-15,Service Center 6,2023-04-11
211,318,15,2023-04-11,15822.17,1039.84,263.27,In Warranty,2023-04-17,Service Center 3,2023-04-15
212,326,15,2023-04-12,15891.56,1178.17,303.59,Out of Warranty,2023-04-15,Service Center 1,2023-04-13
213,325,12,2023-04-13,4059.8,2810.0,341.94,In Warranty,2023-04-22,Service Center 7,2023-04-13
214,337,7,2023-04-13,988.25,1234.01,172.42,In Warranty,2023-04-15,Service Center 4,2023-04-13
215,338,23,2023-04-14,2152.9,1811.68,1242.37,In Warranty,2023-04-25,Service Center 4,2023-04-23
216,322,8,2023-04-14,1933.55,852.24,305.34,Out of Warranty,2023-04-18,Service Center 6,2023-04-14
217,289,21,2023-04-15,4247.59,1576.08,344.72,In Warranty,2023-04-24,Service Center 5,2023-04-15
218,344,18,2023-04-15,10009.3,1498.3,138.95,Out of Warranty,2023-04-18,Service Center 1,2023-04-15
219,343,30,2023-04-16,885.99,1095.45,685.1,In Warranty,2023-04-29,Service Center 7,2023-04-24
220,350,27,2023-04-17,8823.49,3397.3,1687.1,In Warranty,2023-04-28,Service Center 3,2023-04-25
221,323,24,2023-04-17,1078.2,1772.6,128.55,In Warranty,2023-04-23,Service Center 2,2023-04-20
222,353,4,2023-04-18,2819.87,3213.9,86.46,In Warranty,2023-04-19,Service Center 1,2023-04-18
223,357,21,2023-04-19,3816.65,1964.38,1809.15,Out of Warranty,2023-05-02,Service Center 4,2023-04-28
224,359,15,2023-04-21,15103.58,1208.26,329.93,In Warranty,2023-05-07,Service Center 2,2023-05-02
225,354,17,2023-04-21,6932.9,1349.43,91.1,In Warranty,2023-04-23,Service Center 8,2023-04-21
226,351,27,2023-04-21,8354.13,2609.15,568.65,In Warranty,2023-04-23,Service Center 2,2023-04-21
227,349,16,2023-04-21,1880.85,1566.4,92.72,In Warranty,2023-04-27,Service Center 6,2023-04-21
228,349,17,2023-04-21,6819.93,783.54,70.53,In Warranty,2023-04-27,Service Center 6,2023-04-21
229,363,27,2023-04-22,8222.02,2356.3,1950.33,In Warranty,2023-05-18,Service Center 4,2023-05-11
230,360,19,2023-04-22,21044.14,2021.06,347.02,In Warranty,2023-04-26,Service Center 4,2023-04-22
231,363,28,2023-04-22,378.04,1304.47,269.19,In Warranty,2023-05-18,Service Center 4,2023-05-11
232,362,15,2023-04-23,14951.59,1774.33,214.97,In Warranty,2023-04-30,Service Center 7,2023-04-28
233,367,8,2023-04-24,1890.2,850.78,884.51,In Warranty,2023-05-05,Service Center 7,2023-04-30
234,372,23,2023-04-24,2150.75,1559.31,1394.32,In Warranty,2023-05-12,Service Center 1,2023-05-08
235,355,30,2023-04-24,855.65,1397.44,516.82,In Warranty,2023-04-30,Service Center 3,2023-04-25
236,376,27,2023-04-25,8439.81,2071.8,1849.23,In Warranty,2023-05-03,Service Center 7,2023-04-30
237,369,21,2023-04-25,3891.38,2153.34,1331.97,In Warranty,2023-05-18,Service Center 2,2023-05-15
238,352,7,2023-04-25,874.52,1011.4,47.17,In Warranty,2023-04-27,Service Center 2,2023-04-25
239,368,18,2023-04-26,9705.94,1400.6,449.64,In Warranty,2023-05-06,Service Center 1,2023-05-03
240,379,11,2023-04-26,2091.53,1580.79,50.82,In Warranty,2023-05-01,Service Center 3,2023-04-26
241,358,26,2023-04-26,1727.53,5160.33,2075.54,In Warranty,2023-05-29,Service Center 5,2023-05-26
242,358,25,2023-04-26,5279.76,2695.83,868.32,In Warranty,2023-05-29,Service Center 5,2023-05-26
243,370,13,2023-04-27,443.23,2271.75,1509.8,In Warranty,2023-05-10,Service Center 4,2023-05-06
244,375,24,2023-04-27,1190.94,1993.01,48.61,Out of Warranty,2023-05-03,Service Center 7,2023-04-27
245,377,3,2023-04-28,17826.12,3774.41,2372.1,In Warranty,2023-05-04,Service Center 4,2023-05-01
246,380,18,2023-04-30,9570.31,1411.21,577.95,Out of Warranty,2023-05-18,Service Center 2,2023-05-16
247,381,10,2023-04-30,3447.17,805.97,519.77,In Warranty,2023-05-05,Service Center 2,2023-05-02
248,389,16,2023-05-02,2056.07,1426.43,305.98,In Warranty,2023-05-08,Service Center 1,2023-05-05
249,389,18,2023-05-02,9624.39,429.83,484.57,In Warranty,2023-05-08,Service Center 1,2023-05-05
250,388,7,2023-05-04,874.3,1202.37,153.7,In Warranty,2023-05-07,Service Center 1,2023-05-06
251,399,6,2023-05-05,2436.91,2048.17,1365.59,In Warranty,2023-05-15,Service Center 3,2023-05-09
252,387,9,2023-05-05,1601.83,898.37,1570.51,In Warranty,2023-05-16,Service Center 4,2023-05-12
253,402,15,2023-05-06,14378.36,1784.06,101.06,In Warranty,2023-05-10,Service Center 2,2023-05-06
254,409,9,2023-05-08,1571.55,1165.58,1448.9,In Warranty,2023-06-14,Service Center 2,2023-06-12
255,400,24,2023-05-08,1192.65,1430.23,177.48,In Warranty,2023-05-20,Service Center 6,2023-05-10
256,401,16,2023-05-08,1866.27,1363.93,321.42,In Warranty,2023-05-15,Service Center 1,2023-05-11
257,406,8,2023-05-08,1850.02,1141.86,329.17,In Warranty,2023-05-11,Service Center 5,2023-05-08
258,405,15,2023-05-08,14533.55,1122.38,311.76,In Warranty,2023-05-13,Service Center 2,2023-05-12
259,401,15,2023-05-08,15038.65,646.44,262.53,In Warranty,2023-05-15,Service Center 1,2023-05-11
260,403,14,2023-05-09,758.32,2881.59,527.44,In Warranty,2023-05-16,Service Center 3,2023-05-13
261,410,11,2023-05-10,2374.09,2113.65,57.67,In Warranty,2023-05-11,Service Center 4,2023-05-10
262,411,1,2023-05-10,1209.74,3252.65,791.95,In Warranty,2023-05-12,Service Center 1,2023-05-10
263,404,24,2023-05-11,1184.01,1343.13,153.65,In Warranty,2023-05-16,Service Center 3,2023-05-12
264,407,4,2023-05-11,2883.32,4729.14,268.74,In Warranty,2023-05-17,Service Center 7,2023-05-13
265,408,24,2023-05-11,1103.1,1510.2,176.76,In Warranty,2023-05-19,Service Center 2,2023-05-15
266,416,16,2023-05-12,1896.28,1815.78,283.45,In Warranty,2023-05-20,Service Center 7,2023-05-16
267,418,19,2023-05-15,23827.7,1771.36,503.34,In Warranty,2023-05-16,Service Center 2,2023-05-15
268,419,9,2023-05-16,1479.17,776.56,1693.19,In Warranty,2023-06-03,Service Center 2,2023-05-31
269,427,24,2023-05-17,1115.48,1305.83,139.28,In Warranty,2023-05-19,Service Center 8,2023-05-18
270,421,19,2023-05-18,24175.15,1949.17,1091.38,In Warranty,2023-06-07,Service Center 6,2023-06-03
271,430,3,2023-05-20,20041.78,3557.0,2491.95,In Warranty,2023-05-30,Service Center 8,2023-05-26
272,426,14,2023-05-20,687.68,2874.55,616.57,In Warranty,2023-05-29,Service Center 7,2023-05-27
273,432,30,2023-05-21,829.09,871.42,481.43,In Warranty,2023-06-02,Service Center 2,2023-05-30
274,435,8,2023-05-22,1770.74,1097.13,1095.64,In Warranty,2023-06-04,Service Center 8,2023-05-30
275,439,10,2023-05-24,3410.05,902.39,165.81,In Warranty,2023-05-27,Service Center 2,2023-05-24
276,431,24,2023-05-24,1150.3,2016.83,151.34,In Warranty,2023-05-29,Service Center 5,2023-05-26
277,449,28,2023-05-27,380.35,1798.06,212.2,Out of Warranty,2023-05-30,Service Center 2,2023-05-28
278,446,11,2023-05-27,2221.25,1658.5,167.53,In Warranty,2023-06-01,Service Center 3,2023-05-28
279,448,7,2023-05-27,936.71,765.18,53.83,In Warranty,2023-05-31,Service Center 2,2023-05-27
280,440,22,2023-05-29,2519.57,1852.7,502.96,Out of Warranty,2023-06-01,Service Center 5,2023-05-29
281,434,16,2023-05-30,1904.65,1509.18,249.74,In Warranty,2023-06-02,Service Center 8,2023-06-01
282,450,18,2023-05-30,9371.17,1175.7,150.91,In Warranty,2023-06-03,Service Center 3,2023-05-30
283,460,28,2023-05-31,355.89,2494.94,184.99,In Warranty,2023-06-04,Service Center 3,2023-06-03
284,455,7,2023-05-31,921.0,871.21,191.0,In Warranty,2023-06-09,Service Center 1,2023-06-01
285,456,11,2023-05-31,2151.6,2666.43,149.18,In Warranty,2023-06-08,Service Center 8,2023-06-03
286,454,14,2023-05-31,716.01,2324.75,754.94,In Warranty,2023-06-11,Service Center 6,2023-06-10
287,451,18,2023-06-01,9348.05,1423.85,494.63,In Warranty,2023-06-21,Service Center 6,2023-06-16
288,462,12,2023-06-02,4280.23,2683.47,1195.04,In Warranty,2023-06-11,Service Center 6,2023-06-09
289,461,16,2023-06-02,1955.75,1205.57,74.47,In Warranty,2023-06-07,Service Center 6,2023-06-02
290,464,2,2023-06-03,682.33,4612.95,490.82,In Warranty,2023-06-04,Service Center 1,2023-06-03
291,458,24,2023-06-03,1182.55,2046.5,180.36,In Warranty,2023-06-07,Service Center 2,2023-06-05
292,438,2,2023-06-04,704.06,4303.32,1797.23,In Warranty,2023-06-13,Service Center 4,2023-06-10
293,474,14,2023-06-05,730.72,1849.44,606.55,Out of Warranty,2023-06-27,Service Center 1,2023-06-22
294,477,21,2023-06-06,4115.03,2359.52,1556.75,In Warranty,2023-06-14,Service Center 1,2023-06-10
295,471,11,2023-06-06,2107.23,1474.01,175.82,In Warranty,2023-06-14,Service Center 3,2023-06-08
296,467,12,2023-06-06,4592.69,2575.42,1229.48,In Warranty,2023-06-20,Service Center 2,2023-06-19
297,470,13,2023-06-07,428.61,1880.65,1905.28,In Warranty,2023-06-28,Service Center 2,2023-06-21
298,466,12,2023-06-07,4268.41,1951.67,1417.68,In Warranty,2023-06-16,Service Center 3,2023-06-10
299,466,11,2023-06-07,2284.54,749.15,157.05,In Warranty,2023-06-16,Service Center 3,2023-06-10
300,484,13,2023-06-08,478.72,1574.91,1626.71,In Warranty,2023-06-24,Service Center 8,2023-06-19
301,482,8,2023-06-10,1789.09,1441.42,1162.18,In Warranty,2023-06-18,Service Center 6,2023-06-13
302,483,27,2023-06-10,8223.91,2937.54,2265.99,In Warranty,2023-06-20,Service Center 2,2023-06-18
303,493,10,2023-06-11,3678.38,1203.05,710.76,In Warranty,2023-06-18,Service Center 6,2023-06-14
304,490,11,2023-06-12,2308.91,2711.0,168.84,In Warranty,2023-06-17,Service Center 6,2023-06-15
305,495,2,2023-06-12,700.17,4015.57,1716.22,In Warranty,2023-06-23,Service Center 3,2023-06-20
306,487,7,2023-06-13,940.08,824.77,162.46,In Warranty,,Service Center 3,2023-06-15
307,492,23,2023-06-13,2151.04,2386.33,370.92,Out of Warranty,2023-06-20,Service Center 1,2023-06-13
308,496,28,2023-06-13,351.16,2107.16,282.71,In Warranty,2023-06-17,Service Center 8,2023-06-14
309,485,10,2023-06-13,3790.76,1375.85,760.66,In Warranty,2023-06-23,Service Center 1,2023-06-21
310,497,20,2023-06-13,5612.29,1771.26,497.39,In Warranty,2023-06-19,Service Center 7,2023-06-13
311,504,14,2023-06-14,731.37,2614.54,589.05,Out of Warranty,2023-06-23,Service Center 1,2023-06-20
312,494,11,2023-06-14,2266.22,2074.6,148.88,In Warranty,2023-06-21,Service Center 4,2023-06-17
313,498,24,2023-06-15,1206.73,1702.07,179.68,In Warranty,2023-06-17,Service Center 5,2023-06-16
314,510,27,2023-06-16,8895.05,3200.62,2500.93,In Warranty,2023-06-23,Service Center 4,2023-06-21
315,506,15,2023-06-17,14219.31,1807.18,314.06,In Warranty,2023-06-27,Service Center 2,2023-06-24
316,508,18,2023-06-18,10060.02,1566.42,472.64,In Warranty,2023-07-01,Service Center 5,2023-06-28
317,516,24,2023-06-18,1181.92,1538.0,179.72,In Warranty,2023-06-22,Service Center 2,2023-06-20
318,523,14,2023-06-19,737.34,1541.81,533.47,In Warranty,2023-06-22,Service Center 8,2023-06-20
319,499,22,2023-06-19,2594.66,2341.55,1365.76,In Warranty,2023-07-11,Service Center 5,2023-07-06
320,509,12,2023-06-19,4240.55,2423.67,1052.47,In Warranty,2023-07-06,Service Center 1,2023-07-04
321,521,23,2023-06-20,2287.06,1901.06,413.12,In Warranty,2023-06-24,Service Center 1,2023-06-20
322,526,11,2023-06-20,2221.28,1741.28,187.59,In Warranty,2023-06-26,Service Center 1,2023-06-23
323,527,15,2023-06-20,14283.76,1859.45,77.19,Out of Warranty,2023-06-25,Service Center 2,2023-06-20
324,511,21,2023-06-20,3753.19,2175.86,1338.06,In Warranty,2023-07-16,Service Center 7,2023-07-11
325,520,11,2023-06-21,2203.94,2463.66,157.59,In Warranty,2023-07-03,Service Center 1,2023-06-23
326,525,21,2023-06-21,4060.56,1706.6,378.71,In Warranty,2023-06-23,Service Center 6,2023-06-21
327,507,5,2023-06-21,3412.34,2094.86,571.82,In Warranty,2023-06-25,Service Center 1,2023-06-23
328,519,28,2023-06-21,362.12,3092.04,218.1,In Warranty,2023-06-23,Service Center 2,2023-06-22
329,524,27,2023-06-22,8577.7,3010.21,2226.64,In Warranty,2023-06-30,Service Center 4,2023-06-28
330,515,9,2023-06-22,1622.16,1255.33,1500.82,In Warranty,2023-06-28,Service Center 8,2023-06-27
331,538,15,2023-06-23,14133.67,1664.26,288.67,In Warranty,2023-06-30,Service Center 2,2023-06-26
332,502,26,2023-06-23,1814.25,4353.46,2103.49,In Warranty,2023-07-03,Service Center 3,2023-06-29
333,535,14,2023-06-24,708.65,2051.39,751.9,In Warranty,2023-06-30,Service Center 6,2023-06-27
334,528,8,2023-06-24,1890.66,1156.75,1083.16,Out of Warranty,2023-07-03,Service Center 1,2023-06-29
335,532,25,2023-06-24,5355.93,4519.17,289.03,In Warranty,2023-06-25,Service Center 3,2023-06-24
336,522,30,2023-06-26,827.2,805.7,141.28,In Warranty,2023-07-05,Service Center 5,2023-06-26
337,530,11,2023-06-26,2151.21,1856.98,138.0,In Warranty,2023-07-01,Service Center 4,2023-06-29
338,551,27,2023-06-26,8560.43,2206.49,2184.79,In Warranty,2023-07-06,Service Center 2,2023-07-02
339,537,10,2023-06-26,3652.24,833.51,183.42,In Warranty,2023-06-29,Service Center 6,2023-06-26
340,544,30,2023-06-26,922.47,769.42,171.22,In Warranty,2023-07-04,Service Center 2,2023-06-26
341,557,16,2023-06-27,1833.9,1133.13,236.26,In Warranty,2023-07-08,Service Center 3,2023-07-03
342,549,13,2023-06-27,453.31,2361.89,1768.39,In Warranty,2023-07-11,Service Center 6,2023-07-06
343,549,14,2023-06-27,681.39,1126.37,724.13,In Warranty,2023-07-11,Service Center 6,2023-07-06
344,531,18,2023-06-28,10014.83,1117.47,469.88,In Warranty,2023-07-19,Service Center 5,2023-07-12
345,550,13,2023-06-28,486.3,1733.99,476.76,In Warranty,2023-07-01,Service Center 3,2023-06-28
346,553,5,2023-06-29,3122.25,2086.86,753.47,In Warranty,2023-07-09,Service Center 4,2023-07-04
347,558,14,2023-06-30,761.87,1903.75,588.49,In Warranty,2023-07-09,Service Center 2,2023-07-07
348,536,11,2023-06-30,2409.33,1524.02,138.26,In Warranty,2023-07-08,Service Center 6,2023-07-03
349,565,5,2023-07-02,3292.83,1871.44,523.39,In Warranty,2023-07-08,Service Center 6,2023-07-05
350,570,17,2023-07-02,6469.93,1117.9,88.1,Out of Warranty,2023-07-05,Service Center 6,2023-07-02
351,565,6,2023-07-02,2389.17,797.96,1151.31,In Warranty,2023-07-08,Service Center 6,2023-07-05
352,562,11,2023-07-03,2120.72,1897.58,193.6,In Warranty,2023-07-09,Service Center 8,2023-07-06
353,576,25,2023-07-03,5254.96,4646.57,735.55,In Warranty,2023-07-14,Service Center 2,2023-07-10
354,569,22,2023-07-04,2566.35,1266.05,1522.98,In Warranty,2023-07-15,Service Center 2,2023-07-12
355,571,13,2023-07-04,451.62,2467.7,1482.98,In Warranty,2023-07-21,Service Center 8,2023-07-19
356,560,14,2023-07-04,724.85,1990.7,502.4,In Warranty,2023-07-23,Service Center 8,2023-07-15
357,569,23,2023-07-04,2292.49,512.75,1145.01,In Warranty,2023-07-15,Service Center 2,2023-07-12
358,571,14,2023-07-04,721.67,993.01,672.83,In Warranty,2023-07-21,Service Center 8,2023-07-19
359,582,19,2023-07-05,23221.53,1803.91,1059.38,In Warranty,2023-07-17,Service Center 7,2023-07-15
360,582,20,2023-07-05,5138.38,573.84,1461.61,In Warranty,2023-07-17,Service Center 7,2023-07-15
361,578,12,2023-07-06,4209.78,2485.79,1138.39,In Warranty,2023-07-28,Service Center 3,2023-07-24
362,566,20,2023-07-07,5648.54,1842.07,1170.49,In Warranty,2023-07-22,Service Center 1,2023-07-13
363,564,7,2023-07-07,947.75,884.52,167.6,In Warranty,2023-07-21,Service Center 5,2023-07-10
364,585,11,2023-07-07,2386.87,1922.86,140.91,In Warranty,2023-07-14,Service Center 1,2023-07-11
365,588,27,2023-07-08,9085.96,1762.12,518.8,In Warranty,2023-07-12,Service Center 1,2023-07-08
366,586,16,2023-07-08,2030.44,1490.42,69.55,In Warranty,2023-07-10,Service Center 2,2023-07-08
367,595,14,2023-07-08,694.33,2335.42,546.26,In Warranty,2023-07-19,Service Center 1,2023-07-18
368,575,28,2023-07-09,384.02,2390.46,285.5,In Warranty,2023-07-17,Service Center 1,2023-07-15
369,577,30,2023-07-09,854.9,946.82,606.76,In Warranty,2023-07-17,Service Center 3,2023-07-13
370,596,9,2023-07-09,1636.67,1058.48,1149.15,In Warranty,2023-07-15,Service Center 8,2023-07-13
371,590,26,2023-07-09,1791.41,4265.47,2146.96,In Warranty,2023-08-06,Service Center 1,2023-08-03
372,583,16,2023-07-10,1851.56,1149.79,216.61,In Warranty,2023-07-14,Service Center 8,2023-07-11
373,603,11,2023-07-10,2353.29,2666.53,36.36,In Warranty,2023-07-20,Service Center 4,2023-07-10
374,605,27,2023-07-10,8709.1,2663.29,2115.72,In Warranty,2023-07-24,Service Center 3,2023-07-20
375,591,18,2023-07-11,9067.2,1094.43,523.43,In Warranty,2023-07-23,Service Center 5,2023-07-15
376,574,7,2023-07-11,962.27,851.98,154.59,In Warranty,2023-07-12,Service Center 8,2023-07-11
377,572,14,2023-07-11,732.04,2093.81,547.8,In Warranty,,Service Center 5,2023-07-16
378,574,8,2023-07-11,1754.48,549.53,1407.74,In Warranty,2023-07-12,Service Center 8,2023-07-11
379,609,7,2023-07-12,868.93,1105.22,166.14,In Warranty,2023-07-17,Service Center 2,2023-07-13
380,607,14,2023-07-12,764.05,1709.48,694.14,In Warranty,2023-07-16,Service Center 4,2023-07-14
381,594,6,2023-07-12,2500.86,2444.19,1108.19,In Warranty,2023-08-01,Service Center 5,2023-07-31
382,609,9,2023-07-12,1573.21,346.67,1702.6,In Warranty,2023-07-17,Service Center 2,2023-07-13
383,616,27,2023-07-13,8824.19,1736.65,1820.39,In Warranty,2023-07-21,Service Center 6,2023-07-15
384,618,22,2023-07-14,2598.85,1778.3,1630.63,In Warranty,2023-08-03,Service Center 2,2023-07-31
385,614,22,2023-07-14,2488.31,2261.98,1527.32,In Warranty,2023-08-06,Service Center 6,2023-07-29
386,604,10,2023-07-14,3584.1,1340.98,597.94,In Warranty,2023-07-26,Service Center 6,2023-07-23
387,608,12,2023-07-14,4282.7,2846.14,1005.84,In Warranty,2023-07-27,Service Center 2,2023-07-22
388,604,7,2023-07-14,936.0,518.28,185.02,In Warranty,2023-07-26,Service Center 6,2023-07-23
389,613,10,2023-07-15,3545.3,1228.79,516.56,In Warranty,2023-07-26,Service Center 8,2023-07-22
390,600,7,2023-07-15,963.0,854.94,48.42,In Warranty,2023-07-16,Service Center 3,2023-07-15
391,613,8,2023-07-15,1713.8,442.0,1065.3,In Warranty,2023-07-26,Service Center 8,2023-07-22
392,615,14,2023-07-16,728.62,1741.86,211.35,In Warranty,2023-07-20,Service Center 5,2023-07-16
393,619,26,2023-07-17,1811.63,6357.69,1625.08,In Warranty,2023-07-24,Service Center 5,2023-07-22
394,632,24,2023-07-17,1091.34,2275.55,40.59,In Warranty,2023-07-20,Service Center 3,2023-07-17
395,621,11,2023-07-17,2251.23,2848.13,144.97,In Warranty,2023-07-18,Service Center 1,2023-07-17
396,623,13,2023-07-18,456.77,1506.98,1427.91,In Warranty,2023-07-31,Service Center 7,2023-07-22
397,627,24,2023-07-19,1202.23,2363.49,150.0,In Warranty,2023-07-23,Service Center 1,2023-07-20
398,624,14,2023-07-19,669.09,1977.1,626.78,In Warranty,2023-07-22,Service Center 6,2023-07-21
399,627,22,2023-07-19,2673.01,611.95,1245.05,In Warranty,2023-07-23,Service Center 1,2023-07-20
400,624,11,2023-07-19,2277.48,655.0,133.41,In Warranty,2023-07-22,Service Center 6,2023-07-21
401,631,9,2023-07-20,1482.31,1258.65,366.93,In Warranty,,Service Center 7,2023-07-20
402,634,11,2023-07-22,2188.29,2576.52,139.32,In Warranty,2023-07-26,Service Center 3,2023-07-23
403,640,27,2023-07-22,9106.89,2069.31,2214.37,In Warranty,2023-08-08,Service Center 1,2023-08-05
404,648,15,2023-07-23,14906.38,1051.98,302.48,In Warranty,2023-08-05,Service Center 7,2023-07-28
405,636,23,2023-07-24,2001.44,1388.12,1351.92,In Warranty,2023-08-21,Service Center 5,2023-08-20
406,641,13,2023-07-25,491.26,1915.28,549.91,In Warranty,2023-07-28,Service Center 5,2023-07-25
407,650,22,2023-07-25,2825.81,2141.46,1408.79,In Warranty,2023-08-04,Service Center 6,2023-08-01
408,656,2,2023-07-26,691.08,3965.39,1720.43,Out of Warranty,2023-08-04,Service Center 3,2023-08-01
409,642,27,2023-07-26,8991.34,2950.6,1997.94,In Warranty,2023-08-16,Service Center 1,2023-08-13
410,658,7,2023-07-26,984.21,749.29,165.5,In Warranty,2023-08-05,Service Center 3,2023-07-28
411,658,8,2023-07-26,1897.63,516.82,1416.64,In Warranty,2023-08-05,Service Center 3,2023-07-28
412,655,12,2023-07-27,4320.29,2564.97,1028.5,In Warranty,2023-08-02,Service Center 1,2023-07-31
413,659,24,2023-07-28,1164.88,1378.98,57.47,In Warranty,2023-07-30,Service Center 8,2023-07-28
414,668,20,2023-07-30,5243.19,2247.76,1168.97,In Warranty,2023-08-16,Service Center 7,2023-08-14
415,671,3,2023-07-31,18564.88,4982.42,2124.53,In Warranty,2023-08-24,Service Center 1,2023-08-20
416,677,14,2023-08-01,709.69,2412.93,532.32,In Warranty,2023-08-16,Service Center 4,2023-08-11
417,673,12,2023-08-01,4214.37,2337.93,1279.82,In Warranty,2023-08-12,Service Center 6,2023-08-08
418,678,11,2023-08-03,2124.64,1545.69,187.45,In Warranty,2023-08-08,Service Center 6,2023-08-05
419,667,29,2023-08-03,5265.78,1473.01,1275.73,In Warranty,2023-08-24,Service Center 6,2023-08-21
420,687,13,2023-08-03,490.48,1935.31,1328.42,In Warranty,2023-08-19,Service Center 3,2023-08-17
421,692,22,2023-08-04,2815.36,1569.9,449.52,In Warranty,2023-08-07,Service Center 8,2023-08-04
422,679,23,2023-08-04,2215.56,1293.12,1075.85,In Warranty,2023-08-18,Service Center 6,2023-08-16
423,666,19,2023-08-04,23989.76,1632.95,1480.86,In Warranty,2023-08-23,Service Center 8,2023-08-21
424,689,16,2023-08-05,1922.16,1415.42,263.25,In Warranty,2023-08-11,Service Center 2,2023-08-08
425,688,21,2023-08-05,3758.1,1638.82,1186.96,In Warranty,2023-08-16,Service Center 2,2023-08-14
426,699,11,2023-08-05,2379.15,1852.58,150.65,In Warranty,2023-08-09,Service Center 2,2023-08-07
427,694,8,2023-08-06,1886.93,939.18,1043.68,Out of Warranty,2023-08-17,Service Center 5,2023-08-10
428,696,27,2023-08-06,8204.69,2702.18,483.66,In Warranty,2023-08-08,Service Center 1,2023-08-06
429,680,21,2023-08-06,4172.97,2419.54,1122.36,In Warranty,2023-08-23,Service Center 3,2023-08-20
430,710,29,2023-08-07,5075.06,1667.54,1246.27,Out of Warranty,2023-08-11,Service Center 1,2023-08-09
431,701,11,2023-08-08,2230.29,2466.16,176.41,In Warranty,2023-08-12,Service Center 1,2023-08-10
432,697,27,2023-08-08,8767.5,1959.29,736.58,In Warranty,2023-08-10,Service Center 2,2023-08-08
433,674,21,2023-08-09,4220.24,1714.85,419.64,In Warranty,2023-08-12,Service Center 8,2023-08-09
434,700,3,2023-08-09,19021.32,3986.91,594.38,In Warranty,2023-08-10,Service Center 3,2023-08-09
435,716,11,2023-08-10,2097.34,2084.0,48.3,In Warranty,,Service Center 2,2023-08-10
436,715,29,2023-08-10,5068.69,1484.16,381.76,In Warranty,2023-08-11,Service Center 4,2023-08-10
437,716,13,2023-08-10,470.42,823.95,363.14,In Warranty,,Service Center 2,2023-08-10
438,717,8,2023-08-11,1728.72,1152.18,1182.85,In Warranty,2023-09-05,Service Center 5,2023-08-30
439,719,7,2023-08-11,937.92,1344.67,40.18,In Warranty,2023-08-13,Service Center 4,2023-08-11
440,713,27,2023-08-11,9268.9,3013.36,2456.09,In Warranty,2023-08-17,Service Center 6,2023-08-15
441,704,15,2023-08-11,13907.98,1484.73,79.31,In Warranty,2023-08-15,Service Center 3,2023-08-11
442,717,9,2023-08-11,1504.0,433.17,1534.98,In Warranty,2023-09-05,Service Center 5,2023-08-30
443,720,5,2023-08-12,3513.94,2152.22,741.55,In Warranty,2023-08-22,Service Center 5,2023-08-16
444,721,7,2023-08-12,886.81,887.28,153.88,In Warranty,2023-08-20,Service Center 5,2023-08-15
445,706,25,2023-08-12,5410.09,4125.57,317.07,In Warranty,2023-08-14,Service Center 1,2023-08-12
446,720,6,2023-08-12,2291.46,582.14,1505.84,In Warranty,2023-08-22,Service Center 5,2023-08-16
447,712,28,2023-08-13,374.57,2530.41,286.76,In Warranty,2023-08-18,Service Center 5,2023-08-15
448,714,24,2023-08-13,1079.52,1808.47,46.25,In Warranty,2023-08-16,Service Center 3,2023-08-13
449,723,25,2023-08-14,5322.6,7677.13,1120.21,In Warranty,2023-08-21,Service Center 5,2023-08-17
450,707,6,2023-08-14,2617.74,2123.93,1675.76,In Warranty,2023-09-03,Service Center 5,2023-08-28
451,728,27,2023-08-14,9010.81,1842.57,2143.48,In Warranty,2023-08-27,Service Center 5,2023-08-20
452,729,28,2023-08-14,373.38,2715.04,255.35,In Warranty,2023-08-16,Service Center 1,2023-08-15
453,738,29,2023-08-14,5202.75,2256.34,1234.94,In Warranty,2023-08-17,Service Center 1,2023-08-16
454,718,4,2023-08-14,2865.04,4929.63,86.74,In Warranty,2023-08-20,Service Center 7,2023-08-14
455,722,7,2023-08-14,907.8,863.83,131.53,In Warranty,2023-08-18,Service Center 4,2023-08-15
456,725,22,2023-08-15,2657.24,1866.1,483.31,In Warranty,2023-08-16,Service Center 6,2023-08-15
457,739,19,2023-08-16,23525.3,1998.4,1519.21,In Warranty,2023-08-21,Service Center 4,2023-08-19
458,726,3,2023-08-16,19246.92,3281.29,1648.8,In Warranty,2023-08-29,Service Center 5,2023-08-27
459,727,7,2023-08-16,976.47,1352.46,163.14,In Warranty,2023-08-21,Service Center 6,2023-08-17
460,727,10,2023-08-16,3601.2,407.29,631.11,In Warranty,2023-08-21,Service Center 6,2023-08-17
461,737,28,2023-08-17,342.37,2145.61,60.63,In Warranty,2023-08-19,Service Center 5,2023-08-17
462,703,11,2023-08-17,2130.73,2173.88,148.35,In Warranty,2023-08-29,Service Center 5,2023-08-19
463,733,27,2023-08-18,9010.78,2259.04,554.22,In Warranty,2023-08-22,Service Center 1,2023-08-18
464,743,12,2023-08-19,4042.27,2237.48,1095.67,In Warranty,2023-08-26,Service Center 8,2023-08-23
465,745,13,2023-08-19,488.59,1625.3,376.83,In Warranty,2023-08-25,Service Center 2,2023-08-19
466,750,13,2023-08-19,451.52,2210.5,429.7,In Warranty,2023-08-22,Service Center 7,2023-08-19
467,731,27,2023-08-21,8934.97,1805.96,1897.6,Out of Warranty,2023-09-01,Service Center 4,2023-08-26
468,751,5,2023-08-21,3319.34,1822.01,525.34,In Warranty,2023-08-29,Service Center 1,2023-08-24
469,748,6,2023-08-21,2636.05,1679.18,411.11,In Warranty,2023-08-22,Service Center 1,2023-08-21
470,756,5,2023-08-22,3092.18,2233.44,687.44,In Warranty,2023-08-29,Service Center 1,2023-08-24
471,754,24,2023-08-22,1056.2,1868.23,37.52,In Warranty,2023-08-26,Service Center 1,2023-08-22
472,735,12,2023-08-22,4417.48,2414.51,1206.55,In Warranty,2023-09-06,Service Center 4,2023-09-04
473,752,21,2023-08-24,4062.89,1300.26,1447.26,In Warranty,2023-09-04,Service Center 3,2023-09-01
474,765,6,2023-08-24,2398.38,2341.33,1525.53,In Warranty,2023-08-29,Service Center 3,2023-08-25
475,757,8,2023-08-25,1932.46,1022.83,397.94,In Warranty,2023-08-28,Service Center 7,2023-08-25
476,766,6,2023-08-26,2396.19,1961.92,1357.27,In Warranty,2023-09-08,Service Center 2,2023-09-03
477,769,7,2023-08-28,939.77,1427.22,180.97,In Warranty,2023-09-02,Service Center 7,2023-08-31
478,773,13,2023-08-29,482.93,1663.46,1460.17,In Warranty,2023-09-12,Service Center 1,2023-09-11
479,787,18,2023-08-29,9496.22,1946.51,522.29,In Warranty,2023-09-14,Service Center 8,2023-09-10
480,755,24,2023-08-29,1192.22,1702.87,161.04,In Warranty,2023-09-08,Service Center 4,2023-08-31
481,787,16,2023-08-29,1994.58,648.89,308.54,In Warranty,2023-09-14,Service Center 8,2023-09-10
482,778,22,2023-08-30,2472.26,1278.17,1276.53,In Warranty,2023-09-09,Service Center 1,2023-09-07
483,790,19,2023-08-31,22278.22,1832.47,1625.05,In Warranty,2023-09-10,Service Center 3,2023-09-07
484,775,11,2023-08-31,2261.97,2635.84,161.16,In Warranty,2023-09-04,Service Center 3,2023-09-02
485,799,7,2023-08-31,944.83,1227.88,120.11,In Warranty,2023-09-02,Service Center 1,2023-09-01
486,790,21,2023-08-31,3920.39,505.11,1383.1,In Warranty,2023-09-10,Service Center 3,2023-09-07
487,792,22,2023-09-01,2794.55,1910.76,1663.45,In Warranty,2023-09-13,Service Center 6,2023-09-12
488,784,27,2023-09-01,9050.4,3009.84,1804.33,In Warranty,2023-09-07,Service Center 7,2023-09-06
489,804,27,2023-09-01,8485.6,3261.9,1670.95,In Warranty,2023-09-09,Service Center 4,2023-09-06
490,791,14,2023-09-01,717.29,2709.78,165.85,In Warranty,2023-09-09,Service Center 6,2023-09-01
491,783,16,2023-09-02,1836.71,1265.89,91.59,In Warranty,2023-09-08,Service Center 6,2023-09-02
492,783,15,2023-09-02,14947.07,450.41,69.02,In Warranty,2023-09-08,Service Center 6,2023-09-02
493,808,2,2023-09-03,699.73,3503.7,1659.64,In Warranty,2023-09-11,Service Center 6,2023-09-04
494,803,29,2023-09-03,5253.32,2134.11,941.75,In Warranty,2023-09-10,Service Center 8,2023-09-06
495,793,23,2023-09-04,2143.75,2284.77,1037.36,In Warranty,2023-09-17,Service Center 2,2023-09-13
496,800,11,2023-09-04,2361.14,1470.22,50.31,In Warranty,2023-09-08,Service Center 3,2023-09-04
497,802,4,2023-09-04,3074.66,5591.33,80.71,In Warranty,2023-09-07,Service Center 2,2023-09-04
498,807,7,2023-09-04,878.85,1168.81,124.45,In Warranty,2023-09-12,Service Center 5,2023-09-08
499,810,16,2023-09-05,1980.03,1107.38,223.16,In Warranty,2023-09-14,Service Center 4,2023-09-11
500,806,7,2023-09-05,900.91,1372.06,129.14,In Warranty,2023-09-12,Service Center 4,2023-09-08
501,796,23,2023-09-05,2248.53,1753.56,1248.01,In Warranty,2023-09-09,Service Center 2,2023-09-07
502,813,12,2023-09-06,4599.54,2559.05,1086.32,In Warranty,2023-09-14,Service Center 3,2023-09-08
503,780,27,2023-09-06,9060.9,1715.83,2065.95,Out of Warranty,2023-09-16,Service Center 7,2023-09-12
504,801,10,2023-09-07,3362.13,776.72,615.21,In Warranty,2023-09-24,Service Center 7,2023-09-14
505,797,22,2023-09-08,2587.5,2309.63,1602.02,In Warranty,2023-09-15,Service Center 1,2023-09-11
506,830,25,2023-09-08,5765.76,7787.54,908.74,In Warranty,2023-09-21,Service Center 8,2023-09-14
507,824,17,2023-09-08,7058.51,1392.73,294.36,In Warranty,2023-09-19,Service Center 6,2023-09-18
508,825,7,2023-09-09,945.52,1169.38,129.92,In Warranty,2023-09-15,Service Center 1,2023-09-12
509,812,15,2023-09-09,14595.92,1064.46,217.81,In Warranty,2023-09-14,Service Center 5,2023-09-10
510,818,9,2023-09-10,1605.01,781.5,350.51,In Warranty,2023-09-14,Service Center 6,2023-09-10
511,831,4,2023-09-10,2670.72,4108.23,289.78,In Warranty,2023-09-12,Service Center 1,2023-09-11
512,826,12,2023-09-10,4340.89,2773.93,1338.45,In Warranty,2023-09-23,Service Center 2,2023-09-21
513,820,24,2023-09-10,1121.86,1886.01,42.27,In Warranty,,Service Center 1,2023-09-10
514,829,6,2023-09-10,2596.99,1622.48,1219.95,In Warranty,2023-09-17,Service Center 2,2023-09-15
515,844,10,2023-09-11,3648.45,738.04,696.29,In Warranty,2023-09-17,Service Center 3,2023-09-15
516,847,5,2023-09-12,3430.69,1579.82,573.9,In Warranty,2023-09-22,Service Center 2,2023-09-18
517,845,22,2023-09-12,2811.58,1393.95,360.14,In Warranty,2023-09-17,Service Center 1,2023-09-12
518,839,2,2023-09-12,664.53,3335.8,1545.79,In Warranty,2023-09-25,Service Center 1,2023-09-23
519,845,23,2023-09-12,2185.28,653.29,269.87,In Warranty,2023-09-17,Service Center 1,2023-09-12
520,846,22,2023-09-13,2771.19,2445.8,1199.76,In Warranty,2023-09-17,Service Center 1,2023-09-15
521,840,22,2023-09-13,2635.63,2377.57,1377.3,In Warranty,2023-09-21,Service Center 1,2023-09-19
522,828,14,2023-09-13,761.03,2656.05,623.93,In Warranty,2023-09-20,Service Center 7,2023-09-15
523,838,8,2023-09-15,1858.87,1130.57,1200.65,In Warranty,2023-09-30,Service Center 1,2023-09-26
524,863,29,2023-09-16,5272.01,1732.01,1370.8,In Warranty,2023-09-24,Service Center 2,2023-09-23
525,849,16,2023-09-16,1984.77,1616.88,234.73,In Warranty,2023-09-21,Service Center 6,2023-09-20
526,857,11,2023-09-16,2417.53,2306.87,192.89,In Warranty,2023-09-30,Service Center 3,2023-09-18
527,857,14,2023-09-16,729.14,1001.71,488.28,In Warranty,2023-09-30,Service Center 3,2023-09-18
528,850,29,2023-09-17,5270.87,2514.86,937.35,In Warranty,2023-09-21,Service Center 5,2023-09-20
529,856,1,2023-09-17,1140.64,4443.72,2044.49,In Warranty,2023-09-30,Service Center 6,2023-09-28
530,859,5,2023-09-17,3243.28,1504.6,599.01,In Warranty,2023-09-25,Service Center 1,2023-09-24
531,855,3,2023-09-17,18767.39,4855.94,2446.29,In Warranty,2023-10-01,Service Center 8,2023-09-29
532,837,18,2023-09-18,9429.92,1294.29,531.5,In Warranty,2023-10-01,Service Center 7,2023-09-27
533,858,11,2023-09-18,2167.99,2251.94,182.3,In Warranty,2023-09-21,Service Center 7,2023-09-19
534,827,22,2023-09-18,2669.3,2325.98,1615.09,In Warranty,2023-10-01,Service Center 6,2023-09-27
535,843,18,2023-09-19,9893.31,1077.02,698.74,In Warranty,2023-10-14,Service Center 1,2023-10-13
536,860,24,2023-09-19,1124.61,2217.65,152.85,In Warranty,2023-09-30,Service Center 2,2023-09-21
537,865,12,2023-09-19,4313.99,2048.58,1205.99,In Warranty,2023-09-30,Service Center 6,2023-09-25
538,835,27,2023-09-19,9169.56,3119.5,1686.1,Out of Warranty,2023-10-01,Service Center 1,2023-09-28
539,862,30,2023-09-19,857.43,940.4,479.96,In Warranty,2023-09-26,Service Center 2,2023-09-23
540,869,26,2023-09-20,1725.37,7542.62,1647.35,In Warranty,2023-09-28,Service Center 2,2023-09-25
541,872,26,2023-09-20,1825.92,6011.75,594.12,In Warranty,2023-09-25,Service Center 7,2023-09-20
542,848,14,2023-09-20,747.49,2413.03,164.62,In Warranty,2023-10-02,Service Center 5,2023-09-20
543,861,8,2023-09-21,1801.09,951.4,304.78,In Warranty,2023-09-25,Service Center 7,2023-09-21
544,868,27,2023-09-21,8264.71,2854.59,2041.38,In Warranty,2023-10-03,Service Center 4,2023-10-01
545,867,18,2023-09-22,9604.6,1771.75,451.24,In Warranty,2023-10-15,Service Center 5,2023-10-11
546,866,23,2023-09-22,2208.87,2056.67,1118.63,In Warranty,2023-10-02,Service Center 8,2023-09-27
547,874,20,2023-09-22,5005.0,1871.39,1315.16,In Warranty,2023-10-02,Service Center 7,2023-09-30
548,887,30,2023-09-23,914.75,1244.76,495.13,In Warranty,2023-10-03,Service Center 1,2023-09-30
549,880,26,2023-09-23,1663.88,4119.03,2043.07,In Warranty,2023-09-27,Service Center 4,2023-09-25
550,880,25,2023-09-23,5181.0,2869.33,1055.04,In Warranty,2023-09-27,Service Center 4,2023-09-25
551,893,20,2023-09-25,5634.37,1228.17,1380.21,In Warranty,2023-10-04,Service Center 8,2023-10-03
552,884,13,2023-09-26,469.15,2422.09,375.74,In Warranty,2023-09-30,Service Center 6,2023-09-26
553,892,16,2023-09-26,2081.1,1636.51,273.67,In Warranty,2023-10-11,Service Center 2,2023-10-04
554,896,29,2023-09-26,4997.39,2217.74,1200.82,In Warranty,2023-10-11,Service Center 3,2023-10-05
555,900,14,2023-09-28,676.53,1838.2,693.73,In Warranty,2023-10-05,Service Center 2,2023-10-01
556,902,17,2023-09-28,6923.98,1514.83,272.45,In Warranty,2023-10-08,Service Center 6,2023-10-07
557,904,16,2023-09-29,1896.49,1244.16,299.6,In Warranty,2023-10-14,Service Center 3,2023-10-11
558,905,7,2023-09-29,900.32,1264.86,42.3,Out of Warranty,2023-10-03,Service Center 6,2023-09-29
559,899,9,2023-09-29,1434.92,1207.69,1306.33,In Warranty,2023-10-11,Service Center 3,2023-10-10
560,879,27,2023-09-30,8183.04,3228.67,2277.56,In Warranty,2023-10-19,Service Center 3,2023-10-16
561,916,13,2023-10-01,460.19,2227.62,1433.53,In Warranty,2023-10-18,Service Center 1,2023-10-17
562,895,28,2023-10-02,334.62,2013.29,73.96,In Warranty,2023-10-08,Service Center 2,2023-10-02
563,918,24,2023-10-02,1050.62,1668.71,192.08,In Warranty,2023-10-08,Service Center 8,2023-10-04
564,906,5,2023-10-03,3137.55,2259.65,721.9,In Warranty,2023-10-08,Service Center 1,2023-10-06
565,921,22,2023-10-03,2632.84,1706.02,1497.78,In Warranty,2023-10-12,Service Center 6,2023-10-06
566,926,11,2023-10-03,2316.91,1690.9,178.54,In Warranty,2023-10-08,Service Center 2,2023-10-07
567,927,8,2023-10-03,1975.73,1060.14,1263.02,In Warranty,2023-10-16,Service Center 2,2023-10-11
568,921,24,2023-10-03,1173.62,934.95,129.55,In Warranty,2023-10-12,Service Center 6,2023-10-06
569,928,27,2023-10-04,9333.59,2323.51,1794.85,In Warranty,2023-10-21,Service Center 7,2023-10-14
570,914,4,2023-10-04,2809.64,4244.74,213.15,In Warranty,2023-10-10,Service Center 3,2023-10-09
571,924,6,2023-10-04,2518.9,2315.42,1437.78,In Warranty,2023-10-20,Service Center 2,2023-10-15
572,917,16,2023-10-04,2026.75,1351.72,222.43,In Warranty,2023-10-10,Service Center 8,2023-10-08
573,929,12,2023-10-05,4383.53,1759.93,1155.15,In Warranty,2023-10-11,Service Center 4,2023-10-09
574,911,27,2023-10-06,8323.95,1733.87,1679.83,In Warranty,2023-10-16,Service Center 2,2023-10-14
575,943,24,2023-10-06,1068.63,2257.44,47.03,In Warranty,2023-10-08,Service Center 1,2023-10-06
576,936,6,2023-10-06,2563.52,1302.82,1088.97,In Warranty,2023-10-14,Service Center 3,2023-10-12
577,942,6,2023-10-07,2531.62,1752.49,1275.3,In Warranty,2023-10-21,Service Center 1,2023-10-20
578,940,18,2023-10-07,9799.06,1554.04,656.81,In Warranty,2023-10-24,Service Center 3,2023-10-21
579,946,7,2023-10-08,947.7,937.17,126.23,In Warranty,2023-10-12,Service Center 2,2023-10-09
580,944,8,2023-10-08,1719.62,892.38,936.33,In Warranty,2023-10-28,Service Center 6,2023-10-26
581,925,13,2023-10-09,474.07,2525.08,1381.5,In Warranty,2023-10-29,Service Center 5,2023-10-23
582,945,17,2023-10-09,7231.66,1493.91,237.36,In Warranty,2023-10-18,Service Center 1,2023-10-13
583,950,5,2023-10-09,3518.61,1643.22,736.26,In Warranty,2023-10-15,Service Center 2,2023-10-11
584,931,14,2023-10-10,721.42,2711.6,679.74,In Warranty,2023-10-19,Service Center 4,2023-10-15
585,947,11,2023-10-10,2317.88,1904.78,122.55,In Warranty,2023-10-22,Service Center 1,2023-10-18
586,952,9,2023-10-10,1627.35,1240.6,396.68,Out of Warranty,2023-10-14,Service Center 6,2023-10-10
587,951,9,2023-10-10,1628.16,1102.94,1442.27,In Warranty,2023-10-26,Service Center 4,2023-10-17
588,935,6,2023-10-11,2636.66,2355.01,312.11,In Warranty,2023-10-15,Service Center 5,2023-10-11
589,949,25,2023-10-12,5191.96,6404.18,799.68,In Warranty,2023-10-21,Service Center 5,2023-10-16
590,954,7,2023-10-12,927.31,1040.76,169.44,In Warranty,2023-10-17,Service Center 3,2023-10-14
591,973,13,2023-10-13,462.06,2093.98,576.91,In Warranty,2023-10-16,Service Center 8,2023-10-13
592,976,18,2023-10-14,9203.17,1804.27,505.94,In Warranty,2023-10-22,Service Center 4,2023-10-18
593,965,2,2023-10-14,676.53,5459.04,1320.23,In Warranty,2023-10-28,Service Center 4,2023-10-23
594,959,21,2023-10-14,4259.65,1709.46,492.95,In Warranty,2023-10-20,Service Center 4,2023-10-14
595,960,10,2023-10-15,3482.79,1142.94,486.63,In Warranty,2023-10-27,Service Center 7,2023-10-21
596,961,11,2023-10-16,2095.7,2911.67,151.34,In Warranty,2023-10-24,Service Center 1,2023-10-19
597,967,6,2023-10-16,2300.1,1271.95,480.29,In Warranty,2023-10-18,Service Center 8,2023-10-16
598,979,5,2023-10-17,3137.29,2035.81,162.45,In Warranty,2023-10-26,Service Center 2,2023-10-17
599,981,18,2023-10-17,10063.05,1144.98,595.34,In Warranty,2023-10-31,Service Center 1,2023-10-29
600,972,28,2023-10-18,379.23,2008.47,78.92,In Warranty,2023-10-21,Service Center 5,2023-10-18
601,983,15,2023-10-18,13864.07,1620.84,282.23,In Warranty,2023-10-23,Service Center 2,2023-10-21
602,966,24,2023-10-18,1075.3,1897.48,40.06,In Warranty,2023-10-20,Service Center 3,2023-10-18
603,984,13,2023-10-18,464.67,2690.2,516.9,In Warranty,2023-10-24,Service Center 1,2023-10-18
604,993,6,2023-10-20,2521.49,1342.79,1566.05,Out of Warranty,,Service Center 5,2023-11-04
605,982,9,2023-10-20,1601.69,1033.24,506.12,In Warranty,2023-10-22,Service Center 2,2023-10-20
606,1002,6,2023-10-21,2619.15,1777.31,383.56,In Warranty,2023-10-26,Service Center 1,2023-10-21
607,1005,7,2023-10-21,944.66,1411.34,43.97,In Warranty,2023-10-23,Service Center 1,2023-10-21
608,986,27,2023-10-21,9111.59,3315.06,2413.02,In Warranty,2023-10-27,Service Center 1,2023-10-26
609,996,11,2023-10-21,2359.77,1689.45,140.68,In Warranty,2023-10-23,Service Center 3,2023-10-22
610,990,21,2023-10-22,4062.19,1244.0,475.79,In Warranty,2023-10-24,Service Center 6,2023-10-22
611,990,19,2023-10-22,22187.43,635.85,415.71,In Warranty,2023-10-24,Service Center 6,2023-10-22
612,999,17,2023-10-23,7365.68,1029.75,68.21,In Warranty,2023-10-25,Service Center 6,2023-10-23
613,1001,10,2023-10-24,3454.34,1414.73,231.1,In Warranty,2023-10-28,Service Center 2,2023-10-24
614,988,11,2023-10-24,2413.94,2174.7,47.22,In Warranty,2023-10-27,Service Center 1,2023-10-24
615,994,10,2023-10-24,3706.69,1264.49,584.84,In Warranty,2023-11-05,Service Center 1,2023-11-01
616,1010,30,2023-10-25,810.79,1250.39,599.62,In Warranty,2023-11-07,Service Center 6,2023-11-02
617,1006,6,2023-10-25,2410.36,1499.36,1260.5,In Warranty,2023-11-05,Service Center 2,2023-11-04
618,997,1,2023-10-25,1290.17,5610.17,2240.59,Out of Warranty,2023-11-06,Service Center 6,2023-11-05
619,1009,16,2023-10-26,2037.25,1431.48,72.58,In Warranty,2023-10-30,Service Center 4,2023-10-26
620,1000,24,2023-10-26,1125.33,2101.31,164.67,In Warranty,2023-10-31,Service Center 1,2023-10-28
621,964,20,2023-10-26,5691.69,1687.64,1442.68,Out of Warranty,2023-11-10,Service Center 3,2023-11-08
622,1011,8,2023-10-26,1886.96,1128.04,1156.14,In Warranty,2023-10-31,Service Center 6,2023-10-27
623,1014,27,2023-10-27,8791.64,3412.68,2280.15,In Warranty,2023-11-12,Service Center 1,2023-11-10
624,1020,16,2023-10-27,1870.75,1422.07,333.53,In Warranty,2023-11-06,Service Center 6,2023-11-02
625,1024,11,2023-10-28,2234.93,1819.43,42.89,In Warranty,2023-11-04,Service Center 1,2023-10-28
626,1012,15,2023-10-30,15830.82,1840.11,271.4,In Warranty,2023-11-10,Service Center 1,2023-11-06
627,1018,7,2023-10-30,869.45,784.02,178.56,In Warranty,2023-11-07,Service Center 3,2023-11-02
628,1026,19,2023-10-31,22222.88,1976.11,1138.78,In Warranty,2023-11-24,Service Center 6,2023-11-19
629,1036,18,2023-11-01,9936.87,1018.62,642.87,In Warranty,2023-11-09,Service Center 1,2023-11-06
630,1036,15,2023-11-01,15642.01,597.12,324.11,In Warranty,2023-11-09,Service Center 1,2023-11-06
631,1031,12,2023-11-02,4165.95,1912.11,980.96,In Warranty,2023-11-07,Service Center 1,2023-11-05
632,1029,15,2023-11-02,15398.8,1621.49,271.68,In Warranty,2023-11-08,Service Center 2,2023-11-06
633,1021,11,2023-11-02,2328.76,1764.71,145.09,In Warranty,2023-11-08,Service Center 7,2023-11-05
634,1031,14,2023-11-02,714.34,984.12,546.54,In Warranty,2023-11-07,Service Center 1,2023-11-05
635,1038,21,2023-11-03,3747.54,2196.14,378.14,Out of Warranty,2023-11-06,Service Center 5,2023-11-03
636,1037,27,2023-11-04,8317.76,2409.61,2405.13,In Warranty,2023-11-15,Service Center 2,2023-11-11
637,1045,24,2023-11-04,1184.88,2053.57,44.54,In Warranty,2023-11-07,Service Center 1,2023-11-04
638,1052,11,2023-11-05,2180.97,2779.76,157.85,In Warranty,2023-11-13,Service Center 7,2023-11-08
639,1046,26,2023-11-05,1622.08,7057.83,657.09,In Warranty,2023-11-06,Service Center 1,2023-11-05
640,1044,29,2023-11-06,5005.38,1891.92,885.48,In Warranty,2023-11-25,Service Center 1,2023-11-24
641,1040,17,2023-11-06,7149.1,1876.13,87.32,In Warranty,2023-11-09,Service Center 1,2023-11-06
642,1048,14,2023-11-06,704.06,2183.77,185.81,In Warranty,2023-11-11,Service Center 5,2023-11-06
643,1033,10,2023-11-07,3565.86,1423.42,606.71,In Warranty,2023-11-21,Service Center 5,2023-11-13
644,1041,9,2023-11-07,1578.44,1057.75,1794.58,In Warranty,2023-11-24,Service Center 6,2023-11-22
645,1042,2,2023-11-07,644.68,2992.7,1592.12,In Warranty,2023-11-14,Service Center 3,2023-11-11
646,1028,28,2023-11-08,384.93,2705.67,263.26,In Warranty,2023-11-13,Service Center 7,2023-11-09
647,1060,11,2023-11-08,2107.38,1723.19,176.09,In Warranty,2023-11-14,Service Center 1,2023-11-10
648,1056,9,2023-11-09,1478.76,1125.79,1734.31,In Warranty,2023-11-15,Service Center 4,2023-11-14
649,1054,3,2023-11-09,18330.82,4656.05,1725.85,Out of Warranty,2023-12-05,Service Center 1,2023-12-02
650,1047,13,2023-11-09,463.65,2827.56,445.97,In Warranty,2023-11-15,Service Center 5,2023-11-09
651,1054,4,2023-11-09,2946.34,1496.82,229.24,Out of Warranty,2023-12-05,Service Center 1,2023-12-02
652,1050,16,2023-11-10,2086.68,1058.99,312.06,In Warranty,2023-11-14,Service Center 4,2023-11-13
653,1051,21,2023-11-10,4181.14,1700.91,1532.47,In Warranty,2023-11-19,Service Center 1,2023-11-15
654,1065,22,2023-11-10,2479.39,1454.53,474.49,In Warranty,2023-11-18,Service Center 3,2023-11-10
655,1055,24,2023-11-10,1131.23,1735.78,163.66,In Warranty,2023-11-19,Service Center 8,2023-11-16
656,1050,15,2023-11-10,14931.41,654.42,297.81,In Warranty,2023-11-14,Service Center 4,2023-11-13
657,1066,11,2023-11-11,2112.94,2478.44,132.09,In Warranty,2023-11-20,Service Center 4,2023-11-12
658,1064,2,2023-11-11,682.34,3266.84,516.73,In Warranty,2023-11-14,Service Center 1,2023-11-11
659,1072,24,2023-11-11,1141.58,2060.84,153.4,In Warranty,2023-11-17,Service Center 4,2023-11-13
660,1066,14,2023-11-11,754.46,735.81,582.69,In Warranty,2023-11-20,Service Center 4,2023-11-12
661,1043,27,2023-11-12,8187.29,1733.58,2300.72,In Warranty,2023-11-21,Service Center 7,2023-11-20
662,1070,6,2023-11-12,2366.66,1896.29,1564.99,In Warranty,2023-11-30,Service Center 8,2023-11-23
663,1067,15,2023-11-13,15723.27,1792.68,299.94,In Warranty,2023-11-20,Service Center 5,2023-11-15
664,1015,2,2023-11-13,690.64,3840.96,2080.0,In Warranty,2023-12-01,Service Center 5,2023-11-25
665,1073,18,2023-11-14,9474.81,1927.98,182.44,In Warranty,2023-11-17,Service Center 2,2023-11-14
666,1075,12,2023-11-14,4072.96,2477.21,326.89,In Warranty,2023-11-18,Service Center 2,2023-11-14
667,1084,9,2023-11-15,1619.74,1374.36,1137.36,In Warranty,2023-11-29,Service Center 3,2023-11-27
668,1074,17,2023-11-15,7413.93,1756.81,287.23,Out of Warranty,2023-11-23,Service Center 4,2023-11-20
669,1074,15,2023-11-15,14490.89,466.7,237.29,Out of Warranty,2023-11-23,Service Center 4,2023-11-20
670,1088,16,2023-11-16,1991.81,1255.27,324.26,In Warranty,2023-11-22,Service Center 4,2023-11-20
671,1080,16,2023-11-16,2051.23,1497.68,319.41,In Warranty,2023-11-24,Service Center 1,2023-11-21
672,1083,26,2023-11-17,1727.32,6366.35,1618.79,In Warranty,2023-11-26,Service Center 4,2023-11-23
673,1096,10,2023-11-18,3351.27,1239.22,764.1,In Warranty,2023-11-25,Service Center 7,2023-11-21
674,1099,27,2023-11-18,8448.32,2526.67,2029.84,In Warranty,2023-12-10,Service Center 1,2023-12-06
675,1077,15,2023-11-18,14823.71,1485.67,266.69,In Warranty,2023-12-06,Service Center 5,2023-11-19
676,1096,8,2023-11-18,1975.3,351.79,1045.98,In Warranty,2023-11-25,Service Center 7,2023-11-21
677,1092,8,2023-11-19,1925.79,742.74,1042.52,In Warranty,2023-11-26,Service Center 2,2023-11-24
678,1104,25,2023-11-20,5651.34,6092.56,234.11,In Warranty,2023-11-22,Service Center 1,2023-11-20
679,1101,27,2023-11-20,8549.53,3183.54,2103.0,In Warranty,2023-11-29,Service Center 7,2023-11-26
680,1078,16,2023-11-21,1967.33,1511.09,234.02,In Warranty,2023-12-03,Service Center 2,2023-11-29
681,1109,20,2023-11-22,5659.09,1984.87,1468.02,In Warranty,2023-12-09,Service Center 2,2023-12-05
682,1109,21,2023-11-22,4000.12,788.89,1456.47,In Warranty,2023-12-09,Service Center 2,2023-12-05
683,1111,12,2023-11-23,4301.59,1653.23,1128.27,In Warranty,2023-12-10,Service Center 3,2023-12-05
684,1115,8,2023-11-25,1777.55,879.09,1334.31,Out of Warranty,2023-12-07,Service Center 4,2023-12-04
685,1114,8,2023-11-25,1731.01,1366.51,1422.44,In Warranty,2023-12-04,Service Center 1,2023-12-01
686,1122,7,2023-11-25,923.96,1450.84,168.35,In Warranty,2023-12-01,Service Center 6,2023-11-28
687,1119,13,2023-11-25,450.32,1594.04,1389.97,In Warranty,2023-12-11,Service Center 1,2023-12-08
688,1110,14,2023-11-25,764.02,1781.51,519.47,In Warranty,2023-12-04,Service Center 4,2023-11-29
689,1098,15,2023-11-26,15774.09,1356.0,228.31,In Warranty,2023-12-02,Service Center 1,2023-11-30
690,1112,2,2023-11-26,667.97,5430.91,1731.31,In Warranty,2023-12-18,Service Center 3,2023-12-12
691,1116,23,2023-11-26,2281.19,2076.81,373.1,In Warranty,2023-11-29,Service Center 8,2023-11-26
692,1133,23,2023-11-27,2283.62,2324.85,345.88,In Warranty,2023-11-30,Service Center 2,2023-11-27
693,1123,24,2023-11-27,1164.91,1292.06,185.49,In Warranty,2023-11-30,Service Center 3,2023-11-29
694,1135,26,2023-11-27,1752.7,4801.4,2222.54,In Warranty,,Service Center 7,2023-12-18
695,1125,27,2023-11-28,8962.88,2155.5,1911.21,In Warranty,2023-12-09,Service Center 2,2023-12-06
696,1141,20,2023-11-29,5168.24,2214.96,1287.4,In Warranty,2023-12-11,Service Center 2,2023-12-09
697,1139,8,2023-11-29,1856.22,1382.37,1141.37,In Warranty,2023-12-05,Service Center 6,2023-12-01
698,1141,19,2023-11-29,21747.76,571.01,1047.67,In Warranty,2023-12-11,Service Center 2,2023-12-09
699,1144,16,2023-11-30,1835.61,1804.02,267.73,In Warranty,2023-12-10,Service Center 3,2023-12-07
700,1129,13,2023-11-30,445.53,2754.59,1869.61,In Warranty,2023-12-17,Service Center 5,2023-12-08
701,1142,18,2023-11-30,9866.48,1852.33,687.61,In Warranty,2023-12-12,Service Center 4,2023-12-08
702,1137,7,2023-12-01,885.64,1309.94,177.42,In Warranty,2023-12-04,Service Center 2,2023-12-02
703,1147,21,2023-12-01,3830.9,2082.98,1488.59,In Warranty,2023-12-15,Service Center 4,2023-12-11
704,1148,1,2023-12-01,1242.8,3989.76,2721.69,In Warranty,2023-12-14,Service Center 1,2023-12-11
705,1151,3,2023-12-01,19349.77,3812.19,553.57,In Warranty,2023-12-05,Service Center 1,2023-12-01
706,1120,9,2023-12-02,1639.0,1333.23,372.74,In Warranty,2023-12-07,Service Center 4,2023-12-02
707,1108,27,2023-12-02,8917.12,3097.21,2230.67,In Warranty,2023-12-25,Service Center 2,2023-12-24
708,1157,3,2023-12-02,18976.59,5067.21,2110.25,In Warranty,2023-12-24,Service Center 1,2023-12-20
709,1136,11,2023-12-02,2144.85,2130.85,172.23,In Warranty,2023-12-05,Service Center 3,2023-12-04
710,1150,10,2023-12-02,3458.73,872.63,702.68,In Warranty,2023-12-09,Service Center 7,2023-12-06
711,1153,24,2023-12-02,1090.54,2007.49,56.59,In Warranty,2023-12-06,Service Center 7,2023-12-02
712,1162,13,2023-12-03,494.32,2802.01,1549.02,In Warranty,2023-12-14,Service Center 3,2023-12-10
713,1145,13,2023-12-03,493.27,2178.87,482.22,In Warranty,2023-12-05,Service Center 3,2023-12-03
714,1154,22,2023-12-04,2609.05,1932.95,1334.29,In Warranty,2023-12-11,Service Center 2,2023-12-09
715,1154,23,2023-12-04,2141.76,935.71,1066.9,In Warranty,2023-12-11,Service Center 2,2023-12-09
716,1161,7,2023-12-05,968.25,1106.54,190.99,In Warranty,2023-12-12,Service Center 3,2023-12-06
717,1170,12,2023-12-05,4081.55,2562.95,1324.03,In Warranty,2023-12-14,Service Center 3,2023-12-11
718,1166,7,2023-12-05,980.01,1352.15,170.03,Out of Warranty,2023-12-10,Service Center 4,2023-12-07
719,1164,24,2023-12-05,1178.15,2122.13,168.89,In Warranty,2023-12-12,Service Center 4,2023-12-07
720,1174,27,2023-12-05,8178.36,3025.3,1619.45,In Warranty,2023-12-13,Service Center 2,2023-12-12
721,1167,29,2023-12-06,5024.68,2860.95,407.8,In Warranty,2023-12-07,Service Center 1,2023-12-06
722,1176,13,2023-12-06,441.77,2419.9,1511.16,In Warranty,2023-12-13,Service Center 3,2023-12-09
723,1171,25,2023-12-06,5382.09,7259.9,952.74,In Warranty,2023-12-13,Service Center 1,2023-12-12
724,1178,16,2023-12-06,1972.47,1078.55,242.41,In Warranty,2023-12-09,Service Center 1,2023-12-08
725,1177,23,2023-12-06,2207.82,2314.28,1167.34,In Warranty,2023-12-18,Service Center 7,2023-12-15
726,1179,21,2023-12-08,4151.27,2286.23,353.6,In Warranty,2023-12-10,Service Center 1,2023-12-08
727,1184,8,2023-12-08,1915.41,848.09,962.69,In Warranty,2023-12-29,Service Center 3,2023-12-25
728,1132,8,2023-12-10,1740.5,1067.41,339.17,In Warranty,2023-12-15,Service Center 5,2023-12-10
729,1188,21,2023-12-10,3806.82,1406.85,1216.12,In Warranty,2024-01-06,Service Center 1,2024-01-01
730,1194,18,2023-12-10,9262.68,1348.47,548.48,In Warranty,2023-12-21,Service Center 5,2023-12-17
731,1197,25,2023-12-10,5418.56,6457.05,899.56,In Warranty,2023-12-20,Service Center 2,2023-12-16
732,1180,5,2023-12-11,3106.72,2263.99,503.76,In Warranty,2023-12-17,Service Center 2,2023-12-13
733,1181,21,2023-12-11,4211.38,2401.2,416.24,Out of Warranty,2023-12-13,Service Center 2,2023-12-11
734,1202,5,2023-12-11,3282.23,1423.09,513.37,In Warranty,2023-12-20,Service Center 2,2023-12-18
735,1201,16,2023-12-12,1890.27,1771.84,67.71,In Warranty,2023-12-16,Service Center 3,2023-12-12
736,1187,27,2023-12-12,8989.08,1924.63,647.7,In Warranty,2023-12-18,Service Center 7,2023-12-12
737,1210,5,2023-12-12,3519.7,1438.26,522.37,In Warranty,2023-12-16,Service Center 2,2023-12-15
738,1199,13,2023-12-12,470.9,1793.53,1873.61,Out of Warranty,2023-12-21,Service Center 4,2023-12-17
739,1200,22,2023-12-12,2780.61,2262.0,1314.14,In Warranty,2023-12-21,Service Center 1,2023-12-16
740,1187,28,2023-12-12,374.57,1029.88,58.57,In Warranty,2023-12-18,Service Center 7,2023-12-12
741,1189,4,2023-12-13,3013.51,4226.52,260.43,In Warranty,2023-12-15,Service Center 4,2023-12-13
742,1183,14,2023-12-13,667.51,1584.43,599.23,In Warranty,2023-12-23,Service Center 5,2023-12-20
743,1211,6,2023-12-13,2612.37,1800.23,440.96,In Warranty,2023-12-16,Service Center 2,2023-12-13
744,1191,20,2023-12-15,5378.51,1444.23,1368.51,In Warranty,2023-12-27,Service Center 8,2023-12-19
745,1206,7,2023-12-15,954.83,1415.93,139.47,In Warranty,2023-12-22,Service Center 6,2023-12-19
746,1192,15,2023-12-15,13798.28,1853.19,280.87,In Warranty,2023-12-26,Service Center 5,2023-12-18
747,1220,13,2023-12-15,445.71,2030.15,580.99,In Warranty,2023-12-18,Service Center 3,2023-12-15
748,1219,7,2023-12-16,952.27,970.54,167.74,In Warranty,2023-12-20,Service Center 2,2023-12-18
749,1225,21,2023-12-17,3919.53,1491.98,394.81,In Warranty,2023-12-20,Service Center 5,2023-12-17
750,1216,25,2023-12-18,5705.68,7775.41,221.96,In Warranty,2023-12-20,Service Center 1,2023-12-18
751,1228,13,2023-12-18,450.43,2444.39,1253.09,In Warranty,2023-12-23,Service Center 1,2023-12-21
752,1193,27,2023-12-18,9127.92,2357.49,1601.56,Out of Warranty,2023-12-24,Service Center 7,2023-12-22
753,1242,15,2023-12-18,15021.59,1309.62,65.44,In Warranty,2023-12-21,Service Center 2,2023-12-18
754,1237,6,2023-12-19,2554.88,2213.31,319.06,In Warranty,2023-12-22,Service Center 1,2023-12-19
755,1245,24,2023-12-19,1187.02,1690.51,175.32,In Warranty,2023-12-23,Service Center 1,2023-12-21
756,1243,7,2023-12-19,929.96,883.36,184.97,In Warranty,2023-12-24,Service Center 2,2023-12-21
757,1217,1,2023-12-19,1262.87,5219.86,2675.2,In Warranty,2024-01-07,Service Center 3,2024-01-06
758,1231,1,2023-12-19,1164.61,5436.34,813.4,In Warranty,2023-12-21,Service Center 2,2023-12-19
759,1233,16,2023-12-19,1973.31,1109.09,328.54,In Warranty,2023-12-26,Service Center 6,2023-12-22
760,1233,15,2023-12-19,15267.14,438.06,299.8,In Warranty,2023-12-26,Service Center 6,2023-12-22
761,1238,4,2023-12-20,3069.96,4464.08,56.56,In Warranty,2023-12-24,Service Center 5,2023-12-20
762,1240,6,2023-12-20,2463.58,2123.61,1093.65,In Warranty,2024-01-10,Service Center 3,2024-01-02
763,1246,30,2023-12-21,870.73,1429.49,475.02,In Warranty,2024-01-01,Service Center 4,2023-12-30
764,1254,18,2023-12-21,9250.02,1195.23,176.27,In Warranty,2023-12-23,Service Center 8,2023-12-21
765,1224,15,2023-12-21,13940.1,1241.61,219.95,In Warranty,2024-01-02,Service Center 6,2023-12-30
766,1250,27,2023-12-23,8215.14,2689.85,1833.72,In Warranty,2024-01-09,Service Center 3,2024-01-03
767,1222,19,2023-12-23,21285.15,1435.99,1166.65,In Warranty,2024-01-09,Service Center 8,2024-01-06
768,1261,5,2023-12-24,3360.05,1962.42,711.21,In Warranty,,Service Center 1,2023-12-29
769,1257,16,2023-12-25,2071.12,1304.46,278.08,In Warranty,2024-01-01,Service Center 3,2023-12-27
770,1253,27,2023-12-25,8309.67,2462.21,600.87,Out of Warranty,2023-12-28,Service Center 3,2023-12-25
771,1264,26,2023-12-25,1712.33,5897.75,2414.26,In Warranty,2024-01-02,Service Center 4,2023-12-29
772,1248,10,2023-12-26,3787.88,892.28,484.65,In Warranty,2024-01-01,Service Center 4,2023-12-30
773,1252,7,2023-12-27,988.87,1086.11,191.52,In Warranty,2024-01-01,Service Center 3,2023-12-29
774,1270,24,2023-12-27,1137.72,1941.23,122.75,In Warranty,2023-12-30,Service Center 1,2023-12-29
775,1262,23,2023-12-28,2069.79,2225.72,1004.07,In Warranty,2024-01-19,Service Center 2,2024-01-16
776,1251,20,2023-12-28,5668.05,1382.3,1244.58,In Warranty,2024-01-14,Service Center 8,2024-01-08
777,1273,11,2023-12-29,2319.85,1880.85,52.78,In Warranty,2023-12-31,Service Center 4,2023-12-29
778,1282,5,2023-12-29,3414.92,2300.09,641.49,In Warranty,2024-01-07,Service Center 5,2024-01-02
779,1263,8,2023-12-30,1848.83,1014.18,384.98,In Warranty,2023-12-31,Service Center 5,2023-12-30
780,1275,27,2023-12-30,8426.07,2443.72,1831.92,In Warranty,2024-01-07,Service Center 3,2024-01-05
781,1286,24,2024-01-02,1066.65,1409.99,144.93,In Warranty,2024-01-08,Service Center 6,2024-01-04
782,1286,22,2024-01-02,2486.49,693.38,1595.04,In Warranty,2024-01-08,Service Center 6,2024-01-04
783,1288,16,2024-01-03,2027.89,1456.55,95.39,In Warranty,2024-01-07,Service Center 1,2024-01-03
784,1284,22,2024-01-04,2471.9,1693.07,1115.71,In Warranty,2024-01-13,Service Center 3,2024-01-08
785,1294,13,2024-01-04,433.38,2726.18,419.41,In Warranty,2024-01-09,Service Center 7,2024-01-04
786,1297,13,2024-01-05,489.66,1820.58,1639.31,In Warranty,2024-01-15,Service Center 5,2024-01-13
787,1290,4,2024-01-05,2996.45,4416.84,207.44,In Warranty,2024-01-07,Service Center 4,2024-01-06
788,1289,27,2024-01-06,8224.83,3061.39,522.94,In Warranty,2024-01-07,Service Center 4,2024-01-06
789,1293,12,2024-01-06,4055.46,2143.65,1356.93,In Warranty,,Service Center 4,2024-01-10
790,1293,11,2024-01-06,2119.66,603.52,186.07,In Warranty,,Service Center 4,2024-01-10
791,1301,11,2024-01-07,2181.57,2848.28,47.91,In Warranty,2024-01-08,Service Center 8,2024-01-07
792,1301,13,2024-01-07,440.65,943.23,430.9,In Warranty,2024-01-08,Service Center 8,2024-01-07
793,1298,21,2024-01-08,4089.79,2008.94,1266.14,In Warranty,2024-01-28,Service Center 4,2024-01-25
794,1283,6,2024-01-08,2620.8,2147.62,380.33,In Warranty,2024-01-10,Service Center 4,2024-01-08
795,1305,6,2024-01-08,2413.91,1983.39,1174.72,In Warranty,2024-01-27,Service Center 1,2024-01-25
796,1298,19,2024-01-08,23312.71,579.44,1629.52,In Warranty,2024-01-28,Service Center 4,2024-01-25
797,1308,12,2024-01-09,4003.27,2598.51,1275.76,In Warranty,2024-01-16,Service Center 7,2024-01-14
798,1303,15,2024-01-09,15120.82,1703.43,275.84,In Warranty,2024-01-18,Service Center 2,2024-01-16
799,1295,8,2024-01-10,1903.54,790.46,1365.91,In Warranty,2024-01-27,Service Center 3,2024-01-22
800,1300,13,2024-01-10,468.75,2227.39,1343.3,In Warranty,2024-01-19,Service Center 3,2024-01-15
801,1312,22,2024-01-10,2801.93,2059.91,383.31,In Warranty,2024-01-12,Service Center 1,2024-01-10
802,1299,20,2024-01-11,5181.76,2408.27,1135.83,Out of Warranty,2024-01-20,Service Center 2,2024-01-16
803,1307,11,2024-01-12,2231.73,2057.45,161.63,In Warranty,2024-01-20,Service Center 7,2024-01-17
804,1323,5,2024-01-12,3459.78,1718.26,611.4,In Warranty,2024-01-22,Service Center 6,2024-01-19
805,1309,22,2024-01-13,2539.99,1924.78,1541.43,In Warranty,2024-01-28,Service Center 7,2024-01-26
806,1320,27,2024-01-14,8846.13,2123.24,480.22,Out of Warranty,2024-01-16,Service Center 1,2024-01-14
807,1319,7,2024-01-14,946.02,858.78,134.16,In Warranty,2024-01-23,Service Center 5,2024-01-17
808,1322,13,2024-01-14,447.7,2181.03,1711.23,In Warranty,2024-01-26,Service Center 3,2024-01-23
809,1329,6,2024-01-15,2330.86,1634.87,435.88,In Warranty,2024-01-18,Service Center 8,2024-01-15
810,1311,24,2024-01-15,1159.19,1469.97,37.79,In Warranty,2024-01-20,Service Center 1,2024-01-15
811,1311,22,2024-01-15,2775.39,721.45,436.58,In Warranty,2024-01-20,Service Center 1,2024-01-15
812,1316,6,2024-01-16,2431.44,2234.89,1471.02,In Warranty,2024-01-31,Service Center 3,2024-01-29
813,1316,5,2024-01-16,3334.97,575.68,679.83,In Warranty,2024-01-31,Service Center 3,2024-01-29
814,1335,24,2024-01-17,1063.23,1645.65,188.2,In Warranty,2024-01-29,Service Center 1,2024-01-21
815,1337,21,2024-01-18,3815.4,1829.88,489.27,In Warranty,2024-01-22,Service Center 2,2024-01-18
816,1327,30,2024-01-18,881.69,1326.49,178.61,In Warranty,2024-01-21,Service Center 2,2024-01-18
817,1338,22,2024-01-19,2517.69,2088.42,1579.88,In Warranty,2024-02-03,Service Center 5,2024-01-27
818,1325,18,2024-01-19,9070.92,1032.8,214.72,In Warranty,2024-01-21,Service Center 2,2024-01-19
819,1347,18,2024-01-20,10379.03,983.0,626.7,In Warranty,2024-02-06,Service Center 4,2024-02-02
820,1341,24,2024-01-21,1200.39,2151.28,130.71,In Warranty,2024-01-24,Service Center 3,2024-01-23
821,1346,24,2024-01-21,1084.76,2217.69,46.82,In Warranty,2024-01-24,Service Center 2,2024-01-21
822,1356,15,2024-01-25,15471.83,1230.36,87.58,Out of Warranty,2024-01-27,Service Center 1,2024-01-25
823,1358,28,2024-01-26,333.53,2481.95,229.65,In Warranty,2024-01-30,Service Center 5,2024-01-29
824,1354,18,2024-01-27,9416.36,1797.41,484.25,In Warranty,2024-02-08,Service Center 6,2024-02-07
825,1350,23,2024-01-27,2243.19,2131.36,924.29,In Warranty,2024-02-21,Service Center 8,2024-02-17
826,1365,10,2024-01-28,3706.73,845.54,596.43,In Warranty,2024-02-06,Service Center 8,2024-02-03
827,1360,16,2024-01-28,1895.78,1521.79,259.53,In Warranty,2024-02-08,Service Center 5,2024-02-05
828,1364,13,2024-01-28,440.82,2687.52,1936.4,In Warranty,2024-03-06,Service Center 1,2024-03-04
829,1366,11,2024-01-31,2374.3,1790.56,189.45,In Warranty,2024-02-09,Service Center 2,2024-02-02
830,1362,20,2024-02-01,5475.21,2218.88,1316.42,In Warranty,2024-02-08,Service Center 8,2024-02-04
831,1374,2,2024-02-03,702.71,3330.9,1374.43,In Warranty,2024-02-19,Service Center 3,2024-02-16
832,1373,26,2024-02-03,1866.11,5057.31,1901.13,In Warranty,2024-02-17,Service Center 2,2024-02-12
833,1370,23,2024-02-03,2019.72,1983.89,398.96,In Warranty,2024-02-06,Service Center 2,2024-02-03
834,1353,16,2024-02-04,1995.86,1529.36,85.43,In Warranty,2024-02-05,Service Center 8,2024-02-04
835,1372,8,2024-02-05,1818.15,1143.59,1286.6,In Warranty,2024-02-15,Service Center 2,2024-02-11
836,1372,9,2024-02-05,1594.94,584.36,1357.05,In Warranty,2024-02-15,Service Center 2,2024-02-11
837,1378,4,2024-02-06,2724.3,5170.67,292.0,In Warranty,2024-02-12,Service Center 4,2024-02-08
838,1387,15,2024-02-06,14569.97,1060.6,327.69,In Warranty,2024-02-09,Service Center 3,2024-02-07
839,1378,3,2024-02-06,17619.73,1438.05,2391.19,In Warranty,2024-02-12,Service Center 4,2024-02-08
840,1383,14,2024-02-07,682.04,2569.99,504.34,In Warranty,2024-02-11,Service Center 1,2024-02-08
841,1388,21,2024-02-07,3812.93,1531.34,394.22,In Warranty,2024-02-09,Service Center 2,2024-02-07
842,1389,7,2024-02-08,893.57,1270.23,154.13,In Warranty,2024-02-12,Service Center 1,2024-02-10
843,1393,19,2024-02-08,23589.03,1287.76,1068.71,In Warranty,2024-02-19,Service Center 3,2024-02-17
844,1386,4,2024-02-08,2800.62,5683.61,282.53,In Warranty,2024-02-15,Service Center 3,2024-02-11
845,1391,9,2024-02-09,1425.15,1333.47,1416.67,In Warranty,2024-02-21,Service Center 2,2024-02-18
846,1390,11,2024-02-09,2154.64,2234.65,183.42,In Warranty,2024-02-16,Service Center 1,2024-02-12
847,1391,8,2024-02-09,1919.32,577.64,935.38,In Warranty,2024-02-21,Service Center 2,2024-02-18
848,1395,19,2024-02-10,23108.21,1510.4,1560.17,In Warranty,2024-02-27,Service Center 5,2024-02-26
849,1400,18,2024-02-10,10098.39,1894.13,209.74,In Warranty,2024-02-14,Service Center 2,2024-02-10
850,1399,27,2024-02-11,8814.8,3393.74,530.18,In Warranty,2024-02-14,Service Center 3,2024-02-11
851,1403,7,2024-02-11,950.87,1172.07,53.22,In Warranty,2024-02-15,Service Center 4,2024-02-11
852,1412,2,2024-02-12,626.5,4144.3,1997.86,In Warranty,2024-03-07,Service Center 1,2024-03-03
853,1402,25,2024-02-12,5924.38,5837.64,1159.82,Out of Warranty,2024-02-22,Service Center 2,2024-02-17
854,1401,7,2024-02-12,857.55,736.6,131.48,In Warranty,2024-02-18,Service Center 7,2024-02-13
855,1398,27,2024-02-13,8891.34,3412.98,668.08,In Warranty,2024-02-16,Service Center 2,2024-02-13
856,1414,1,2024-02-13,1279.15,3987.79,2806.0,In Warranty,2024-03-09,Service Center 6,2024-03-06
857,1404,24,2024-02-13,1165.8,2240.83,147.37,In Warranty,2024-02-17,Service Center 6,2024-02-14
858,1413,9,2024-02-13,1571.74,787.28,1460.71,In Warranty,2024-03-10,Service Center 6,2024-03-07
859,1417,18,2024-02-14,9660.38,1359.31,709.42,In Warranty,2024-02-24,Service Center 4,2024-02-22
860,1405,19,2024-02-15,20915.51,1580.74,1042.47,In Warranty,2024-03-06,Service Center 7,2024-02-28
861,1405,21,2024-02-15,4092.18,599.93,1748.97,In Warranty,2024-03-06,Service Center 7,2024-02-28
862,1410,8,2024-02-16,1828.38,912.83,1042.35,In Warranty,2024-02-25,Service Center 6,2024-02-23
863,1421,30,2024-02-16,844.76,1432.69,713.57,In Warranty,2024-03-03,Service Center 2,2024-02-26
864,1416,29,2024-02-17,5082.62,2152.56,380.8,In Warranty,2024-02-19,Service Center 8,2024-02-17
865,1423,15,2024-02-18,14711.15,1353.49,81.47,In Warranty,2024-02-20,Service Center 2,2024-02-18
866,1426,18,2024-02-18,9339.36,1465.51,500.97,In Warranty,2024-03-01,Service Center 1,2024-02-24
867,1411,7,2024-02-18,934.15,755.41,47.99,In Warranty,2024-02-19,Service Center 3,2024-02-18
868,1435,28,2024-02-18,341.03,1991.1,281.19,In Warranty,2024-02-23,Service Center 7,2024-02-21
869,1435,27,2024-02-18,8747.61,747.75,1792.58,In Warranty,2024-02-23,Service Center 7,2024-02-21
870,1436,21,2024-02-19,4039.53,1817.61,1529.66,In Warranty,2024-03-18,Service Center 1,2024-03-13
871,1427,9,2024-02-20,1437.67,1364.83,1531.17,In Warranty,2024-03-01,Service Center 8,2024-02-25
872,1448,20,2024-02-21,5520.74,1932.73,1415.05,In Warranty,2024-02-27,Service Center 1,2024-02-24
873,1434,18,2024-02-21,9749.86,1241.62,688.29,In Warranty,2024-03-13,Service Center 6,2024-03-08
874,1440,28,2024-02-22,335.86,3080.55,251.57,In Warranty,2024-03-02,Service Center 8,2024-02-27
875,1458,11,2024-02-24,2165.1,1546.44,138.6,In Warranty,2024-03-02,Service Center 1,2024-02-26
876,1456,7,2024-02-24,957.27,778.84,43.76,In Warranty,2024-02-29,Service Center 8,2024-02-24
877,1456,10,2024-02-24,3573.8,376.98,150.57,In Warranty,2024-02-29,Service Center 8,2024-02-24
878,1459,9,2024-02-25,1565.2,1325.43,384.36,In Warranty,2024-03-03,Service Center 7,2024-02-25
879,1462,8,2024-02-25,1793.43,1435.64,1046.14,In Warranty,2024-03-05,Service Center 4,2024-02-29
880,1460,1,2024-02-25,1148.94,5662.55,581.32,In Warranty,2024-02-27,Service Center 2,2024-02-25
881,1466,19,2024-02-25,20904.73,1271.74,1121.52,In Warranty,2024-03-08,Service Center 4,2024-03-03
882,1453,20,2024-02-25,5058.71,2015.49,1188.92,Out of Warranty,2024-03-14,Service Center 3,2024-03-01
883,1447,9,2024-02-26,1428.56,861.59,1125.9,In Warranty,2024-03-10,Service Center 1,2024-03-06
884,1450,7,2024-02-26,893.85,980.67,176.79,In Warranty,2024-03-04,Service Center 1,2024-02-28
885,1463,27,2024-02-27,8645.07,2014.9,1642.82,In Warranty,2024-03-02,Service Center 3,2024-03-01
886,1444,20,2024-02-28,5528.12,1679.41,405.27,In Warranty,2024-03-06,Service Center 6,2024-02-28
887,1477,18,2024-02-28,10302.84,1299.72,202.94,In Warranty,2024-03-03,Service Center 2,2024-02-28
888,1444,19,2024-02-28,23379.13,537.41,344.37,In Warranty,2024-03-06,Service Center 6,2024-02-28
889,1441,13,2024-02-29,462.34,2146.34,1267.87,In Warranty,2024-03-04,Service Center 7,2024-03-01
890,1471,8,2024-02-29,1866.41,1379.47,1121.13,In Warranty,2024-03-10,Service Center 1,2024-03-04
891,1465,9,2024-03-01,1437.3,1365.17,1475.47,In Warranty,2024-03-08,Service Center 3,2024-03-07
892,1478,28,2024-03-02,356.99,1885.79,67.05,In Warranty,2024-03-05,Service Center 8,2024-03-02
893,1495,15,2024-03-02,14067.79,1121.23,333.52,In Warranty,2024-03-10,Service Center 5,2024-03-05
894,1479,20,2024-03-02,5506.36,2374.14,413.04,In Warranty,2024-03-04,Service Center 2,2024-03-02
895,1479,21,2024-03-02,3759.52,693.76,496.38,In Warranty,2024-03-04,Service Center 2,2024-03-02
896,1467,8,2024-03-03,1722.18,1310.25,416.78,In Warranty,2024-03-06,Service Center 1,2024-03-03
897,1486,11,2024-03-03,2327.57,2131.01,154.25,In Warranty,2024-03-09,Service Center 4,2024-03-05
898,1499,15,2024-03-03,15403.34,999.65,216.94,In Warranty,2024-03-18,Service Center 1,2024-03-14
899,1490,24,2024-03-03,1203.6,1793.73,156.84,In Warranty,2024-03-08,Service Center 2,2024-03-04
900,1493,15,2024-03-04,14638.13,1572.84,231.82,In Warranty,2024-03-19,Service Center 4,2024-03-16
901,1498,15,2024-03-05,14850.56,1916.69,295.1,In Warranty,2024-03-17,Service Center 3,2024-03-15
902,1496,16,2024-03-05,1971.3,1703.35,314.34,In Warranty,2024-03-12,Service Center 4,2024-03-10
903,1488,15,2024-03-06,13996.82,1921.18,74.9,In Warranty,2024-03-08,Service Center 5,2024-03-06
904,1501,20,2024-03-06,5162.75,1718.94,314.92,Out of Warranty,2024-03-07,Service Center 1,2024-03-06
905,1494,18,2024-03-06,9415.76,1394.05,206.2,In Warranty,2024-03-09,Service Center 6,2024-03-06
906,1487,16,2024-03-06,1846.93,1545.72,92.52,In Warranty,2024-03-10,Service Center 5,2024-03-06
907,1524,15,2024-03-07,15674.05,1149.1,227.1,In Warranty,2024-03-23,Service Center 2,2024-03-14
908,1502,2,2024-03-07,626.31,3688.68,1341.26,In Warranty,2024-03-21,Service Center 1,2024-03-18
909,1500,16,2024-03-07,1921.66,1676.6,277.19,In Warranty,2024-03-28,Service Center 7,2024-03-19
910,1517,16,2024-03-07,1920.19,1290.27,97.48,In Warranty,2024-03-11,Service Center 2,2024-03-07
911,1532,15,2024-03-08,15511.72,1345.61,320.36,In Warranty,2024-03-12,Service Center 4,2024-03-11
912,1484,30,2024-03-08,879.62,1392.1,641.73,In Warranty,2024-03-12,Service Center 3,2024-03-09
913,1520,17,2024-03-08,7182.29,1634.01,230.51,In Warranty,2024-03-25,Service Center 2,2024-03-21
914,1529,30,2024-03-08,834.33,1295.37,595.87,In Warranty,2024-03-17,Service Center 1,2024-03-13
915,1492,25,2024-03-08,5671.47,7688.95,1028.57,In Warranty,2024-03-14,Service Center 7,2024-03-10
916,1514,15,2024-03-08,14183.19,1758.1,333.38,In Warranty,2024-03-20,Service Center 7,2024-03-18
917,1539,15,2024-03-08,14915.71,1320.73,325.9,In Warranty,2024-03-17,Service Center 1,2024-03-16
918,1536,7,2024-03-09,914.43,1360.31,137.3,In Warranty,2024-03-14,Service Center 2,2024-03-10
919,1527,16,2024-03-09,1822.4,1238.74,238.12,In Warranty,2024-03-18,Service Center 4,2024-03-17
920,1518,6,2024-03-10,2468.48,1679.37,1239.23,In Warranty,2024-03-24,Service Center 6,2024-03-22
921,1537,13,2024-03-10,461.53,1809.12,392.86,In Warranty,2024-03-17,Service Center 5,2024-03-10
922,1482,7,2024-03-11,969.62,1039.94,161.51,In Warranty,2024-03-17,Service Center 1,2024-03-14
923,1540,25,2024-03-11,5159.94,4554.29,1004.38,In Warranty,2024-03-16,Service Center 3,2024-03-15
924,1535,17,2024-03-11,7252.02,1791.15,329.32,In Warranty,2024-04-03,Service Center 3,2024-03-27
925,1519,15,2024-03-11,15187.09,1388.08,254.56,In Warranty,2024-03-16,Service Center 1,2024-03-12
926,1521,13,2024-03-11,432.11,2083.14,528.25,In Warranty,2024-03-15,Service Center 4,2024-03-11
927,1521,14,2024-03-11,711.68,1043.96,190.83,In Warranty,2024-03-15,Service Center 4,2024-03-11
928,1552,15,2024-03-12,13803.56,1351.23,64.79,In Warranty,2024-03-14,Service Center 4,2024-03-12
929,1541,17,2024-03-12,7424.74,1778.6,280.38,In Warranty,2024-04-11,Service Center 8,2024-04-04
930,1552,16,2024-03-12,2024.18,546.85,81.67,In Warranty,2024-03-14,Service Center 4,2024-03-12
931,1516,15,2024-03-13,14098.04,1479.53,273.98,In Warranty,2024-03-18,Service Center 6,2024-03-13
932,1553,9,2024-03-13,1464.53,1056.37,373.0,In Warranty,2024-03-18,Service Center 7,2024-03-13
933,1522,14,2024-03-13,669.53,2196.83,650.82,In Warranty,2024-03-28,Service Center 6,2024-03-22
934,1560,17,2024-03-13,7264.16,1869.8,290.09,In Warranty,2024-03-26,Service Center 2,2024-03-23
935,1545,11,2024-03-13,2403.29,2141.24,183.48,In Warranty,2024-03-19,Service Center 6,2024-03-17
936,1551,7,2024-03-14,908.0,1446.46,128.9,In Warranty,2024-03-17,Service Center 1,2024-03-16
937,1556,5,2024-03-14,3146.89,2385.55,651.87,In Warranty,2024-03-19,Service Center 6,2024-03-15
938,1542,16,2024-03-14,2082.44,1527.93,234.91,In Warranty,2024-03-21,Service Center 4,2024-03-20
939,1504,14,2024-03-16,740.73,2147.35,520.03,In Warranty,2024-03-26,Service Center 5,2024-03-18
940,1568,16,2024-03-16,2003.97,1176.79,305.92,In Warranty,2024-03-22,Service Center 4,2024-03-20
941,1504,11,2024-03-16,2366.9,678.45,185.04,In Warranty,2024-03-26,Service Center 5,2024-03-18
942,1582,15,2024-03-17,15152.68,1002.87,249.99,In Warranty,2024-04-04,Service Center 6,2024-04-02
943,1550,7,2024-03-17,862.7,923.3,187.6,In Warranty,2024-03-23,Service Center 8,2024-03-20
944,1573,15,2024-03-17,15236.49,1387.97,215.8,In Warranty,2024-03-25,Service Center 1,2024-03-22
945,1598,15,2024-03-18,15208.08,1754.32,99.25,In Warranty,2024-03-21,Service Center 2,2024-03-18
946,1574,16,2024-03-18,1966.36,1040.34,331.23,In Warranty,2024-03-26,Service Center 2,2024-03-22
947,1579,15,2024-03-18,14296.02,1101.06,268.05,In Warranty,2024-04-03,Service Center 1,2024-04-02
948,1578,24,2024-03-18,1067.6,2352.14,138.06,In Warranty,2024-03-27,Service Center 5,2024-03-20
949,1587,16,2024-03-18,1981.91,1082.57,95.25,In Warranty,2024-03-27,Service Center 5,2024-03-18
950,1587,18,2024-03-18,9048.51,685.23,137.69,In Warranty,2024-03-27,Service Center 5,2024-03-18
951,1602,19,2024-03-19,23151.45,2088.29,423.92,In Warranty,,Service Center 8,2024-03-19
952,1594,17,2024-03-19,6620.53,1867.21,73.15,In Warranty,2024-03-21,Service Center 3,2024-03-19
953,1589,11,2024-03-19,2145.24,2567.62,180.01,In Warranty,2024-03-23,Service Center 3,2024-03-21
954,1597,16,2024-03-19,1898.58,1705.48,212.4,In Warranty,2024-03-24,Service Center 4,2024-03-20
955,1577,11,2024-03-19,2166.26,2631.07,123.5,In Warranty,2024-03-25,Service Center 3,2024-03-21
956,1599,17,2024-03-19,6898.39,1600.0,82.24,In Warranty,2024-03-24,Service Center 4,2024-03-19
957,1581,16,2024-03-20,1961.74,1755.09,299.81,In Warranty,2024-04-01,Service Center 6,2024-03-29
958,1609,15,2024-03-20,15137.24,1942.52,285.4,In Warranty,2024-03-29,Service Center 3,2024-03-27
959,1584,4,2024-03-20,2867.42,5475.04,81.31,In Warranty,2024-03-22,Service Center 3,2024-03-20
960,1588,17,2024-03-21,6763.55,1570.42,220.61,In Warranty,2024-04-09,Service Center 4,2024-04-06
961,1596,27,2024-03-21,8508.84,3201.27,2102.77,In Warranty,2024-04-09,Service Center 4,2024-03-29
962,1603,14,2024-03-21,726.73,1499.08,685.12,In Warranty,2024-03-26,Service Center 1,2024-03-23
963,1606,30,2024-03-21,931.33,777.87,537.73,In Warranty,2024-03-23,Service Center 8,2024-03-22
964,1592,14,2024-03-21,670.35,2071.83,185.21,In Warranty,2024-03-25,Service Center 2,2024-03-21
965,1562,15,2024-03-22,14856.83,1802.76,84.77,In Warranty,2024-03-28,Service Center 6,2024-03-22
966,1607,6,2024-03-22,2556.24,1643.24,1117.1,In Warranty,2024-04-26,Service Center 3,2024-04-22
967,1625,16,2024-03-23,2006.54,1340.61,213.71,In Warranty,2024-04-13,Service Center 5,2024-04-04
968,1610,12,2024-03-23,4170.39,1594.15,425.56,In Warranty,2024-03-25,Service Center 5,2024-03-23
969,1608,16,2024-03-23,1813.57,1837.93,312.21,In Warranty,2024-04-02,Service Center 1,2024-03-31
970,1624,15,2024-03-23,15470.98,1599.82,74.83,In Warranty,2024-03-27,Service Center 1,2024-03-23
971,1622,11,2024-03-24,2329.99,2600.57,151.77,In Warranty,2024-04-05,Service Center 5,2024-03-27
972,1619,19,2024-03-24,21500.46,2445.24,1662.07,Out of Warranty,2024-04-03,Service Center 6,2024-04-01
973,1627,24,2024-03-25,1171.04,1566.74,144.01,In Warranty,2024-04-01,Service Center 3,2024-03-27
974,1618,18,2024-03-25,9800.44,1356.0,581.75,In Warranty,2024-04-18,Service Center 7,2024-04-13
975,1617,11,2024-03-25,2129.59,2582.05,169.82,In Warranty,2024-03-30,Service Center 2,2024-03-26
976,1628,5,2024-03-25,3368.02,1666.3,191.52,In Warranty,2024-03-28,Service Center 5,2024-03-25
977,1627,22,2024-03-25,2797.35,624.65,1103.92,In Warranty,2024-04-01,Service Center 3,2024-03-27
978,1604,17,2024-03-26,7402.29,1091.88,227.99,In Warranty,2024-04-19,Service Center 7,2024-04-08
979,1530,23,2024-03-26,2209.75,1416.9,394.39,In Warranty,2024-03-31,Service Center 5,2024-03-26
980,1633,13,2024-03-26,457.18,1925.82,529.85,In Warranty,2024-03-27,Service Center 1,2024-03-26
981,1620,17,2024-03-26,6963.44,1834.33,63.32,In Warranty,2024-04-05,Service Center 5,2024-03-26
982,1530,24,2024-03-26,1083.83,918.29,36.5,In Warranty,2024-03-31,Service Center 5,2024-03-26
983,1620,16,2024-03-26,1855.06,557.09,66.78,In Warranty,2024-04-05,Service Center 5,2024-03-26
984,1630,15,2024-03-27,15115.74,1710.73,278.7,In Warranty,2024-04-07,Service Center 3,2024-03-31
985,1637,4,2024-03-27,3062.09,5794.74,69.89,In Warranty,2024-03-31,Service Center 6,2024-03-27
986,1642,23,2024-03-28,2066.19,1687.98,391.62,In Warranty,2024-04-02,Service Center 1,2024-03-28
987,1649,3,2024-03-28,19090.1,5820.49,2153.81,In Warranty,2024-04-10,Service Center 2,2024-04-06
988,1629,15,2024-03-29,15828.06,1647.73,68.39,In Warranty,2024-04-01,Service Center 3,2024-03-29
989,1623,11,2024-03-29,2327.66,1961.78,171.38,In Warranty,2024-04-04,Service Center 5,2024-03-31
990,1650,12,2024-03-29,4332.23,2446.55,1369.72,In Warranty,,Service Center 1,2024-04-08
991,1655,23,2024-03-31,2000.71,2085.6,1225.99,In Warranty,2024-04-07,Service Center 7,2024-04-04
992,1635,15,2024-03-31,14533.64,1532.05,331.19,In Warranty,2024-04-18,Service Center 5,2024-04-17
993,1668,15,2024-03-31,14211.79,1928.84,211.73,In Warranty,2024-04-10,Service Center 4,2024-04-07
994,1669,9,2024-04-01,1520.05,789.42,1493.84,In Warranty,2024-04-17,Service Center 6,2024-04-12
995,1663,16,2024-04-01,1863.85,1727.98,308.55,In Warranty,,Service Center 2,2024-04-02
996,1643,30,2024-04-02,850.1,1468.93,676.61,In Warranty,2024-04-14,Service Center 4,2024-04-08
997,1673,16,2024-04-02,1933.64,1440.78,232.61,In Warranty,2024-04-17,Service Center 2,2024-04-15
998,1676,15,2024-04-03,15120.4,1085.48,100.16,In Warranty,2024-04-09,Service Center 1,2024-04-03
999,1645,15,2024-04-03,13781.75,1703.15,320.36,In Warranty,2024-04-21,Service Center 7,2024-04-14
1000,1686,15,2024-04-04,15336.14,1208.99,288.84,In Warranty,2024-04-17,Service Center 2,2024-04-15
1001,1621,15,2024-04-04,13890.6,1898.54,298.99,In Warranty,2024-04-15,Service Center 8,2024-04-12
1002,1672,16,2024-04-04,1973.26,1149.44,83.38,In Warranty,2024-04-09,Service Center 5,2024-04-04
1003,1636,15,2024-04-04,15169.01,1856.26,83.01,In Warranty,2024-04-08,Service Center 7,2024-04-04
1004,1691,15,2024-04-04,15003.41,1281.93,302.15,In Warranty,2024-04-14,Service Center 2,2024-04-11
1005,1651,15,2024-04-04,14024.51,1887.89,62.52,In Warranty,2024-04-07,Service Center 2,2024-04-04
1006,1683,10,2024-04-04,3837.73,1383.08,199.08,In Warranty,2024-04-09,Service Center 4,2024-04-04
1007,1678,3,2024-04-04,20038.48,5345.57,612.03,Out of Warranty,2024-04-07,Service Center 2,2024-04-04
1008,1689,15,2024-04-04,15905.29,1621.85,277.8,In Warranty,2024-04-15,Service Center 1,2024-04-13
1009,1621,16,2024-04-04,1873.51,526.96,247.51,In Warranty,2024-04-15,Service Center 8,2024-04-12
1010,1681,15,2024-04-05,14829.8,1832.66,99.15,In Warranty,2024-04-08,Service Center 4,2024-04-05
1011,1694,12,2024-04-05,4351.07,1633.99,1418.66,In Warranty,2024-04-21,Service Center 1,2024-04-18
1012,1684,18,2024-04-06,9724.72,1425.78,473.84,In Warranty,2024-04-25,Service Center 5,2024-04-17
1013,1702,17,2024-04-06,6599.06,1826.8,211.39,In Warranty,2024-04-12,Service Center 4,2024-04-11
1014,1665,30,2024-04-06,856.89,1421.36,543.57,In Warranty,2024-04-20,Service Center 5,2024-04-18
1015,1680,29,2024-04-06,4831.63,2760.72,1231.17,In Warranty,,Service Center 2,2024-04-20
1016,1716,13,2024-04-07,436.2,1733.64,1546.12,In Warranty,2024-04-19,Service Center 2,2024-04-16
1017,1711,15,2024-04-07,14006.09,1763.97,269.79,In Warranty,2024-04-17,Service Center 7,2024-04-14
1018,1706,8,2024-04-07,1802.73,762.15,1337.04,Out of Warranty,2024-04-18,Service Center 2,2024-04-12
1019,1687,16,2024-04-07,2072.65,1274.56,95.11,In Warranty,2024-04-11,Service Center 5,2024-04-07
1020,1710,16,2024-04-07,1814.63,1493.19,287.37,In Warranty,2024-04-19,Service Center 1,2024-04-17
1021,1677,16,2024-04-07,1944.14,1023.56,64.73,In Warranty,,Service Center 3,2024-04-07
1022,1675,22,2024-04-07,2505.52,2070.86,343.32,In Warranty,2024-04-10,Service Center 2,2024-04-07
1023,1724,7,2024-04-07,968.08,998.24,55.56,In Warranty,2024-04-09,Service Center 2,2024-04-07
1024,1685,18,2024-04-08,9598.12,1129.67,199.59,In Warranty,2024-04-13,Service Center 8,2024-04-08
1025,1728,15,2024-04-08,15120.15,1467.6,228.35,In Warranty,2024-04-25,Service Center 1,2024-04-22
1026,1709,16,2024-04-08,1847.78,1603.8,282.84,In Warranty,2024-04-15,Service Center 8,2024-04-12
1027,1727,15,2024-04-08,14479.64,1336.81,320.81,In Warranty,2024-04-17,Service Center 1,2024-04-13
1028,1701,8,2024-04-08,1742.34,1154.02,1031.82,In Warranty,2024-04-24,Service Center 1,2024-04-21
1029,1713,16,2024-04-08,1982.78,1879.11,257.55,In Warranty,2024-04-23,Service Center 6,2024-04-15
1030,1713,18,2024-04-08,10150.88,511.88,665.7,In Warranty,2024-04-23,Service Center 6,2024-04-15
1031,1698,16,2024-04-09,1834.72,1092.77,94.51,In Warranty,2024-04-11,Service Center 6,2024-04-09
1032,1704,24,2024-04-09,1108.24,1520.13,173.88,In Warranty,2024-04-14,Service Center 6,2024-04-12
1033,1731,8,2024-04-09,1739.21,1012.48,291.51,In Warranty,2024-04-12,Service Center 1,2024-04-09
1034,1696,16,2024-04-09,2008.68,1688.69,302.99,In Warranty,2024-04-20,Service Center 4,2024-04-15
1035,1732,15,2024-04-09,13993.06,1959.04,233.76,In Warranty,2024-04-15,Service Center 7,2024-04-12
1036,1722,27,2024-04-09,9112.62,3216.68,606.53,Out of Warranty,2024-04-12,Service Center 7,2024-04-09
1037,1730,8,2024-04-09,1944.59,955.99,1270.93,In Warranty,2024-04-16,Service Center 4,2024-04-15
1038,1679,15,2024-04-09,15295.1,1174.51,272.69,In Warranty,2024-04-26,Service Center 3,2024-04-24
1039,1715,16,2024-04-09,1898.21,1838.79,264.53,In Warranty,2024-04-17,Service Center 4,2024-04-13
1040,1732,18,2024-04-09,9781.15,627.7,488.56,In Warranty,2024-04-15,Service Center 7,2024-04-12
1041,1704,22,2024-04-09,2481.46,690.82,1298.23,In Warranty,2024-04-14,Service Center 6,2024-04-12
1042,1740,16,2024-04-10,1877.56,1886.07,267.53,In Warranty,2024-04-16,Service Center 1,2024-04-14
1043,1735,18,2024-04-10,9066.83,1770.25,624.4,In Warranty,2024-05-04,Service Center 3,2024-04-29
1044,1720,24,2024-04-10,1141.47,1360.5,53.04,In Warranty,2024-04-12,Service Center 6,2024-04-10
1045,1705,16,2024-04-11,2039.49,1844.86,84.88,In Warranty,2024-04-20,Service Center 8,2024-04-11
1046,1705,15,2024-04-11,15580.56,545.49,65.63,In Warranty,2024-04-20,Service Center 8,2024-04-11
1047,1708,16,2024-04-12,2075.31,1721.39,65.62,In Warranty,2024-04-15,Service Center 5,2024-04-12
1048,1712,11,2024-04-12,2113.43,1714.9,120.71,In Warranty,2024-04-16,Service Center 5,2024-04-13
1049,1736,16,2024-04-12,1894.15,1826.22,217.52,In Warranty,2024-04-30,Service Center 7,2024-04-21
1050,1719,22,2024-04-12,2598.67,1467.45,1387.27,In Warranty,2024-04-24,Service Center 2,2024-04-21
1051,1712,14,2024-04-12,684.05,666.93,513.28,In Warranty,2024-04-16,Service Center 5,2024-04-13
1052,1759,17,2024-04-13,6647.98,1207.73,74.71,In Warranty,2024-04-15,Service Center 4,2024-04-13
1053,1758,17,2024-04-14,6836.55,1612.48,230.38,In Warranty,2024-04-26,Service Center 1,2024-04-22
1054,1753,28,2024-04-14,371.04,1793.89,209.42,In Warranty,2024-04-16,Service Center 4,2024-04-15
1055,1738,30,2024-04-15,828.56,1203.72,530.19,In Warranty,2024-04-21,Service Center 7,2024-04-19
1056,1742,11,2024-04-15,2149.73,2209.34,164.78,In Warranty,2024-04-19,Service Center 4,2024-04-18
1057,1695,20,2024-04-15,4966.13,1683.85,1092.9,In Warranty,2024-04-23,Service Center 1,2024-04-19
1058,1752,12,2024-04-15,4050.75,1547.82,344.93,In Warranty,2024-04-20,Service Center 1,2024-04-15
1059,1746,22,2024-04-17,2609.56,2085.09,342.62,In Warranty,2024-04-25,Service Center 5,2024-04-17
1060,1767,23,2024-04-17,2150.58,1462.81,1086.6,In Warranty,2024-04-28,Service Center 6,2024-04-24
1061,1772,1,2024-04-17,1176.72,3734.51,729.61,In Warranty,2024-04-21,Service Center 2,2024-04-17
1062,1768,11,2024-04-17,2284.23,2879.55,151.56,Out of Warranty,2024-04-21,Service Center 7,2024-04-19
1063,1770,15,2024-04-17,15005.54,987.52,252.11,In Warranty,2024-05-03,Service Center 7,2024-04-30
1064,1764,9,2024-04-18,1639.46,1262.76,1387.7,In Warranty,2024-05-03,Service Center 5,2024-04-26
1065,1751,9,2024-04-18,1439.69,931.11,1282.14,Out of Warranty,2024-05-16,Service Center 1,2024-05-14
1066,1782,15,2024-04-18,15204.64,1354.6,267.8,In Warranty,2024-04-28,Service Center 6,2024-04-27
1067,1778,9,2024-04-18,1495.44,1348.03,1134.79,In Warranty,2024-04-24,Service Center 1,2024-04-23
1068,1775,17,2024-04-18,6560.18,1069.62,88.38,In Warranty,2024-04-22,Service Center 8,2024-04-18
1069,1760,27,2024-04-19,8192.03,2557.14,1731.7,In Warranty,2024-05-06,Service Center 6,2024-04-30
1070,1773,22,2024-04-19,2777.11,1516.44,482.26,In Warranty,2024-04-24,Service Center 5,2024-04-19
1071,1792,15,2024-04-20,14101.04,1684.6,244.34,In Warranty,2024-05-04,Service Center 1,2024-04-28
1072,1725,17,2024-04-20,6942.12,1548.74,234.48,In Warranty,2024-05-04,Service Center 5,2024-04-25
1073,1771,7,2024-04-20,988.46,946.14,164.68,In Warranty,2024-04-23,Service Center 1,2024-04-21
1074,1791,16,2024-04-21,1997.56,1695.69,257.74,In Warranty,2024-04-26,Service Center 1,2024-04-24
1075,1795,15,2024-04-21,15091.54,1840.67,291.07,In Warranty,2024-05-02,Service Center 1,2024-04-25
1076,1790,16,2024-04-21,1839.1,1021.52,258.69,In Warranty,2024-05-04,Service Center 2,2024-05-03
1077,1757,6,2024-04-21,2372.52,1370.39,1243.7,In Warranty,2024-05-02,Service Center 1,2024-04-28
1078,1794,16,2024-04-21,2075.12,1651.68,92.94,In Warranty,2024-04-30,Service Center 5,2024-04-21
1079,1790,15,2024-04-21,14535.46,462.3,272.33,In Warranty,2024-05-04,Service Center 2,2024-05-03
1080,1788,9,2024-04-22,1579.38,906.69,1706.51,In Warranty,2024-05-04,Service Center 2,2024-05-02
1081,1769,16,2024-04-22,1857.34,1897.45,288.67,In Warranty,2024-05-06,Service Center 2,2024-05-04
1082,1785,5,2024-04-22,3098.84,1814.29,563.27,Out of Warranty,2024-04-30,Service Center 2,2024-04-27
1083,1789,16,2024-04-23,2025.04,1863.59,326.81,In Warranty,2024-05-16,Service Center 2,2024-05-13
1084,1787,9,2024-04-23,1610.67,1208.41,1586.97,In Warranty,2024-05-25,Service Center 5,2024-05-12
1085,1796,17,2024-04-23,6606.09,1256.78,277.19,In Warranty,2024-04-29,Service Center 2,2024-04-28
1086,1801,17,2024-04-24,6875.83,1452.9,68.49,Out of Warranty,2024-04-28,Service Center 3,2024-04-24
1087,1799,16,2024-04-24,1896.1,1947.86,64.64,In Warranty,2024-05-03,Service Center 2,2024-04-24
1088,1808,15,2024-04-24,14433.05,1119.47,310.05,In Warranty,2024-05-05,Service Center 4,2024-05-04
1089,1780,1,2024-04-24,1252.05,2978.96,596.42,In Warranty,2024-04-28,Service Center 4,2024-04-24
1090,1806,15,2024-04-24,14238.56,1769.81,80.19,In Warranty,2024-04-26,Service Center 2,2024-04-24
1091,1813,30,2024-04-24,869.02,1214.76,644.33,In Warranty,2024-04-29,Service Center 6,2024-04-26
1092,1783,16,2024-04-24,1900.81,1254.86,226.01,In Warranty,2024-04-28,Service Center 2,2024-04-26
1093,1824,4,2024-04-24,2736.22,5552.81,277.18,In Warranty,,Service Center 1,2024-04-27
1094,1816,16,2024-04-25,2018.01,1735.19,66.56,In Warranty,2024-05-02,Service Center 3,2024-04-25
1095,1825,16,2024-04-25,1981.61,1847.14,310.04,In Warranty,2024-05-06,Service Center 4,2024-05-05
1096,1802,24,2024-04-25,1067.03,1438.81,165.66,In Warranty,2024-05-02,Service Center 8,2024-04-27
1097,1798,22,2024-04-25,2739.46,2394.12,442.15,Out of Warranty,2024-04-26,Service Center 8,2024-04-25
1098,1810,1,2024-04-26,1168.05,5523.72,866.33,In Warranty,2024-05-04,Service Center 5,2024-04-26
1099,1815,9,2024-04-26,1509.69,1121.77,1445.04,In Warranty,2024-05-26,Service Center 3,2024-05-23
1100,1831,15,2024-04-26,15474.17,1517.76,212.4,In Warranty,2024-05-05,Service Center 5,2024-05-02
1101,1807,15,2024-04-26,14276.38,1612.6,313.46,In Warranty,2024-05-11,Service Center 4,2024-05-07
1102,1811,15,2024-04-26,14861.74,1575.21,239.73,In Warranty,2024-05-09,Service Center 7,2024-05-05
1103,1814,12,2024-04-26,4076.18,1485.45,272.59,In Warranty,2024-04-28,Service Center 1,2024-04-26
1104,1820,13,2024-04-27,472.56,2198.64,1879.5,In Warranty,2024-05-09,Service Center 1,2024-05-06
1105,1809,16,2024-04-27,1916.72,1459.06,310.98,In Warranty,2024-05-03,Service Center 3,2024-05-02
1106,1826,24,2024-04-27,1123.46,2289.99,188.79,In Warranty,2024-05-02,Service Center 7,2024-04-28
1107,1829,22,2024-04-27,2485.05,1475.04,1158.9,Out of Warranty,2024-05-07,Service Center 6,2024-05-01
1108,1829,24,2024-04-27,1069.78,739.99,191.77,Out of Warranty,2024-05-07,Service Center 6,2024-05-01
1109,1838,15,2024-04-28,14986.88,1891.81,265.2,In Warranty,2024-05-15,Service Center 1,2024-05-13
1110,1845,9,2024-04-28,1480.61,790.83,1227.27,In Warranty,2024-05-18,Service Center 3,2024-05-13
1111,1837,15,2024-04-29,15771.74,1037.36,62.64,In Warranty,2024-05-02,Service Center 6,2024-04-29
1112,1836,16,2024-04-29,1868.54,1321.11,317.0,In Warranty,2024-05-10,Service Center 2,2024-05-04
1113,1843,15,2024-04-29,13805.06,1873.76,302.65,In Warranty,2024-05-18,Service Center 1,2024-05-14
1114,1839,5,2024-04-29,3454.12,1488.06,616.78,In Warranty,2024-05-04,Service Center 2,2024-05-01
1115,1822,28,2024-04-29,376.96,2028.14,214.83,Out of Warranty,2024-05-03,Service Center 1,2024-04-30
1116,1846,30,2024-04-29,890.57,1038.54,583.17,In Warranty,2024-05-05,Service Center 6,2024-05-02
1117,1836,18,2024-04-29,10153.77,771.47,701.21,In Warranty,2024-05-10,Service Center 2,2024-05-04
1118,1840,9,2024-04-30,1500.04,956.59,541.91,In Warranty,2024-05-01,Service Center 1,2024-04-30
1119,1854,15,2024-04-30,14113.26,1466.59,210.69,In Warranty,2024-05-09,Service Center 6,2024-05-08
1120,1851,2,2024-04-30,660.74,4711.98,1433.95,In Warranty,2024-05-09,Service Center 6,2024-05-07
1121,1833,10,2024-05-01,3653.77,1219.29,639.15,Out of Warranty,2024-05-14,Service Center 2,2024-05-10
1122,1850,17,2024-05-01,7338.07,1644.77,298.31,In Warranty,2024-05-13,Service Center 3,2024-05-05
1123,1823,11,2024-05-01,2125.93,2250.8,174.4,In Warranty,2024-05-08,Service Center 1,2024-05-05
1124,1860,6,2024-05-01,2345.11,2005.85,477.95,In Warranty,2024-05-02,Service Center 2,2024-05-01
1125,1859,7,2024-05-02,902.22,1227.21,125.81,In Warranty,2024-05-05,Service Center 3,2024-05-04
1126,1862,15,2024-05-02,13931.9,1149.29,268.09,In Warranty,2024-05-11,Service Center 8,2024-05-07
1127,1858,17,2024-05-02,6783.26,1429.22,294.2,In Warranty,2024-05-11,Service Center 4,2024-05-08
1128,1856,16,2024-05-02,2076.31,1527.52,327.02,In Warranty,2024-05-17,Service Center 1,2024-05-13
1129,1841,15,2024-05-02,14156.35,1130.33,243.47,In Warranty,2024-05-06,Service Center 1,2024-05-04
1130,1866,8,2024-05-02,1967.34,920.92,1349.65,In Warranty,2024-05-15,Service Center 3,2024-05-11
1131,1819,15,2024-05-03,15602.35,1881.1,279.93,In Warranty,2024-05-13,Service Center 7,2024-05-11
1132,1867,24,2024-05-03,1161.9,1550.38,122.27,Out of Warranty,2024-05-08,Service Center 1,2024-05-05
1133,1882,17,2024-05-03,6473.52,1547.18,213.3,In Warranty,2024-05-15,Service Center 1,2024-05-12
1134,1864,15,2024-05-04,14148.1,1053.44,232.47,In Warranty,2024-05-16,Service Center 2,2024-05-11
1135,1849,16,2024-05-04,1816.62,1350.19,309.37,In Warranty,2024-05-11,Service Center 5,2024-05-07
1136,1885,27,2024-05-05,8142.22,2173.33,706.01,In Warranty,2024-05-08,Service Center 4,2024-05-05
1137,1875,17,2024-05-05,6866.74,1800.04,257.85,In Warranty,2024-05-21,Service Center 5,2024-05-12
1138,1879,23,2024-05-05,2194.67,1426.37,360.25,In Warranty,2024-05-07,Service Center 7,2024-05-05
1139,1889,15,2024-05-06,15405.34,1238.74,224.05,In Warranty,2024-05-25,Service Center 5,2024-05-17
1140,1891,24,2024-05-06,1158.28,1334.5,132.29,Out of Warranty,2024-05-14,Service Center 8,2024-05-09
1141,1874,8,2024-05-06,1760.49,1122.8,881.28,Out of Warranty,2024-05-10,Service Center 1,2024-05-07
1142,1896,18,2024-05-06,10008.88,1390.51,700.43,In Warranty,2024-05-24,Service Center 4,2024-05-21
1143,1878,23,2024-05-06,2206.82,1338.66,1333.84,In Warranty,2024-05-18,Service Center 3,2024-05-14
1144,1887,8,2024-05-06,1891.54,1056.83,1353.05,In Warranty,2024-05-17,Service Center 1,2024-05-12
1145,1891,23,2024-05-06,2079.27,588.2,1162.12,Out of Warranty,2024-05-14,Service Center 8,2024-05-09
1146,1874,9,2024-05-06,1560.45,489.37,1518.57,Out of Warranty,2024-05-10,Service Center 1,2024-05-07
1147,1897,4,2024-05-07,2901.69,4938.81,272.79,Out of Warranty,2024-05-13,Service Center 2,2024-05-09
1148,1897,1,2024-05-07,1233.45,1264.33,2303.15,Out of Warranty,2024-05-13,Service Center 2,2024-05-09
1149,1868,11,2024-05-08,2355.55,2282.08,154.28,In Warranty,2024-05-13,Service Center 5,2024-05-09
1150,1893,16,2024-05-08,2035.79,1551.81,322.9,In Warranty,2024-05-12,Service Center 2,2024-05-11
1151,1903,16,2024-05-08,1978.08,1031.59,65.57,In Warranty,2024-05-11,Service Center 2,2024-05-08
1152,1857,16,2024-05-10,1861.93,1661.39,230.23,In Warranty,2024-05-23,Service Center 7,2024-05-22
1153,1918,27,2024-05-10,8921.15,3303.3,2211.61,In Warranty,2024-05-19,Service Center 1,2024-05-17
1154,1900,28,2024-05-10,374.15,3054.96,204.66,In Warranty,2024-05-18,Service Center 5,2024-05-11
1155,1899,24,2024-05-10,1110.28,1588.37,56.81,In Warranty,2024-05-14,Service Center 5,2024-05-10
1156,1911,15,2024-05-10,14957.72,1086.3,317.58,In Warranty,2024-05-21,Service Center 4,2024-05-20
1157,1899,23,2024-05-10,2126.16,865.04,348.68,In Warranty,2024-05-14,Service Center 5,2024-05-10
1158,1927,16,2024-05-11,2025.15,1583.52,279.69,In Warranty,2024-05-24,Service Center 6,2024-05-21
1159,1905,9,2024-05-11,1525.65,1031.78,1743.27,In Warranty,2024-05-20,Service Center 2,2024-05-18
1160,1869,22,2024-05-11,2697.43,1696.21,1061.49,In Warranty,2024-05-22,Service Center 5,2024-05-15
1161,1869,23,2024-05-11,2097.66,850.21,978.27,In Warranty,2024-05-22,Service Center 5,2024-05-15
1162,1931,24,2024-05-12,1147.05,1718.43,172.39,In Warranty,2024-05-21,Service Center 1,2024-05-16
1163,1890,16,2024-05-12,1888.22,1264.92,261.22,In Warranty,2024-05-20,Service Center 7,2024-05-17
1164,1933,17,2024-05-13,6744.3,1770.72,254.48,In Warranty,2024-05-24,Service Center 4,2024-05-22
1165,1907,22,2024-05-13,2714.24,2005.83,1189.47,Out of Warranty,2024-05-30,Service Center 4,2024-05-28
1166,1926,27,2024-05-14,8418.67,1812.17,530.97,Out of Warranty,2024-05-17,Service Center 8,2024-05-14
1167,1928,30,2024-05-14,894.79,848.04,166.56,In Warranty,2024-05-21,Service Center 4,2024-05-14
1168,1948,16,2024-05-14,2044.83,1609.64,91.52,In Warranty,2024-05-19,Service Center 1,2024-05-14
1169,1936,15,2024-05-14,15790.99,1204.39,278.94,In Warranty,2024-05-25,Service Center 2,2024-05-23
1170,1936,18,2024-05-14,10201.1,650.21,700.36,In Warranty,2024-05-25,Service Center 2,2024-05-23
1171,1953,16,2024-05-15,1939.24,1179.56,234.96,In Warranty,2024-05-22,Service Center 3,2024-05-21
1172,1940,30,2024-05-15,823.04,1108.35,624.0,In Warranty,2024-05-28,Service Center 4,2024-05-22
1173,1919,6,2024-05-15,2300.73,2214.18,348.22,In Warranty,2024-05-17,Service Center 8,2024-05-15
1174,1942,16,2024-05-15,1985.39,1926.43,77.58,Out of Warranty,2024-05-20,Service Center 1,2024-05-15
1175,1938,18,2024-05-16,9550.43,1601.82,154.59,In Warranty,2024-05-19,Service Center 5,2024-05-16
1176,1947,11,2024-05-16,2407.51,2914.0,121.49,In Warranty,2024-05-22,Service Center 6,2024-05-18
1177,1921,25,2024-05-16,5759.74,7084.29,876.31,In Warranty,2024-05-23,Service Center 1,2024-05-22
1178,1921,26,2024-05-16,1819.39,1778.38,2295.12,In Warranty,2024-05-23,Service Center 1,2024-05-22
1179,1955,11,2024-05-17,2400.44,2501.08,134.42,In Warranty,2024-05-25,Service Center 7,2024-05-18
1180,1966,16,2024-05-17,1879.24,1408.95,248.86,In Warranty,2024-05-24,Service Center 7,2024-05-20
1181,1956,20,2024-05-17,5185.3,1488.27,1298.58,In Warranty,2024-05-23,Service Center 2,2024-05-22
1182,1952,15,2024-05-17,14348.6,1819.51,100.29,In Warranty,2024-05-20,Service Center 1,2024-05-17
1183,1966,15,2024-05-17,14465.0,395.85,241.91,In Warranty,2024-05-24,Service Center 7,2024-05-20
1184,1979,13,2024-05-18,486.19,2472.5,1600.14,In Warranty,2024-06-11,Service Center 2,2024-06-09
1185,1964,15,2024-05-18,14390.18,1441.56,305.74,In Warranty,2024-06-01,Service Center 1,2024-05-28
1186,1958,22,2024-05-18,2646.4,2380.53,1382.71,In Warranty,2024-05-30,Service Center 6,2024-05-24
1187,1972,10,2024-05-18,3824.42,1363.97,673.98,In Warranty,2024-05-28,Service Center 1,2024-05-25
1188,1970,15,2024-05-18,14073.02,1064.78,246.93,In Warranty,2024-05-30,Service Center 1,2024-05-26
1189,1949,17,2024-05-18,7407.46,1412.11,261.05,In Warranty,2024-05-30,Service Center 4,2024-05-26
1190,1967,16,2024-05-18,2089.96,1895.26,214.39,In Warranty,2024-06-02,Service Center 7,2024-05-30
1191,1967,15,2024-05-18,14200.17,674.35,318.13,In Warranty,2024-06-02,Service Center 7,2024-05-30
1192,1972,8,2024-05-18,1960.84,319.37,1036.94,In Warranty,2024-05-28,Service Center 1,2024-05-25
1193,1958,24,2024-05-18,1198.12,562.61,193.3,In Warranty,2024-05-30,Service Center 6,2024-05-24
1194,1968,22,2024-05-19,2656.23,1534.46,426.45,In Warranty,2024-05-22,Service Center 6,2024-05-19
1195,1992,25,2024-05-19,5142.58,5001.69,800.88,In Warranty,2024-05-30,Service Center 5,2024-05-25
1196,1951,16,2024-05-19,1931.9,1349.65,325.15,In Warranty,2024-05-28,Service Center 3,2024-05-26
1197,1961,27,2024-05-19,8270.61,2452.37,2430.06,In Warranty,2024-06-15,Service Center 1,2024-06-11
1198,1992,26,2024-05-19,1756.83,1987.65,2320.64,In Warranty,2024-05-30,Service Center 5,2024-05-25
1199,1987,16,2024-05-20,2048.64,1614.93,306.76,In Warranty,2024-06-02,Service Center 2,2024-05-29
1200,1985,17,2024-05-20,7071.32,986.07,228.05,In Warranty,2024-05-31,Service Center 1,2024-05-29
1201,1988,17,2024-05-20,7376.83,1684.73,303.95,In Warranty,2024-05-29,Service Center 2,2024-05-25
1202,1994,16,2024-05-20,1841.28,1010.56,255.08,In Warranty,2024-06-03,Service Center 4,2024-05-28
1203,1975,22,2024-05-20,2783.65,1840.01,317.02,In Warranty,2024-05-24,Service Center 7,2024-05-20
1204,1965,15,2024-05-20,13922.78,1075.96,233.71,In Warranty,,Service Center 1,2024-06-01
1205,1987,17,2024-05-20,6921.93,510.06,299.19,In Warranty,2024-06-02,Service Center 2,2024-05-29
1206,1990,17,2024-05-21,6609.38,1834.27,308.62,In Warranty,2024-05-30,Service Center 1,2024-05-25
1207,1980,7,2024-05-21,939.14,1128.94,138.72,In Warranty,2024-05-26,Service Center 1,2024-05-22
1208,1990,18,2024-05-21,9195.61,709.96,563.86,In Warranty,2024-05-30,Service Center 1,2024-05-25
1209,1989,13,2024-05-22,471.29,2088.79,1479.08,Out of Warranty,2024-06-10,Service Center 8,2024-06-01
1210,1996,5,2024-05-22,3372.24,1696.78,648.83,In Warranty,2024-05-26,Service Center 7,2024-05-25
1211,1969,30,2024-05-23,912.01,1318.79,596.59,In Warranty,,Service Center 3,2024-05-27
1212,2005,8,2024-05-23,1743.62,1435.66,1373.27,In Warranty,2024-06-02,Service Center 6,2024-05-31
1213,2000,10,2024-05-23,3365.95,1380.97,225.09,In Warranty,2024-05-27,Service Center 4,2024-05-23
1214,2008,16,2024-05-23,1899.43,1369.3,336.48,In Warranty,2024-06-09,Service Center 1,2024-06-08
1215,1941,30,2024-05-23,865.86,1301.48,159.98,In Warranty,2024-06-02,Service Center 5,2024-05-23
1216,2008,17,2024-05-23,6779.39,470.94,212.48,In Warranty,2024-06-09,Service Center 1,2024-06-08
1217,2002,16,2024-05-24,1993.14,1784.68,334.51,In Warranty,2024-06-02,Service Center 3,2024-05-31
1218,1986,17,2024-05-24,6572.96,1211.08,300.98,In Warranty,2024-05-30,Service Center 6,2024-05-29
1219,2018,5,2024-05-24,3445.87,1315.59,199.79,In Warranty,2024-05-26,Service Center 4,2024-05-24
1220,2013,25,2024-05-25,5546.34,5445.37,929.64,In Warranty,2024-06-10,Service Center 7,2024-06-05
1221,2014,15,2024-05-25,14353.54,1078.29,321.19,In Warranty,2024-05-30,Service Center 4,2024-05-27
1222,2039,15,2024-05-25,14467.72,1525.63,87.59,In Warranty,2024-05-31,Service Center 3,2024-05-25
1223,2033,9,2024-05-25,1425.88,966.12,1783.5,In Warranty,2024-05-29,Service Center 1,2024-05-28
1224,2004,8,2024-05-25,1771.12,807.4,1160.02,In Warranty,2024-06-17,Service Center 2,2024-06-11
1225,2027,16,2024-05-25,1956.7,1870.08,98.16,In Warranty,2024-05-31,Service Center 7,2024-05-25
1226,2031,18,2024-05-26,9568.77,1137.13,595.97,In Warranty,2024-06-16,Service Center 3,2024-06-11
1227,2041,16,2024-05-26,2028.57,1444.76,333.44,In Warranty,2024-06-08,Service Center 3,2024-06-05
1228,2010,16,2024-05-26,1917.68,1741.03,272.09,In Warranty,,Service Center 7,2024-05-31
1229,2031,15,2024-05-26,15737.85,726.29,302.89,In Warranty,2024-06-16,Service Center 3,2024-06-11
1230,1984,15,2024-05-27,14332.31,1253.7,219.24,In Warranty,2024-06-13,Service Center 5,2024-06-10
1231,1932,16,2024-05-27,1838.01,997.87,249.93,In Warranty,2024-06-06,Service Center 3,2024-06-05
1232,2037,7,2024-05-27,942.88,1120.13,156.27,In Warranty,2024-05-31,Service Center 3,2024-05-29
1233,2006,11,2024-05-27,2101.36,1986.52,188.68,Out of Warranty,2024-05-30,Service Center 2,2024-05-28
1234,1974,8,2024-05-27,1807.5,1402.32,1164.16,Out of Warranty,2024-06-06,Service Center 5,2024-05-30
1235,2032,17,2024-05-27,6533.89,1028.61,289.13,In Warranty,2024-06-09,Service Center 2,2024-06-06
1236,1932,15,2024-05-27,15337.34,690.81,269.6,In Warranty,2024-06-06,Service Center 3,2024-06-05
1237,2053,5,2024-05-28,3451.19,1670.06,537.91,Out of Warranty,2024-06-07,Service Center 2,2024-06-05
1238,1993,23,2024-05-28,2059.27,1251.23,1050.37,Out of Warranty,2024-06-09,Service Center 5,2024-06-02
1239,2009,16,2024-05-29,2006.03,1678.3,98.87,In Warranty,2024-06-01,Service Center 3,2024-05-29
1240,2055,17,2024-05-30,6880.67,1813.06,332.03,In Warranty,2024-06-08,Service Center 3,2024-06-05
1241,2047,15,2024-05-30,14947.38,1881.88,322.15,In Warranty,2024-06-07,Service Center 4,2024-06-06
1242,2021,7,2024-05-30,884.82,945.85,55.66,In Warranty,2024-06-03,Service Center 5,2024-05-30
1243,2015,17,2024-05-30,7161.17,1519.98,256.03,In Warranty,2024-06-16,Service Center 5,2024-06-07
1244,2050,27,2024-05-30,8970.26,3146.66,2399.93,Out of Warranty,2024-06-19,Service Center 1,2024-06-14
1245,2045,20,2024-05-30,5068.93,2068.82,1226.47,Out of Warranty,2024-06-13,Service Center 6,2024-06-10
1246,2038,17,2024-05-31,6627.34,1027.9,266.93,In Warranty,2024-06-10,Service Center 4,2024-06-09
1247,2042,16,2024-05-31,2002.89,1169.79,293.03,In Warranty,2024-06-07,Service Center 8,2024-06-03
1248,2034,20,2024-05-31,5716.91,1978.96,1072.84,In Warranty,2024-06-26,Service Center 1,2024-06-24
1249,2007,16,2024-05-31,1964.95,1278.96,267.27,In Warranty,2024-06-21,Service Center 5,2024-06-13
1250,2040,22,2024-05-31,2788.42,1501.22,1149.07,In Warranty,2024-06-13,Service Center 1,2024-06-08
1251,2007,15,2024-05-31,15837.94,722.88,246.8,In Warranty,2024-06-21,Service Center 5,2024-06-13
1252,2051,22,2024-06-01,2558.86,1850.59,1093.66,In Warranty,2024-06-11,Service Center 5,2024-06-09
1253,2071,22,2024-06-01,2693.47,1512.95,1504.63,In Warranty,2024-06-16,Service Center 1,2024-06-12
1254,2054,15,2024-06-01,14138.25,1753.45,296.18,In Warranty,2024-06-10,Service Center 1,2024-06-06
1255,2064,16,2024-06-02,1896.04,1248.23,294.57,In Warranty,2024-06-07,Service Center 1,2024-06-05
1256,2052,27,2024-06-02,8724.55,2106.69,486.65,In Warranty,2024-06-05,Service Center 3,2024-06-02
1257,2012,22,2024-06-02,2733.78,1370.43,449.52,In Warranty,2024-06-03,Service Center 3,2024-06-02
1258,2081,16,2024-06-02,2045.51,1160.71,62.46,In Warranty,2024-06-04,Service Center 3,2024-06-02
1259,2062,15,2024-06-02,15496.98,1355.99,305.82,In Warranty,2024-06-09,Service Center 2,2024-06-07
1260,2079,15,2024-06-02,14922.65,1113.93,290.19,In Warranty,2024-06-22,Service Center 1,2024-06-19
1261,2084,17,2024-06-02,7166.1,1297.84,289.44,In Warranty,2024-06-18,Service Center 1,2024-06-16
1262,2066,19,2024-06-03,21773.81,2251.08,349.4,In Warranty,2024-06-07,Service Center 5,2024-06-03
1263,2085,15,2024-06-03,15110.47,1532.86,239.79,In Warranty,2024-06-22,Service Center 2,2024-06-19
1264,2068,7,2024-06-03,954.5,782.62,46.5,In Warranty,2024-06-08,Service Center 2,2024-06-03
1265,2086,26,2024-06-04,1679.08,4143.81,2385.41,In Warranty,2024-06-21,Service Center 8,2024-06-16
1266,2104,13,2024-06-04,437.29,1756.02,426.42,In Warranty,2024-06-07,Service Center 1,2024-06-04
1267,2060,2,2024-06-04,656.16,4452.69,401.46,In Warranty,2024-06-07,Service Center 8,2024-06-04
1268,2048,30,2024-06-04,930.74,1117.01,182.3,In Warranty,2024-06-10,Service Center 6,2024-06-04
1269,2075,1,2024-06-04,1152.45,5819.52,2605.03,In Warranty,2024-07-11,Service Center 5,2024-06-20
1270,2089,11,2024-06-04,2196.89,2106.19,48.41,In Warranty,2024-06-07,Service Center 6,2024-06-04
1271,2074,25,2024-06-04,5829.76,4055.59,240.1,Out of Warranty,2024-06-05,Service Center 4,2024-06-04
1272,2073,9,2024-06-05,1575.1,834.5,457.37,Out of Warranty,2024-06-08,Service Center 6,2024-06-05
1273,2059,12,2024-06-05,4164.05,2405.94,1286.96,Out of Warranty,2024-06-15,Service Center 5,2024-06-09
1274,2102,14,2024-06-05,765.11,1679.6,716.44,Out of Warranty,2024-06-16,Service Center 4,2024-06-11
1275,2112,18,2024-06-05,9969.68,1075.04,661.54,In Warranty,2024-06-18,Service Center 4,2024-06-17
1276,2091,15,2024-06-05,15927.27,982.23,251.26,In Warranty,2024-06-14,Service Center 1,2024-06-11
1277,2103,19,2024-06-05,22804.38,2226.62,1330.57,In Warranty,2024-06-16,Service Center 1,2024-06-14
1278,2067,23,2024-06-05,2267.48,1974.71,1331.71,In Warranty,2024-06-13,Service Center 6,2024-06-12
1279,2115,15,2024-06-05,14787.93,1147.07,318.36,In Warranty,2024-06-11,Service Center 2,2024-06-09
1280,2111,21,2024-06-05,4127.59,2220.53,403.76,In Warranty,2024-06-08,Service Center 2,2024-06-05
1281,2083,16,2024-06-05,1810.13,1425.0,235.71,In Warranty,2024-06-08,Service Center 3,2024-06-07
1282,2112,15,2024-06-05,15832.68,773.96,255.1,In Warranty,2024-06-18,Service Center 4,2024-06-17
1283,2116,15,2024-06-06,13852.89,1338.2,276.86,In Warranty,2024-06-15,Service Center 2,2024-06-09
1284,2105,25,2024-06-06,5675.83,5279.21,893.71,In Warranty,2024-06-11,Service Center 2,2024-06-09
1285,2121,15,2024-06-06,14428.34,1262.05,235.53,In Warranty,2024-06-15,Service Center 3,2024-06-10
1286,2110,22,2024-06-06,2615.45,1882.65,425.96,In Warranty,2024-06-07,Service Center 1,2024-06-06
1287,2118,17,2024-06-06,7251.14,1422.13,267.1,In Warranty,2024-06-15,Service Center 2,2024-06-11
1288,2123,15,2024-06-06,15936.35,1649.65,229.08,In Warranty,2024-06-13,Service Center 5,2024-06-11
1289,2128,15,2024-06-07,14306.77,1942.15,333.57,In Warranty,2024-06-20,Service Center 2,2024-06-18
1290,2129,15,2024-06-07,14637.92,1338.97,320.94,In Warranty,2024-06-12,Service Center 4,2024-06-09
1291,2080,30,2024-06-07,853.03,1195.73,644.24,In Warranty,2024-06-16,Service Center 6,2024-06-14
1292,2133,27,2024-06-08,8713.63,1985.19,2076.33,Out of Warranty,2024-07-11,Service Center 5,2024-06-30
1293,2122,17,2024-06-08,7163.46,1672.05,269.14,In Warranty,2024-06-20,Service Center 2,2024-06-18
1294,2097,15,2024-06-08,15324.04,1321.31,323.97,In Warranty,2024-06-16,Service Center 3,2024-06-14
1295,2108,9,2024-06-08,1557.23,1235.91,1181.33,Out of Warranty,2024-06-21,Service Center 5,2024-06-16
1296,2134,11,2024-06-08,2306.6,2355.62,188.94,In Warranty,2024-06-12,Service Center 2,2024-06-09
1297,2098,16,2024-06-08,1867.51,1248.47,271.65,In Warranty,2024-06-19,Service Center 3,2024-06-17
1298,2072,2,2024-06-08,682.21,5590.27,2009.35,In Warranty,2024-06-30,Service Center 3,2024-06-28
1299,2143,15,2024-06-09,14509.2,1538.57,86.16,In Warranty,2024-06-14,Service Center 2,2024-06-09
1300,2127,9,2024-06-09,1587.02,1128.38,470.15,In Warranty,2024-06-15,Service Center 3,2024-06-09
1301,2130,16,2024-06-09,2083.1,1948.72,299.63,In Warranty,2024-06-19,Service Center 5,2024-06-17
1302,2120,19,2024-06-10,23360.41,2351.62,1240.05,In Warranty,2024-06-18,Service Center 2,2024-06-16
1303,2139,21,2024-06-11,4036.05,2201.46,1287.46,In Warranty,2024-07-04,Service Center 2,2024-07-02
1304,2117,15,2024-06-11,14029.92,1151.67,272.51,In Warranty,2024-06-25,Service Center 5,2024-06-16
1305,2107,26,2024-06-11,1819.12,6021.64,2323.6,In Warranty,2024-06-28,Service Center 5,2024-06-20
1306,2154,28,2024-06-11,379.26,1872.71,79.68,In Warranty,2024-06-14,Service Center 1,2024-06-11
1307,2151,23,2024-06-11,2015.76,1941.7,1266.25,In Warranty,2024-06-27,Service Center 1,2024-06-25
1308,2138,15,2024-06-11,13940.87,1212.43,255.29,In Warranty,2024-06-21,Service Center 1,2024-06-17
1309,2090,15,2024-06-12,14281.74,981.55,326.7,In Warranty,2024-06-24,Service Center 5,2024-06-16
1310,2140,13,2024-06-12,462.18,2679.02,1540.43,In Warranty,2024-06-23,Service Center 7,2024-06-20
1311,2162,8,2024-06-12,1765.43,853.6,1162.08,In Warranty,2024-06-28,Service Center 3,2024-06-27
1312,2126,11,2024-06-12,2318.94,2132.78,172.68,In Warranty,2024-06-16,Service Center 1,2024-06-14
1313,2148,27,2024-06-14,9030.97,3052.11,738.48,In Warranty,2024-06-17,Service Center 1,2024-06-14
1314,2173,16,2024-06-14,2018.69,1274.21,280.53,In Warranty,2024-07-03,Service Center 2,2024-07-01
1315,2177,17,2024-06-14,6859.36,1718.53,291.45,In Warranty,2024-06-29,Service Center 3,2024-06-28
1316,2150,18,2024-06-15,10379.18,1829.44,643.22,In Warranty,2024-07-03,Service Center 2,2024-07-01
1317,2166,12,2024-06-15,4348.16,1585.35,1320.64,In Warranty,2024-06-26,Service Center 2,2024-06-22
1318,2185,15,2024-06-15,13863.61,1385.98,314.22,In Warranty,2024-07-03,Service Center 1,2024-06-30
1319,2174,17,2024-06-15,7379.4,1097.88,217.82,In Warranty,2024-07-02,Service Center 3,2024-06-25
1320,2179,15,2024-06-15,14071.2,1633.53,298.39,In Warranty,2024-06-18,Service Center 2,2024-06-17
1321,2187,11,2024-06-16,2361.99,1732.85,49.55,In Warranty,2024-06-20,Service Center 7,2024-06-16
1322,2188,15,2024-06-16,15042.05,1224.9,301.57,Out of Warranty,2024-06-25,Service Center 1,2024-06-21
1323,2178,15,2024-06-17,14799.78,1892.74,335.23,In Warranty,2024-06-29,Service Center 3,2024-06-26
1324,2204,7,2024-06-17,943.52,787.73,139.5,In Warranty,2024-06-20,Service Center 8,2024-06-18
1325,2155,12,2024-06-17,4543.84,1731.85,1282.82,In Warranty,2024-07-11,Service Center 5,2024-07-01
1326,2172,30,2024-06-17,818.58,867.45,592.99,Out of Warranty,2024-06-24,Service Center 6,2024-06-22
1327,2168,23,2024-06-17,2170.3,1317.31,994.06,In Warranty,2024-06-30,Service Center 5,2024-06-26
1328,2158,16,2024-06-17,1871.74,1572.43,292.4,In Warranty,2024-06-28,Service Center 5,2024-06-23
1329,2158,18,2024-06-17,9165.88,750.27,520.46,In Warranty,2024-06-28,Service Center 5,2024-06-23
1330,2191,20,2024-06-18,5208.08,1469.89,377.54,Out of Warranty,2024-06-22,Service Center 2,2024-06-18
1331,2180,4,2024-06-18,2987.59,2949.31,235.78,Out of Warranty,2024-06-24,Service Center 6,2024-06-21
1332,2195,15,2024-06-18,15886.12,1467.28,289.89,In Warranty,2024-07-03,Service Center 2,2024-06-27
1333,2181,29,2024-06-18,4577.22,1542.17,1053.48,In Warranty,2024-06-22,Service Center 4,2024-06-20
1334,2198,14,2024-06-18,715.57,1958.8,506.14,In Warranty,2024-06-28,Service Center 4,2024-06-23
1335,2223,28,2024-06-18,351.54,3076.73,216.42,Out of Warranty,2024-06-25,Service Center 2,2024-06-20
1336,2201,9,2024-06-18,1558.38,1405.93,403.48,In Warranty,2024-06-21,Service Center 1,2024-06-18
1337,2137,15,2024-06-18,15295.02,1856.47,264.22,In Warranty,2024-07-02,Service Center 5,2024-06-24
1338,2194,17,2024-06-19,7142.79,1242.04,321.07,In Warranty,2024-07-02,Service Center 3,2024-06-29
1339,2224,6,2024-06-19,2565.23,2117.63,1628.01,Out of Warranty,2024-07-02,Service Center 4,2024-06-30
1340,2186,16,2024-06-19,2062.3,1656.19,252.74,In Warranty,2024-06-28,Service Center 5,2024-06-23
1341,2190,11,2024-06-19,2377.32,2070.71,45.27,Out of Warranty,2024-06-23,Service Center 7,2024-06-19
1342,2226,16,2024-06-19,2083.2,1603.71,302.38,In Warranty,2024-07-04,Service Center 1,2024-07-02
1343,2218,21,2024-06-20,3771.91,1966.19,1281.27,In Warranty,2024-07-20,Service Center 6,2024-07-17
1344,2229,19,2024-06-20,23917.35,2170.14,428.29,In Warranty,2024-06-23,Service Center 1,2024-06-20
1345,2217,13,2024-06-20,434.84,1964.93,1462.33,In Warranty,2024-06-28,Service Center 8,2024-06-23
1346,2193,15,2024-06-20,14468.54,1354.43,314.01,In Warranty,2024-06-29,Service Center 6,2024-06-26
1347,2209,16,2024-06-20,1900.55,1297.6,288.43,In Warranty,,Service Center 2,2024-07-13
1348,2229,21,2024-06-20,3863.02,700.96,390.72,In Warranty,2024-06-23,Service Center 1,2024-06-20
1349,2231,28,2024-06-21,344.22,3100.86,209.46,Out of Warranty,2024-06-27,Service Center 6,2024-06-22
1350,2163,11,2024-06-21,2226.24,2618.08,121.51,Out of Warranty,2024-06-26,Service Center 6,2024-06-22
1351,2234,27,2024-06-21,9201.19,2548.29,2028.73,In Warranty,2024-07-02,Service Center 2,2024-06-28
1352,2243,15,2024-06-22,14765.13,1316.44,220.96,In Warranty,2024-07-02,Service Center 2,2024-06-28
1353,2233,11,2024-06-22,2338.59,2626.4,163.65,In Warranty,2024-06-27,Service Center 2,2024-06-23
1354,2210,2,2024-06-22,648.06,5778.63,533.14,In Warranty,2024-06-23,Service Center 1,2024-06-22
1355,2232,15,2024-06-22,14878.61,1213.96,225.56,In Warranty,2024-06-27,Service Center 1,2024-06-24
1356,2216,8,2024-06-22,1823.86,841.24,1240.82,In Warranty,2024-06-26,Service Center 2,2024-06-23
1357,2233,13,2024-06-22,493.58,951.03,1377.78,In Warranty,2024-06-27,Service Center 2,2024-06-23
1358,2248,15,2024-06-23,15009.56,1804.6,213.92,In Warranty,2024-07-10,Service Center 6,2024-07-08
1359,2207,15,2024-06-23,14496.31,1622.28,224.34,In Warranty,2024-06-29,Service Center 1,2024-06-25
1360,2167,27,2024-06-24,8880.15,2102.02,1656.59,In Warranty,2024-07-16,Service Center 5,2024-07-02
1361,2244,7,2024-06-24,921.39,1163.4,188.3,In Warranty,2024-06-26,Service Center 1,2024-06-25
1362,2253,14,2024-06-24,716.39,2554.02,669.85,Out of Warranty,2024-07-04,Service Center 1,2024-07-02
1363,2228,28,2024-06-24,362.69,2182.91,56.02,Out of Warranty,2024-06-29,Service Center 4,2024-06-24
1364,2249,15,2024-06-24,15843.34,1585.27,261.72,In Warranty,2024-07-07,Service Center 2,2024-07-02
1365,2238,27,2024-06-25,9270.3,2377.96,2112.75,In Warranty,2024-07-20,Service Center 2,2024-07-13
1366,2261,9,2024-06-25,1623.75,885.19,1660.66,In Warranty,2024-07-14,Service Center 4,2024-07-11
1367,2247,8,2024-06-25,1948.31,1443.86,1334.28,In Warranty,2024-07-03,Service Center 2,2024-06-30
1368,2227,11,2024-06-25,2382.08,1538.18,48.77,In Warranty,2024-06-27,Service Center 8,2024-06-25
1369,2238,28,2024-06-25,372.76,983.45,212.92,In Warranty,2024-07-20,Service Center 2,2024-07-13
1370,2252,11,2024-06-26,2102.89,2560.13,46.16,In Warranty,2024-06-30,Service Center 1,2024-06-26
1371,2260,13,2024-06-26,461.25,2324.21,1395.76,Out of Warranty,2024-07-07,Service Center 2,2024-07-03
1372,2258,15,2024-06-26,15451.32,1631.11,234.58,In Warranty,2024-07-06,Service Center 7,2024-06-30
1373,2276,16,2024-06-27,1960.16,1664.23,229.01,In Warranty,2024-07-07,Service Center 1,2024-07-04
1374,2256,15,2024-06-27,15772.82,1042.99,304.6,In Warranty,2024-07-11,Service Center 1,2024-07-10
1375,2270,30,2024-06-27,927.25,1307.65,499.27,In Warranty,2024-07-06,Service Center 1,2024-07-01
1376,2274,16,2024-06-27,1809.49,1576.5,277.18,In Warranty,2024-07-04,Service Center 1,2024-07-02
1377,2256,17,2024-06-27,7213.59,751.33,326.18,In Warranty,2024-07-11,Service Center 1,2024-07-10
1378,2275,15,2024-06-28,15577.41,1260.12,214.98,In Warranty,2024-07-11,Service Center 2,2024-07-08
1379,2269,13,2024-06-28,436.87,1958.43,488.29,In Warranty,2024-06-30,Service Center 6,2024-06-28
1380,2294,16,2024-06-29,1865.7,1218.56,83.64,In Warranty,2024-06-30,Service Center 3,2024-06-29
1381,2282,18,2024-06-29,10005.01,1648.01,648.92,Out of Warranty,2024-07-09,Service Center 1,2024-07-07
1382,2280,18,2024-06-29,9621.4,1883.46,703.61,In Warranty,2024-07-09,Service Center 3,2024-07-08
1383,2283,15,2024-06-29,14275.42,1136.22,276.59,In Warranty,2024-07-21,Service Center 4,2024-07-17
1384,2286,15,2024-06-29,14218.44,1113.23,292.13,In Warranty,2024-07-08,Service Center 8,2024-07-06
1385,2239,12,2024-06-30,4586.72,2785.79,926.89,In Warranty,2024-07-16,Service Center 8,2024-07-12
1386,2284,15,2024-06-30,14927.45,1654.44,79.77,In Warranty,2024-07-05,Service Center 6,2024-06-30
1387,2305,6,2024-07-01,2594.79,1593.53,383.15,In Warranty,,Service Center 1,2024-07-01
1388,2300,16,2024-07-01,1895.76,1335.3,248.71,In Warranty,2024-07-22,Service Center 2,2024-07-18
1389,2311,27,2024-07-02,8973.95,2379.8,2482.79,In Warranty,2024-07-28,Service Center 2,2024-07-25
1390,2302,16,2024-07-02,1995.09,1838.58,232.8,In Warranty,2024-07-16,Service Center 1,2024-07-15
1391,2267,11,2024-07-02,2405.23,2140.13,164.87,In Warranty,2024-07-11,Service Center 5,2024-07-04
1392,2313,24,2024-07-02,1071.86,1606.17,163.17,In Warranty,2024-07-07,Service Center 1,2024-07-05
1393,2317,12,2024-07-03,4437.8,1958.83,1080.8,In Warranty,2024-07-15,Service Center 1,2024-07-12
1394,2303,16,2024-07-03,2063.27,1590.59,248.17,In Warranty,2024-07-15,Service Center 4,2024-07-13
1395,2316,12,2024-07-04,4126.39,2743.55,1413.95,In Warranty,2024-07-16,Service Center 3,2024-07-12
1396,2285,16,2024-07-04,1969.47,1773.05,242.01,In Warranty,2024-07-10,Service Center 1,2024-07-06
1397,2318,28,2024-07-04,334.71,2466.81,192.98,In Warranty,2024-07-09,Service Center 1,2024-07-06
1398,2324,18,2024-07-05,10133.37,1039.36,535.38,In Warranty,,Service Center 1,2024-07-16
1399,2319,11,2024-07-05,2237.07,2059.75,156.42,Out of Warranty,2024-07-06,Service Center 5,2024-07-05
1400,2291,10,2024-07-05,3793.12,960.57,618.6,In Warranty,2024-07-16,Service Center 1,2024-07-12
1401,2297,7,2024-07-06,885.36,1143.02,135.83,In Warranty,2024-07-12,Service Center 7,2024-07-07
1402,2330,24,2024-07-06,1183.24,1768.32,157.15,In Warranty,2024-07-11,Service Center 5,2024-07-07
1403,2322,13,2024-07-06,484.69,1738.59,1269.78,In Warranty,2024-07-17,Service Center 1,2024-07-14
1404,2335,15,2024-07-06,15516.33,1421.76,211.4,In Warranty,2024-07-14,Service Center 3,2024-07-12
1405,2329,14,2024-07-07,763.67,2659.79,173.24,In Warranty,2024-07-13,Service Center 5,2024-07-07
1406,2307,17,2024-07-07,6927.6,1761.95,84.27,In Warranty,2024-07-11,Service Center 4,2024-07-07
1407,2296,8,2024-07-07,1765.21,1216.01,1119.43,In Warranty,2024-07-18,Service Center 5,2024-07-16
1408,2327,27,2024-07-07,8294.27,2102.16,1724.12,In Warranty,2024-07-31,Service Center 8,2024-07-26
1409,2326,9,2024-07-07,1475.18,777.91,1477.15,In Warranty,2024-07-18,Service Center 1,2024-07-17
1410,2326,7,2024-07-07,962.81,351.0,189.79,In Warranty,2024-07-18,Service Center 1,2024-07-17
1411,2337,24,2024-07-08,1129.94,1530.59,157.31,In Warranty,2024-07-15,Service Center 1,2024-07-10
1412,2306,27,2024-07-08,8312.27,3250.96,2431.92,In Warranty,2024-07-24,Service Center 8,2024-07-20
1413,2333,6,2024-07-08,2353.01,1386.42,453.24,Out of Warranty,2024-07-10,Service Center 3,2024-07-08
1414,2337,23,2024-07-08,2016.96,573.56,1170.17,In Warranty,2024-07-15,Service Center 1,2024-07-10
1415,2339,16,2024-07-09,1965.29,1854.6,272.16,Out of Warranty,2024-07-18,Service Center 1,2024-07-13
1416,2278,4,2024-07-09,2998.7,4079.96,242.14,In Warranty,2024-07-13,Service Center 5,2024-07-10
1417,2339,18,2024-07-09,9111.14,750.68,605.95,Out of Warranty,2024-07-18,Service Center 1,2024-07-13
1418,2350,12,2024-07-10,4555.2,1938.39,1010.88,In Warranty,2024-07-20,Service Center 6,2024-07-15
1419,2342,13,2024-07-11,440.47,2584.98,1447.02,In Warranty,2024-08-02,Service Center 7,2024-07-28
1420,2348,8,2024-07-11,1952.92,1098.6,272.94,In Warranty,2024-07-13,Service Center 4,2024-07-11
1421,2353,17,2024-07-11,7180.42,1490.33,330.18,In Warranty,2024-07-29,Service Center 3,2024-07-26
1422,2347,17,2024-07-11,6682.89,1628.55,330.68,Out of Warranty,2024-07-21,Service Center 6,2024-07-18
1423,2344,18,2024-07-12,10266.85,1189.19,520.35,Out of Warranty,2024-07-29,Service Center 1,2024-07-26
1424,2340,13,2024-07-12,449.08,1763.37,1642.61,Out of Warranty,2024-07-25,Service Center 6,2024-07-18
1425,2359,14,2024-07-12,717.97,1576.69,736.83,In Warranty,,Service Center 2,2024-07-14
1426,2364,25,2024-07-13,5595.68,7067.49,1165.01,In Warranty,2024-07-28,Service Center 5,2024-07-23
1427,2357,8,2024-07-13,1796.28,1360.52,345.07,In Warranty,2024-07-17,Service Center 4,2024-07-13
1428,2364,26,2024-07-13,1747.22,2261.55,2135.25,In Warranty,2024-07-28,Service Center 5,2024-07-23
1429,2355,7,2024-07-14,970.75,952.02,41.17,In Warranty,2024-07-19,Service Center 2,2024-07-14
1430,2354,5,2024-07-14,3216.79,2354.34,607.06,In Warranty,2024-07-19,Service Center 1,2024-07-18
1431,2362,12,2024-07-14,4387.16,1517.02,980.63,In Warranty,2024-07-31,Service Center 1,2024-07-28
1432,2343,15,2024-07-14,15058.15,1235.27,71.88,In Warranty,2024-07-15,Service Center 1,2024-07-14
1433,2368,5,2024-07-14,3267.28,1849.56,539.66,In Warranty,2024-07-21,Service Center 1,2024-07-20
1434,2358,5,2024-07-15,3111.6,2183.2,641.74,In Warranty,2024-07-24,Service Center 1,2024-07-20
1435,2360,14,2024-07-16,687.65,2078.44,202.91,In Warranty,2024-07-17,Service Center 3,2024-07-16
1436,2379,1,2024-07-17,1160.4,4071.77,684.64,Out of Warranty,2024-07-19,Service Center 2,2024-07-17
1437,2377,30,2024-07-18,846.59,1179.24,464.93,In Warranty,2024-07-29,Service Center 1,2024-07-25
1438,2371,21,2024-07-18,4142.67,2009.74,351.06,Out of Warranty,2024-07-20,Service Center 3,2024-07-18
1439,2363,8,2024-07-18,1910.17,739.32,317.1,In Warranty,2024-07-22,Service Center 3,2024-07-18
1440,2378,30,2024-07-19,920.08,1404.5,586.29,Out of Warranty,2024-08-04,Service Center 3,2024-07-28
1441,2376,11,2024-07-19,2403.52,2768.7,120.7,In Warranty,,Service Center 5,2024-07-20
1442,2382,27,2024-07-19,8353.77,2710.33,1664.71,In Warranty,2024-08-09,Service Center 5,2024-07-28
1443,2370,11,2024-07-19,2310.87,2134.89,39.33,In Warranty,2024-07-21,Service Center 4,2024-07-19
1444,2369,1,2024-07-19,1230.95,3149.95,596.39,Out of Warranty,2024-07-26,Service Center 7,2024-07-19
1445,2384,7,2024-07-20,906.61,949.81,57.93,In Warranty,2024-07-23,Service Center 5,2024-07-20
1446,2388,14,2024-07-20,726.05,2260.49,729.54,In Warranty,2024-07-26,Service Center 3,2024-07-23
1447,2391,13,2024-07-22,467.5,1661.38,1942.38,Out of Warranty,2024-07-28,Service Center 3,2024-07-25
1448,2392,18,2024-07-22,9894.16,1916.11,588.5,In Warranty,2024-08-10,Service Center 4,2024-08-08
1449,2386,11,2024-07-22,2305.32,1494.97,147.67,In Warranty,2024-07-27,Service Center 4,2024-07-25
1450,2387,7,2024-07-23,881.47,1079.67,191.66,In Warranty,2024-07-31,Service Center 2,2024-07-26
1451,2397,13,2024-07-24,472.12,1804.72,1810.17,In Warranty,2024-08-07,Service Center 1,2024-08-02
1452,2397,11,2024-07-24,2126.01,1029.88,155.05,In Warranty,2024-08-07,Service Center 1,2024-08-02
1453,2402,12,2024-07-25,4026.0,2155.77,1082.49,In Warranty,2024-08-18,Service Center 3,2024-08-11
1454,2403,27,2024-07-25,8932.19,3107.76,722.52,Out of Warranty,2024-07-27,Service Center 6,2024-07-25
1455,2402,11,2024-07-25,2398.12,1127.98,141.26,In Warranty,2024-08-18,Service Center 3,2024-08-11
1456,2410,14,2024-07-26,690.78,1959.01,614.9,In Warranty,2024-08-06,Service Center 3,2024-07-31
1457,2385,8,2024-07-26,1948.03,1171.19,1038.82,In Warranty,2024-08-08,Service Center 2,2024-07-31
1458,2412,16,2024-07-26,1970.77,1490.68,217.03,Out of Warranty,2024-08-03,Service Center 4,2024-07-29
1459,2400,15,2024-07-26,14968.13,1530.53,257.66,In Warranty,2024-08-03,Service Center 3,2024-07-31
1460,2400,18,2024-07-26,10446.48,516.43,673.84,In Warranty,2024-08-03,Service Center 3,2024-07-31
1461,2416,22,2024-07-27,2497.86,2166.93,1684.3,Out of Warranty,2024-08-28,Service Center 2,2024-08-24
1462,2404,9,2024-07-28,1459.69,1389.51,1683.35,In Warranty,2024-08-01,Service Center 1,2024-07-31
1463,2415,15,2024-07-29,15932.3,1449.57,297.25,Out of Warranty,2024-08-06,Service Center 2,2024-07-31
1464,2430,21,2024-07-30,4255.03,1475.82,1123.83,In Warranty,2024-08-19,Service Center 4,2024-08-14
1465,2419,21,2024-07-30,4225.1,1715.85,1259.52,Out of Warranty,2024-08-27,Service Center 3,2024-08-24
1466,2418,18,2024-07-30,10392.67,1064.1,693.92,In Warranty,2024-08-19,Service Center 2,2024-08-14
1467,2411,24,2024-07-30,1074.28,1253.27,46.4,In Warranty,,Service Center 5,2024-07-30
1468,2420,11,2024-07-31,2135.34,2142.87,156.71,In Warranty,2024-08-06,Service Center 7,2024-08-03
1469,2428,8,2024-07-31,1713.46,1100.81,1087.73,In Warranty,2024-08-05,Service Center 7,2024-08-03
1470,2423,24,2024-07-31,1061.62,1297.98,150.97,In Warranty,2024-08-06,Service Center 1,2024-08-04
1471,2433,11,2024-08-02,2358.16,1825.06,133.92,In Warranty,2024-08-05,Service Center 6,2024-08-03
1472,2422,13,2024-08-02,487.58,2326.33,1417.78,In Warranty,2024-08-07,Service Center 5,2024-08-05
1473,2436,28,2024-08-02,339.47,2579.35,206.25,Out of Warranty,2024-08-07,Service Center 3,2024-08-04
1474,2435,1,2024-08-02,1315.01,4704.11,762.88,In Warranty,2024-08-08,Service Center 3,2024-08-02
1475,2439,3,2024-08-03,19074.66,5003.98,1562.42,Out of Warranty,2024-08-21,Service Center 4,2024-08-15
1476,2444,9,2024-08-05,1493.96,1342.31,1226.26,In Warranty,2024-08-11,Service Center 1,2024-08-08
1477,2438,23,2024-08-05,2054.58,1703.51,1322.89,In Warranty,2024-08-17,Service Center 4,2024-08-15
1478,2429,19,2024-08-05,21229.71,1644.83,1099.23,In Warranty,2024-08-24,Service Center 1,2024-08-22
1479,2443,24,2024-08-06,1135.22,1350.05,124.22,In Warranty,2024-08-14,Service Center 6,2024-08-12
1480,2453,15,2024-08-06,15828.48,999.38,275.94,In Warranty,2024-08-13,Service Center 3,2024-08-08
1481,2445,24,2024-08-06,1094.5,1830.29,37.05,In Warranty,2024-08-09,Service Center 5,2024-08-06
1482,2452,9,2024-08-06,1571.65,1168.84,1793.8,In Warranty,2024-08-21,Service Center 4,2024-08-17
1483,2446,14,2024-08-06,728.46,2776.0,593.3,Out of Warranty,2024-08-18,Service Center 6,2024-08-14
1484,2454,30,2024-08-07,859.67,1354.78,657.09,In Warranty,2024-08-16,Service Center 3,2024-08-12
1485,2455,10,2024-08-07,3686.19,1176.8,750.12,In Warranty,2024-08-14,Service Center 6,2024-08-11
1486,2457,26,2024-08-08,1814.28,4002.19,687.05,In Warranty,2024-08-10,Service Center 4,2024-08-08
1487,2456,16,2024-08-08,1897.63,1902.77,98.75,In Warranty,2024-08-10,Service Center 2,2024-08-08
1488,2464,9,2024-08-09,1633.99,1109.55,1543.88,In Warranty,2024-09-02,Service Center 1,2024-08-27
1489,2469,11,2024-08-09,2376.01,1687.4,40.63,In Warranty,2024-08-13,Service Center 2,2024-08-09
1490,2449,15,2024-08-09,14734.34,1012.01,266.54,In Warranty,2024-08-16,Service Center 1,2024-08-12
1491,2460,18,2024-08-09,10344.0,1395.86,672.21,In Warranty,2024-08-22,Service Center 1,2024-08-18
1492,2468,27,2024-08-10,8083.6,2140.92,2091.81,Out of Warranty,2024-08-23,Service Center 1,2024-08-19
1493,2467,24,2024-08-11,1083.08,1643.62,137.98,In Warranty,2024-08-17,Service Center 2,2024-08-12
1494,2465,24,2024-08-11,1116.58,2035.38,161.51,In Warranty,2024-08-17,Service Center 2,2024-08-12
1495,2462,8,2024-08-11,1890.25,994.22,1367.91,In Warranty,2024-09-12,Service Center 2,2024-09-09
1496,2485,26,2024-08-12,1717.93,5524.72,2045.85,In Warranty,2024-08-30,Service Center 1,2024-08-26
1497,2475,14,2024-08-12,764.18,1880.16,657.93,In Warranty,2024-08-17,Service Center 2,2024-08-14
1498,2474,8,2024-08-13,1774.85,764.78,353.53,In Warranty,2024-08-15,Service Center 1,2024-08-13
1499,2482,15,2024-08-13,15367.0,996.19,79.29,In Warranty,2024-08-14,Service Center 3,2024-08-13
1500,2478,16,2024-08-13,1992.79,1504.76,220.5,Out of Warranty,2024-08-21,Service Center 6,2024-08-16
1501,2483,10,2024-08-14,3788.05,849.11,742.84,In Warranty,2024-08-22,Service Center 1,2024-08-16
1502,2484,9,2024-08-15,1493.43,1083.09,467.28,In Warranty,2024-08-18,Service Center 3,2024-08-15
1503,2489,16,2024-08-15,2028.17,1577.47,318.68,Out of Warranty,2024-08-23,Service Center 1,2024-08-19
1504,2488,30,2024-08-15,897.21,1117.7,140.79,In Warranty,2024-08-22,Service Center 4,2024-08-15
1505,2494,7,2024-08-15,949.96,1283.78,120.65,Out of Warranty,2024-08-18,Service Center 4,2024-08-16
1506,2493,15,2024-08-16,14319.03,1348.25,100.63,In Warranty,2024-08-23,Service Center 5,2024-08-16
1507,2490,27,2024-08-16,8992.27,2617.72,1750.12,In Warranty,2024-08-21,Service Center 6,2024-08-20
1508,2491,5,2024-08-16,3091.8,1690.91,681.45,Out of Warranty,2024-08-21,Service Center 1,2024-08-19
1509,2491,6,2024-08-16,2627.79,783.35,1343.64,Out of Warranty,2024-08-21,Service Center 1,2024-08-19
1510,2503,18,2024-08-18,9589.06,1220.45,526.16,In Warranty,2024-09-01,Service Center 7,2024-08-29
1511,2509,9,2024-08-18,1555.43,906.64,1641.83,Out of Warranty,2024-08-30,Service Center 2,2024-08-22
1512,2504,29,2024-08-18,5095.79,2531.22,293.33,Out of Warranty,2024-08-19,Service Center 2,2024-08-18
1513,2502,16,2024-08-18,1805.68,1265.78,297.87,Out of Warranty,2024-08-28,Service Center 7,2024-08-27
1514,2500,15,2024-08-19,14379.34,1512.72,235.49,In Warranty,2024-08-26,Service Center 4,2024-08-24
1515,2505,27,2024-08-19,9330.32,2145.03,2225.96,In Warranty,2024-08-30,Service Center 8,2024-08-27
1516,2450,30,2024-08-19,926.89,1337.48,584.78,In Warranty,2024-09-03,Service Center 5,2024-08-28
1517,2500,18,2024-08-19,10382.69,652.14,597.36,In Warranty,2024-08-26,Service Center 4,2024-08-24
1518,2508,3,2024-08-20,18765.45,4134.27,1975.13,In Warranty,2024-08-29,Service Center 7,2024-08-28
1519,2511,14,2024-08-20,673.04,1740.15,572.3,In Warranty,2024-08-31,Service Center 8,2024-08-26
1520,2511,12,2024-08-20,4566.99,671.24,880.83,In Warranty,2024-08-31,Service Center 8,2024-08-26
1521,2526,12,2024-08-21,4381.36,1517.7,958.28,In Warranty,2024-08-29,Service Center 2,2024-08-28
1522,2518,4,2024-08-21,2989.63,5729.62,68.12,Out of Warranty,2024-08-26,Service Center 3,2024-08-21
1523,2522,7,2024-08-22,858.37,1385.54,167.91,In Warranty,2024-08-25,Service Center 1,2024-08-23
1524,2512,23,2024-08-23,2010.45,1704.38,1124.92,In Warranty,2024-08-29,Service Center 5,2024-08-27
1525,2516,13,2024-08-23,479.82,2895.77,1424.8,In Warranty,2024-08-31,Service Center 5,2024-08-27
1526,2527,28,2024-08-24,373.5,1782.74,286.54,In Warranty,2024-08-27,Service Center 7,2024-08-25
1527,2514,26,2024-08-24,1666.06,4831.32,511.19,In Warranty,2024-08-26,Service Center 3,2024-08-24
1528,2517,30,2024-08-25,873.2,817.13,582.29,In Warranty,2024-09-02,Service Center 6,2024-09-01
1529,2521,15,2024-08-26,14823.48,1592.17,241.53,In Warranty,2024-09-02,Service Center 5,2024-08-27
1530,2524,16,2024-08-26,2076.96,1632.93,71.11,In Warranty,2024-08-31,Service Center 8,2024-08-26
1531,2542,9,2024-08-28,1593.13,1221.49,495.87,Out of Warranty,2024-08-30,Service Center 7,2024-08-28
1532,2544,8,2024-08-29,1900.04,1318.29,339.17,In Warranty,2024-08-31,Service Center 3,2024-08-29
1533,2536,7,2024-08-29,907.65,944.04,163.32,In Warranty,2024-09-01,Service Center 3,2024-08-31
1534,2552,22,2024-08-30,2840.54,2112.83,1302.3,In Warranty,2024-09-12,Service Center 3,2024-09-11
1535,2547,18,2024-08-30,10283.28,1510.33,706.27,Out of Warranty,2024-09-05,Service Center 1,2024-09-02
1536,2550,26,2024-08-31,1820.48,7715.69,2292.3,Out of Warranty,2024-09-11,Service Center 3,2024-09-08
1537,2555,6,2024-08-31,2409.26,1611.74,440.46,In Warranty,2024-09-02,Service Center 1,2024-08-31
1538,2556,25,2024-08-31,5851.36,6711.37,798.84,In Warranty,2024-09-04,Service Center 1,2024-09-01
1539,2557,11,2024-08-31,2398.11,2317.87,129.09,In Warranty,2024-09-07,Service Center 1,2024-09-02
1540,2558,9,2024-09-01,1437.57,885.78,1494.14,In Warranty,2024-09-15,Service Center 5,2024-09-07
1541,2543,9,2024-09-01,1535.29,1132.37,1556.59,In Warranty,2024-09-11,Service Center 4,2024-09-07
1542,2540,3,2024-09-01,18263.33,3957.9,672.26,Out of Warranty,2024-09-04,Service Center 2,2024-09-01
1543,2540,1,2024-09-01,1157.09,1622.67,791.28,Out of Warranty,2024-09-04,Service Center 2,2024-09-01
1544,2564,8,2024-09-03,1797.05,767.62,1391.57,In Warranty,2024-09-08,Service Center 6,2024-09-05
1545,2537,28,2024-09-03,371.21,1919.47,186.19,In Warranty,2024-09-08,Service Center 7,2024-09-05
1546,2565,30,2024-09-03,841.03,988.81,202.33,In Warranty,2024-09-07,Service Center 2,2024-09-03
1547,2569,20,2024-09-03,5186.63,2265.63,1606.56,In Warranty,2024-09-19,Service Center 4,2024-09-14
1548,2578,26,2024-09-06,1719.11,4248.42,1585.3,In Warranty,2024-09-19,Service Center 4,2024-09-16
1549,2574,7,2024-09-06,923.02,1328.23,180.68,In Warranty,2024-09-12,Service Center 7,2024-09-09
1550,2586,12,2024-09-06,4568.57,2553.23,1035.5,In Warranty,2024-09-14,Service Center 1,2024-09-11
1551,2579,16,2024-09-07,2072.68,1937.49,242.88,In Warranty,2024-09-13,Service Center 3,2024-09-10
1552,2572,5,2024-09-07,3334.1,1925.46,169.6,In Warranty,2024-09-08,Service Center 4,2024-09-07
1553,2582,7,2024-09-07,889.94,1016.82,147.36,In Warranty,2024-09-18,Service Center 4,2024-09-13
1554,2572,6,2024-09-07,2384.08,770.6,466.13,In Warranty,2024-09-08,Service Center 4,2024-09-07
1555,2583,18,2024-09-08,9173.74,1115.95,629.87,In Warranty,2024-09-17,Service Center 6,2024-09-14
1556,2587,8,2024-09-08,1893.95,1220.81,1382.92,In Warranty,2024-09-14,Service Center 2,2024-09-13
1557,2576,4,2024-09-08,2831.24,4672.63,235.11,In Warranty,2024-09-11,Service Center 1,2024-09-10
1558,2575,22,2024-09-08,2852.27,2019.73,1228.3,In Warranty,2024-09-18,Service Center 2,2024-09-14
1559,2562,3,2024-09-08,17779.51,5219.61,2295.32,In Warranty,2024-10-05,Service Center 4,2024-10-02
1560,2591,20,2024-09-09,5320.24,2396.65,1045.79,In Warranty,2024-09-20,Service Center 1,2024-09-17
1561,2566,13,2024-09-09,464.36,1475.33,1666.45,In Warranty,2024-09-28,Service Center 4,2024-09-26
1562,2566,12,2024-09-09,4608.38,629.77,924.52,In Warranty,2024-09-28,Service Center 4,2024-09-26
1563,2603,11,2024-09-10,2317.26,1716.48,124.55,In Warranty,2024-09-16,Service Center 1,2024-09-11
1564,2601,30,2024-09-10,851.42,894.69,134.57,Out of Warranty,2024-09-12,Service Center 4,2024-09-10
1565,2589,26,2024-09-10,1692.14,5832.01,1870.8,In Warranty,2024-09-17,Service Center 3,2024-09-15
1566,2597,8,2024-09-10,1937.42,1010.68,1089.9,In Warranty,2024-09-24,Service Center 1,2024-09-21
1567,2598,5,2024-09-10,3354.72,1951.5,658.42,In Warranty,2024-09-17,Service Center 6,2024-09-15
1568,2616,3,2024-09-11,20256.89,4297.14,1632.83,Out of Warranty,2024-09-28,Service Center 1,2024-09-24
1569,2614,28,2024-09-11,374.75,1733.4,206.93,In Warranty,2024-09-13,Service Center 3,2024-09-11
1570,2614,27,2024-09-11,8219.49,700.1,1583.88,In Warranty,2024-09-13,Service Center 3,2024-09-11
1571,2612,22,2024-09-12,2475.96,2003.61,444.39,In Warranty,2024-09-16,Service Center 3,2024-09-12
1572,2584,27,2024-09-12,8448.0,2062.93,1839.82,In Warranty,2024-09-29,Service Center 6,2024-09-28
1573,2606,19,2024-09-12,23720.12,2051.69,375.72,In Warranty,2024-09-13,Service Center 2,2024-09-12
1574,2607,28,2024-09-12,348.18,2498.33,188.46,In Warranty,2024-09-17,Service Center 8,2024-09-13
1575,2600,21,2024-09-13,3761.96,1927.67,1269.73,In Warranty,2024-10-16,Service Center 5,2024-10-07
1576,2611,22,2024-09-13,2479.88,1566.36,1578.37,In Warranty,2024-09-29,Service Center 3,2024-09-21
1577,2610,7,2024-09-13,951.59,1454.79,50.95,In Warranty,2024-09-15,Service Center 1,2024-09-13
1578,2599,8,2024-09-13,1905.83,984.39,965.64,In Warranty,2024-09-28,Service Center 5,2024-09-18
1579,2599,10,2024-09-13,3814.63,467.18,672.53,In Warranty,2024-09-28,Service Center 5,2024-09-18
1580,2626,11,2024-09-14,2301.15,2158.07,40.56,Out of Warranty,2024-09-19,Service Center 1,2024-09-14
1581,2617,16,2024-09-14,1937.58,1920.32,93.28,In Warranty,2024-09-18,Service Center 5,2024-09-14
1582,2580,24,2024-09-14,1194.46,1668.74,165.34,Out of Warranty,2024-09-20,Service Center 5,2024-09-16
1583,2621,25,2024-09-14,5200.28,5477.45,1085.05,In Warranty,2024-09-19,Service Center 6,2024-09-16
1584,2627,1,2024-09-14,1200.79,3227.39,852.41,In Warranty,2024-09-15,Service Center 1,2024-09-14
1585,2630,22,2024-09-15,2493.95,1915.48,466.05,In Warranty,2024-09-19,Service Center 4,2024-09-15
1586,2622,30,2024-09-15,888.72,1020.32,532.44,Out of Warranty,2024-09-19,Service Center 3,2024-09-18
1587,2629,14,2024-09-15,681.81,2000.3,647.73,Out of Warranty,2024-09-22,Service Center 6,2024-09-21
1588,2633,1,2024-09-16,1171.24,4400.69,1896.33,In Warranty,2024-10-03,Service Center 5,2024-09-20
1589,2625,12,2024-09-16,4524.81,2782.0,1226.14,In Warranty,2024-09-28,Service Center 3,2024-09-22
1590,2628,13,2024-09-16,430.12,2671.86,1345.69,Out of Warranty,2024-09-23,Service Center 6,2024-09-20
1591,2636,15,2024-09-17,14837.86,1035.19,293.31,Out of Warranty,2024-09-24,Service Center 2,2024-09-20
1592,2640,23,2024-09-17,2253.58,1260.54,273.06,In Warranty,2024-09-21,Service Center 1,2024-09-17
1593,2648,22,2024-09-17,2824.05,2079.11,1371.46,In Warranty,2024-10-03,Service Center 6,2024-09-30
1594,2624,18,2024-09-17,9945.79,1686.84,465.74,In Warranty,2024-09-21,Service Center 3,2024-09-20
1595,2624,15,2024-09-17,15172.02,691.04,208.68,In Warranty,2024-09-21,Service Center 3,2024-09-20
1596,2650,18,2024-09-18,9196.75,1570.8,600.28,In Warranty,2024-10-04,Service Center 2,2024-09-26
1597,2642,7,2024-09-18,900.46,1426.25,57.59,In Warranty,2024-09-19,Service Center 1,2024-09-18
1598,2649,11,2024-09-18,2144.08,2726.74,152.19,In Warranty,2024-09-29,Service Center 6,2024-09-23
1599,2639,11,2024-09-19,2337.92,2335.55,185.07,Out of Warranty,2024-09-27,Service Center 2,2024-09-23
1600,2652,24,2024-09-19,1167.16,1775.07,38.86,In Warranty,2024-09-21,Service Center 1,2024-09-19
1601,2638,27,2024-09-19,8837.64,1979.98,667.3,In Warranty,2024-09-29,Service Center 5,2024-09-19
1602,2645,7,2024-09-20,935.34,1392.31,182.32,In Warranty,2024-09-25,Service Center 6,2024-09-21
1603,2593,18,2024-09-20,9293.49,1219.71,167.22,In Warranty,2024-09-22,Service Center 6,2024-09-20
1604,2646,16,2024-09-20,1885.42,1943.27,89.81,In Warranty,2024-09-22,Service Center 3,2024-09-20
1605,2613,5,2024-09-20,3352.24,1242.38,633.46,In Warranty,2024-09-29,Service Center 7,2024-09-25
1606,2644,15,2024-09-21,15722.04,1091.24,292.94,In Warranty,2024-10-01,Service Center 7,2024-09-27
1607,2666,30,2024-09-22,855.83,1415.93,598.95,Out of Warranty,2024-10-05,Service Center 5,2024-09-30
1608,2651,13,2024-09-22,452.46,2753.83,1226.09,In Warranty,2024-09-28,Service Center 4,2024-09-26
1609,2664,27,2024-09-22,9011.06,2724.26,712.66,In Warranty,2024-09-23,Service Center 1,2024-09-22
1610,2660,13,2024-09-23,460.95,2348.16,1595.99,In Warranty,2024-10-03,Service Center 2,2024-09-30
1611,2667,9,2024-09-23,1580.13,857.7,422.13,In Warranty,2024-09-27,Service Center 6,2024-09-23
1612,2677,5,2024-09-23,3122.1,1476.83,511.31,In Warranty,2024-10-01,Service Center 3,2024-09-29
1613,2660,14,2024-09-23,766.91,633.16,755.35,In Warranty,2024-10-03,Service Center 2,2024-09-30
1614,2673,20,2024-09-24,5249.05,1404.28,1537.32,In Warranty,2024-10-13,Service Center 4,2024-10-06
1615,2665,28,2024-09-24,371.71,2389.33,265.43,In Warranty,2024-10-03,Service Center 2,2024-09-26
1616,2674,16,2024-09-24,2068.1,1473.91,305.01,In Warranty,2024-10-02,Service Center 6,2024-09-28
1617,2605,9,2024-09-24,1440.0,1390.93,1407.26,In Warranty,2024-10-18,Service Center 5,2024-10-16
1618,2668,11,2024-09-25,2228.17,2422.65,184.32,In Warranty,2024-10-05,Service Center 6,2024-09-27
1619,2687,15,2024-09-25,15056.08,1131.69,212.02,In Warranty,2024-10-11,Service Center 3,2024-10-07
1620,2657,15,2024-09-26,14257.71,1012.57,242.93,In Warranty,2024-10-02,Service Center 8,2024-09-30
1621,2679,11,2024-09-26,2176.27,1652.97,171.25,In Warranty,2024-10-01,Service Center 3,2024-09-27
1622,2663,21,2024-09-26,3731.58,2409.56,545.34,In Warranty,2024-09-30,Service Center 4,2024-09-26
1623,2690,16,2024-09-27,1938.54,1854.55,89.9,In Warranty,2024-09-30,Service Center 1,2024-09-27
1624,2691,10,2024-09-27,3542.1,847.74,491.8,Out of Warranty,2024-10-03,Service Center 1,2024-09-28
1625,2692,16,2024-09-28,1834.89,1270.98,260.81,In Warranty,2024-10-08,Service Center 3,2024-10-05
1626,2680,30,2024-09-28,895.79,1461.65,166.19,In Warranty,2024-09-30,Service Center 7,2024-09-28
1627,2695,17,2024-09-28,6684.51,1396.65,267.9,In Warranty,2024-10-03,Service Center 1,2024-10-01
1628,2700,4,2024-09-29,2712.98,3656.93,187.92,In Warranty,2024-10-03,Service Center 3,2024-09-30
1629,2707,28,2024-09-30,361.3,1819.89,247.34,Out of Warranty,2024-10-06,Service Center 3,2024-10-02
1630,2701,1,2024-09-30,1203.73,4703.97,670.0,Out of Warranty,2024-10-01,Service Center 1,2024-09-30
1631,2693,16,2024-09-30,2037.73,1348.15,294.97,In Warranty,2024-10-07,Service Center 2,2024-10-02
1632,2685,15,2024-09-30,14076.34,1704.43,289.44,In Warranty,2024-10-09,Service Center 5,2024-10-04
1633,2683,21,2024-09-30,4049.4,2222.14,1777.17,Out of Warranty,2024-10-29,Service Center 8,2024-10-23
1634,2710,25,2024-10-01,5867.49,4840.94,769.9,In Warranty,2024-10-08,Service Center 2,2024-10-05
1635,2708,6,2024-10-01,2413.97,2004.03,1575.14,In Warranty,2024-10-19,Service Center 1,2024-10-16
1636,2718,7,2024-10-03,922.58,921.89,58.28,Out of Warranty,2024-10-05,Service Center 1,2024-10-03
1637,2719,12,2024-10-03,4306.17,1845.05,1106.99,In Warranty,2024-10-14,Service Center 1,2024-10-09
1638,2711,22,2024-10-03,2491.75,2128.96,1588.61,In Warranty,2024-10-24,Service Center 6,2024-10-23
1639,2717,22,2024-10-03,2584.19,2360.61,463.8,In Warranty,2024-10-05,Service Center 1,2024-10-03
1640,2726,29,2024-10-04,4788.1,2862.58,1325.66,In Warranty,2024-10-22,Service Center 2,2024-10-15
1641,2721,8,2024-10-04,1747.91,1224.42,1117.63,In Warranty,2024-10-25,Service Center 6,2024-10-23
1642,2725,8,2024-10-04,1756.86,1271.47,309.95,Out of Warranty,2024-10-06,Service Center 2,2024-10-04
1643,2732,16,2024-10-05,1880.51,1076.39,324.59,In Warranty,2024-10-12,Service Center 1,2024-10-10
1644,2702,11,2024-10-05,2366.59,1648.02,148.88,In Warranty,2024-10-09,Service Center 5,2024-10-07
1645,2739,14,2024-10-06,740.32,2565.23,682.1,In Warranty,2024-10-11,Service Center 2,2024-10-08
1646,2712,6,2024-10-06,2582.85,2231.18,351.48,Out of Warranty,2024-10-10,Service Center 3,2024-10-06
1647,2736,9,2024-10-06,1482.8,1196.16,1540.45,In Warranty,2024-10-22,Service Center 7,2024-10-20
1648,2727,11,2024-10-07,2328.29,2634.53,185.31,In Warranty,2024-10-12,Service Center 8,2024-10-08
1649,2737,16,2024-10-07,1925.69,1362.79,270.42,In Warranty,2024-10-11,Service Center 6,2024-10-10
1650,2729,17,2024-10-07,7134.75,1877.52,99.52,In Warranty,2024-10-08,Service Center 6,2024-10-07
1651,2745,22,2024-10-07,2740.66,2266.6,1503.23,In Warranty,2024-10-19,Service Center 3,2024-10-18
1652,2752,24,2024-10-09,1179.47,2289.13,129.25,Out of Warranty,2024-10-17,Service Center 6,2024-10-11
1653,2735,10,2024-10-09,3516.79,836.72,191.96,In Warranty,2024-10-10,Service Center 4,2024-10-09
1654,2750,25,2024-10-09,5192.64,5152.35,1077.73,In Warranty,2024-10-12,Service Center 2,2024-10-11
1655,2742,15,2024-10-09,15826.44,1496.63,285.17,In Warranty,2024-10-22,Service Center 2,2024-10-20
1656,2760,11,2024-10-09,2322.72,2589.84,180.62,Out of Warranty,2024-10-12,Service Center 1,2024-10-10
1657,2759,27,2024-10-10,8497.8,3303.37,1998.28,In Warranty,2024-10-20,Service Center 3,2024-10-17
1658,2758,9,2024-10-10,1466.1,894.0,513.08,In Warranty,2024-10-17,Service Center 5,2024-10-10
1659,2746,27,2024-10-11,9069.22,2949.93,1666.09,In Warranty,2024-10-21,Service Center 2,2024-10-19
1660,2769,15,2024-10-12,14375.42,1739.48,94.81,In Warranty,,Service Center 8,2024-10-12
1661,2749,26,2024-10-12,1716.62,7155.81,679.34,In Warranty,2024-10-19,Service Center 2,2024-10-12
1662,2773,23,2024-10-12,2204.28,1326.87,1254.98,In Warranty,2024-11-12,Service Center 3,2024-11-08
1663,2776,21,2024-10-12,4237.05,1722.35,1611.23,In Warranty,2024-10-20,Service Center 3,2024-10-18
1664,2762,28,2024-10-12,347.65,2579.31,266.98,In Warranty,2024-10-16,Service Center 1,2024-10-15
1665,2748,22,2024-10-13,2612.01,1834.47,1138.26,In Warranty,2024-10-17,Service Center 6,2024-10-16
1666,2777,9,2024-10-13,1478.7,860.92,1786.13,In Warranty,2024-10-29,Service Center 1,2024-10-25
1667,2768,12,2024-10-14,4215.71,2782.31,1317.15,In Warranty,2024-10-21,Service Center 2,2024-10-18
1668,2767,22,2024-10-14,2778.06,1528.4,1124.29,In Warranty,2024-10-31,Service Center 5,2024-10-30
1669,2765,10,2024-10-14,3595.54,926.26,585.96,In Warranty,2024-10-20,Service Center 6,2024-10-14
1670,2781,12,2024-10-15,4122.03,1721.37,1217.24,In Warranty,2024-10-30,Service Center 3,2024-10-25
1671,2763,6,2024-10-15,2445.38,1422.06,355.72,In Warranty,2024-10-16,Service Center 7,2024-10-15
1672,2775,3,2024-10-15,18240.73,3668.41,2068.18,In Warranty,2024-10-25,Service Center 3,2024-10-21
1673,2780,23,2024-10-15,2012.51,1684.75,1063.56,In Warranty,,Service Center 6,2024-10-29
1674,2764,18,2024-10-15,10032.39,1185.5,175.85,In Warranty,2024-10-16,Service Center 8,2024-10-15
1675,2783,16,2024-10-16,2039.29,1391.85,299.71,In Warranty,2024-10-21,Service Center 2,2024-10-20
1676,2789,16,2024-10-16,1836.81,1323.07,270.62,In Warranty,2024-10-21,Service Center 1,2024-10-19
1677,2788,14,2024-10-17,733.12,2791.48,582.36,In Warranty,2024-11-07,Service Center 5,2024-10-28
1678,2782,24,2024-10-17,1128.48,2265.53,142.68,In Warranty,2024-10-24,Service Center 4,2024-10-18
1679,2772,16,2024-10-17,1871.56,1291.5,329.02,In Warranty,2024-10-29,Service Center 7,2024-10-22
1680,2771,21,2024-10-17,4223.23,1394.64,507.61,Out of Warranty,2024-10-23,Service Center 5,2024-10-17
1681,2747,4,2024-10-17,2865.95,5193.19,208.48,In Warranty,2024-10-25,Service Center 5,2024-10-20
1682,2792,27,2024-10-18,8776.16,2107.96,595.28,In Warranty,2024-10-20,Service Center 1,2024-10-18
1683,2751,1,2024-10-18,1196.85,3174.18,2793.77,In Warranty,2024-11-05,Service Center 2,2024-11-01
1684,2795,22,2024-10-19,2818.59,1265.19,1473.75,In Warranty,2024-11-07,Service Center 7,2024-11-03
1685,2796,8,2024-10-19,1861.59,1350.27,371.34,In Warranty,2024-10-22,Service Center 4,2024-10-19
1686,2797,18,2024-10-19,10085.71,1100.19,684.69,Out of Warranty,2024-10-27,Service Center 4,2024-10-26
1687,2801,7,2024-10-20,981.22,1029.13,139.25,In Warranty,2024-10-25,Service Center 1,2024-10-21
1688,2803,16,2024-10-20,1884.58,1833.94,259.16,In Warranty,2024-10-26,Service Center 6,2024-10-23
1689,2810,29,2024-10-21,5029.75,2034.2,959.45,In Warranty,2024-11-03,Service Center 8,2024-11-02
1690,2804,9,2024-10-22,1617.81,1117.28,1693.46,In Warranty,2024-11-11,Service Center 5,2024-11-01
1691,2798,24,2024-10-22,1133.2,1278.95,157.89,In Warranty,2024-10-27,Service Center 6,2024-10-25
1692,2800,28,2024-10-22,337.29,2706.34,201.0,In Warranty,2024-10-24,Service Center 4,2024-10-23
1693,2814,10,2024-10-22,3432.22,967.88,200.93,Out of Warranty,2024-10-23,Service Center 1,2024-10-22
1694,2820,1,2024-10-23,1266.68,5266.28,2192.14,In Warranty,2024-10-29,Service Center 7,2024-10-26
1695,2807,22,2024-10-23,2538.09,1407.05,397.1,Out of Warranty,2024-10-24,Service Center 2,2024-10-23
1696,2813,14,2024-10-23,666.34,2277.13,503.61,In Warranty,2024-11-01,Service Center 3,2024-10-30
1697,2811,8,2024-10-23,1972.97,1133.57,1196.68,Out of Warranty,2024-10-25,Service Center 8,2024-10-24
1698,2819,6,2024-10-23,2304.05,1236.76,343.48,Out of Warranty,2024-11-02,Service Center 7,2024-10-23
1699,2811,9,2024-10-23,1441.58,586.57,1553.97,Out of Warranty,2024-10-25,Service Center 8,2024-10-24
1700,2833,14,2024-10-24,704.33,1691.15,533.25,In Warranty,2024-10-30,Service Center 2,2024-10-28
1701,2827,21,2024-10-24,4223.61,1948.48,487.15,In Warranty,2024-10-31,Service Center 2,2024-10-24
1702,2815,20,2024-10-24,4976.03,1537.36,436.06,In Warranty,2024-10-28,Service Center 3,2024-10-24
1703,2827,19,2024-10-24,24004.22,752.37,329.55,In Warranty,2024-10-31,Service Center 2,2024-10-24
1704,2823,24,2024-10-25,1085.97,2082.41,49.22,In Warranty,2024-10-28,Service Center 1,2024-10-25
1705,2831,12,2024-10-25,4530.04,1858.73,334.79,In Warranty,2024-10-28,Service Center 7,2024-10-25
1706,2828,23,2024-10-26,2289.32,1626.54,1338.69,In Warranty,2024-11-04,Service Center 7,2024-10-27
1707,2808,24,2024-10-26,1180.9,2123.85,147.71,In Warranty,2024-10-30,Service Center 1,2024-10-27
1708,2834,18,2024-10-26,9907.25,1410.71,642.0,In Warranty,2024-11-16,Service Center 3,2024-11-12
1709,2836,18,2024-10-26,10100.27,1159.38,663.46,In Warranty,2024-11-09,Service Center 1,2024-11-06
1710,2829,7,2024-10-27,900.08,1079.38,165.28,In Warranty,2024-11-03,Service Center 6,2024-10-29
1711,2840,12,2024-10-27,4536.57,2600.1,267.39,In Warranty,2024-11-05,Service Center 6,2024-10-27
1712,2821,15,2024-10-27,15149.36,1705.89,239.08,Out of Warranty,2024-10-31,Service Center 6,2024-10-28
1713,2842,11,2024-10-28,2094.75,2912.43,151.49,In Warranty,2024-10-30,Service Center 8,2024-10-29
1714,2845,22,2024-10-28,2658.95,1541.28,1502.14,In Warranty,2024-11-07,Service Center 1,2024-11-04
1715,2849,12,2024-10-28,4478.06,1568.23,1336.66,In Warranty,2024-11-05,Service Center 6,2024-11-02
1716,2842,12,2024-10-28,4238.98,597.98,986.73,In Warranty,2024-10-30,Service Center 8,2024-10-29
1717,2851,20,2024-10-29,5339.24,2120.43,1186.62,In Warranty,2024-11-10,Service Center 3,2024-11-08
1718,2816,16,2024-10-30,1951.5,1111.91,262.26,In Warranty,2024-11-08,Service Center 5,2024-11-05
1719,2817,17,2024-10-31,7001.98,1179.71,80.02,In Warranty,2024-11-06,Service Center 5,2024-10-31
1720,2855,10,2024-10-31,3710.78,967.51,661.1,In Warranty,2024-11-06,Service Center 4,2024-11-04
1721,2869,9,2024-11-01,1630.5,793.91,1656.37,In Warranty,2024-11-26,Service Center 3,2024-11-22
1722,2853,9,2024-11-01,1559.87,983.53,1720.59,In Warranty,2024-11-17,Service Center 2,2024-11-13
1723,2860,17,2024-11-01,6486.52,1856.28,299.48,In Warranty,2024-11-10,Service Center 1,2024-11-07
1724,2858,19,2024-11-01,21266.6,1610.86,1584.12,In Warranty,2024-11-14,Service Center 1,2024-11-11
1725,2856,18,2024-11-01,10106.76,1340.65,647.51,Out of Warranty,2024-12-04,Service Center 5,2024-11-29
1726,2857,14,2024-11-01,700.49,1939.39,491.53,In Warranty,2024-11-11,Service Center 3,2024-11-07
1727,2869,10,2024-11-01,3622.61,297.56,483.23,In Warranty,2024-11-26,Service Center 3,2024-11-22
1728,2857,12,2024-11-01,4164.54,849.25,1236.3,In Warranty,2024-11-11,Service Center 3,2024-11-07
1729,2832,7,2024-11-02,929.9,951.34,187.74,Out of Warranty,2024-11-06,Service Center 5,2024-11-04
1730,2864,26,2024-11-02,1668.59,7016.83,2250.75,Out of Warranty,2024-11-13,Service Center 1,2024-11-10
1731,2846,16,2024-11-03,2067.22,1096.45,337.32,In Warranty,2024-11-16,Service Center 8,2024-11-12
1732,2786,25,2024-11-03,5676.26,4759.47,244.48,In Warranty,2024-11-06,Service Center 7,2024-11-03
1733,2868,24,2024-11-03,1195.78,1490.47,55.71,In Warranty,2024-11-06,Service Center 2,2024-11-03
1734,2805,18,2024-11-03,9534.09,1007.47,215.01,Out of Warranty,2024-11-04,Service Center 7,2024-11-03
1735,2873,18,2024-11-03,9418.15,1084.9,646.95,Out of Warranty,2024-11-14,Service Center 6,2024-11-12
1736,2863,28,2024-11-04,336.55,2241.74,85.7,In Warranty,2024-11-10,Service Center 4,2024-11-04
1737,2880,25,2024-11-06,5759.2,7165.72,772.02,In Warranty,2024-11-21,Service Center 5,2024-11-15
1738,2866,26,2024-11-07,1819.56,4517.18,2503.58,In Warranty,2024-11-20,Service Center 6,2024-11-15
1739,2891,9,2024-11-07,1586.73,829.54,1550.69,In Warranty,2024-11-18,Service Center 4,2024-11-14
1740,2885,22,2024-11-07,2645.04,1925.61,1488.81,In Warranty,2024-11-15,Service Center 6,2024-11-14
1741,2859,7,2024-11-07,884.37,1131.66,47.97,In Warranty,,Service Center 7,2024-11-07
1742,2892,17,2024-11-08,6947.95,1587.22,98.64,In Warranty,2024-11-11,Service Center 3,2024-11-08
1743,2877,9,2024-11-08,1602.43,1420.9,361.54,In Warranty,2024-11-11,Service Center 7,2024-11-08
1744,2887,1,2024-11-08,1285.36,3555.91,2322.06,In Warranty,,Service Center 2,2024-11-16
1745,2901,13,2024-11-09,452.19,2652.08,418.97,In Warranty,2024-11-13,Service Center 5,2024-11-09
1746,2900,4,2024-11-09,2950.47,4374.37,240.81,In Warranty,2024-11-16,Service Center 2,2024-11-11
1747,2905,24,2024-11-10,1056.31,1605.35,187.92,In Warranty,2024-11-16,Service Center 4,2024-11-13
1748,2898,7,2024-11-10,921.49,1306.45,179.08,In Warranty,2024-11-17,Service Center 5,2024-11-12
1749,2874,20,2024-11-11,5451.54,1693.65,1527.25,In Warranty,2024-11-26,Service Center 5,2024-11-21
1750,2897,20,2024-11-12,5132.33,1815.91,1385.35,In Warranty,2024-11-30,Service Center 1,2024-11-28
1751,2903,22,2024-11-12,2710.78,1873.07,1449.71,Out of Warranty,2024-11-23,Service Center 4,2024-11-19
1752,2916,30,2024-11-12,924.16,748.11,150.19,Out of Warranty,2024-11-15,Service Center 2,2024-11-12
1753,2878,18,2024-11-12,9858.54,1646.61,619.26,In Warranty,2024-11-19,Service Center 1,2024-11-17
1754,2908,10,2024-11-12,3588.32,1013.95,166.81,In Warranty,2024-11-13,Service Center 1,2024-11-12
1755,2878,17,2024-11-12,6663.89,499.29,262.78,In Warranty,2024-11-19,Service Center 1,2024-11-17
1756,2921,20,2024-11-13,5474.76,1248.18,1570.66,Out of Warranty,2024-11-26,Service Center 1,2024-11-25
1757,2883,30,2024-11-13,920.46,1190.59,171.57,In Warranty,2024-11-15,Service Center 2,2024-11-13
1758,2912,1,2024-11-13,1170.37,4509.43,1962.87,In Warranty,2024-11-24,Service Center 5,2024-11-22
1759,2915,30,2024-11-14,862.09,1403.84,478.85,In Warranty,2024-11-24,Service Center 7,2024-11-21
1760,2923,22,2024-11-14,2837.76,1907.11,1683.72,In Warranty,2024-11-28,Service Center 1,2024-11-26
1761,2910,21,2024-11-14,4080.24,1554.86,1760.52,In Warranty,2024-11-25,Service Center 8,2024-11-22
1762,2904,5,2024-11-14,3290.2,1875.45,521.67,In Warranty,2024-11-18,Service Center 2,2024-11-16
1763,2927,13,2024-11-15,475.51,2238.98,1525.84,In Warranty,2024-11-26,Service Center 2,2024-11-24
1764,2918,13,2024-11-15,471.4,2623.13,1510.7,In Warranty,2024-11-25,Service Center 2,2024-11-23
1765,2917,12,2024-11-17,4158.98,2162.41,914.11,Out of Warranty,2024-11-28,Service Center 4,2024-11-26
1766,2929,11,2024-11-18,2161.94,1793.42,182.62,In Warranty,2024-11-25,Service Center 1,2024-11-20
1767,2929,13,2024-11-18,485.21,1020.12,1565.07,In Warranty,2024-11-25,Service Center 1,2024-11-20
1768,2938,18,2024-11-19,9740.54,1289.36,524.56,In Warranty,2024-12-05,Service Center 2,2024-12-01
1769,2941,7,2024-11-20,901.07,841.86,55.78,In Warranty,2024-11-21,Service Center 4,2024-11-20
1770,2930,21,2024-11-20,3939.88,1947.35,483.22,In Warranty,2024-11-30,Service Center 5,2024-11-20
1771,2937,6,2024-11-20,2355.18,2414.22,1183.92,Out of Warranty,2024-12-01,Service Center 8,2024-11-28
1772,2959,9,2024-11-20,1642.19,1039.22,511.71,Out of Warranty,2024-11-22,Service Center 1,2024-11-20
1773,2950,29,2024-11-20,4577.76,1599.87,1285.0,In Warranty,2024-11-26,Service Center 3,2024-11-24
1774,2930,20,2024-11-20,5510.39,910.81,438.36,In Warranty,2024-11-30,Service Center 5,2024-11-20
1775,2945,29,2024-11-21,5147.58,2188.86,1361.71,In Warranty,2024-12-02,Service Center 1,2024-11-29
1776,2944,5,2024-11-21,3066.58,2442.65,202.56,Out of Warranty,2024-11-23,Service Center 6,2024-11-21
1777,2943,13,2024-11-21,453.61,1650.13,1202.24,Out of Warranty,2024-12-05,Service Center 2,2024-12-03
1778,2931,15,2024-11-21,13983.18,1739.0,283.37,In Warranty,2024-11-25,Service Center 8,2024-11-24
1779,2949,6,2024-11-21,2330.51,2153.73,434.62,In Warranty,2024-11-22,Service Center 3,2024-11-21
1780,2949,5,2024-11-21,3187.13,854.12,197.26,In Warranty,2024-11-22,Service Center 3,2024-11-21
1781,2967,27,2024-11-23,8344.97,2436.9,2052.29,In Warranty,2024-12-19,Service Center 5,2024-12-16
1782,2967,28,2024-11-23,379.02,1259.75,256.59,In Warranty,2024-12-19,Service Center 5,2024-12-16
1783,2966,9,2024-11-24,1601.79,1425.07,1707.46,In Warranty,2024-12-07,Service Center 2,2024-12-02
1784,2972,11,2024-11-25,2274.67,2369.93,158.19,In Warranty,2024-12-01,Service Center 4,2024-11-29
1785,2979,8,2024-11-25,1958.36,954.59,949.51,In Warranty,2024-12-03,Service Center 1,2024-11-29
1786,2964,22,2024-11-25,2589.01,1888.79,1170.35,In Warranty,2024-12-14,Service Center 3,2024-12-13
1787,2948,16,2024-11-25,1963.22,1821.9,299.37,In Warranty,2024-12-08,Service Center 5,2024-12-01
1788,2955,5,2024-11-26,3500.18,1988.03,702.5,Out of Warranty,2024-12-02,Service Center 2,2024-12-01
1789,2978,2,2024-11-26,674.5,3091.05,417.28,In Warranty,2024-12-03,Service Center 2,2024-11-26
1790,2982,24,2024-11-26,1058.6,1970.65,55.71,In Warranty,2024-12-01,Service Center 7,2024-11-26
1791,2965,8,2024-11-26,1964.86,1337.77,1077.69,In Warranty,2024-12-15,Service Center 7,2024-12-11
1792,2970,22,2024-11-26,2713.36,2257.62,1378.19,In Warranty,2024-12-16,Service Center 1,2024-12-13
1793,2955,6,2024-11-26,2454.99,641.65,1320.79,Out of Warranty,2024-12-02,Service Center 2,2024-12-01
1794,2978,3,2024-11-26,18468.73,1606.4,583.43,In Warranty,2024-12-03,Service Center 2,2024-11-26
1795,2985,8,2024-11-27,1966.42,1082.48,1175.33,In Warranty,2024-12-06,Service Center 8,2024-12-03
1796,2993,13,2024-11-28,450.98,1787.41,1264.29,In Warranty,2024-12-09,Service Center 7,2024-12-02
1797,2973,25,2024-11-28,5592.66,7134.82,216.78,Out of Warranty,2024-12-06,Service Center 7,2024-11-28
1798,2988,10,2024-11-29,3344.08,959.58,568.9,In Warranty,2024-12-12,Service Center 1,2024-12-06
1799,2997,6,2024-12-01,2359.17,1378.79,1160.98,In Warranty,2024-12-26,Service Center 6,2024-12-20
1800,3001,20,2024-12-01,5662.51,1932.3,478.03,In Warranty,2024-12-06,Service Center 4,2024-12-01
1801,2995,26,2024-12-02,1867.99,7510.65,2349.03,In Warranty,2024-12-14,Service Center 4,2024-12-11
1802,2995,25,2024-12-02,5821.82,2141.32,732.21,In Warranty,2024-12-14,Service Center 4,2024-12-11
1803,3005,8,2024-12-03,1834.98,1366.48,287.98,In Warranty,2024-12-06,Service Center 2,2024-12-03
1804,3008,15,2024-12-03,14014.16,1546.62,289.11,Out of Warranty,2024-12-13,Service Center 5,2024-12-08
1805,2975,23,2024-12-03,2055.15,1528.4,1106.37,Out of Warranty,2024-12-12,Service Center 5,2024-12-10
1806,3005,9,2024-12-03,1441.27,511.31,387.09,In Warranty,2024-12-06,Service Center 2,2024-12-03
1807,3013,27,2024-12-04,9239.85,3100.26,2509.91,Out of Warranty,2024-12-23,Service Center 5,2024-12-20
1808,2998,15,2024-12-04,13900.98,1284.18,225.22,In Warranty,2024-12-08,Service Center 3,2024-12-07
1809,3012,17,2024-12-05,7413.28,1585.69,223.59,Out of Warranty,2024-12-12,Service Center 1,2024-12-08
1810,3018,8,2024-12-05,1922.94,1139.04,1023.49,In Warranty,,Service Center 5,2024-12-21
1811,3023,12,2024-12-06,4044.27,1722.84,1340.96,In Warranty,2024-12-11,Service Center 6,2024-12-10
1812,3031,25,2024-12-08,5850.32,7738.53,932.48,In Warranty,2024-12-14,Service Center 2,2024-12-11
1813,3027,16,2024-12-08,2063.21,1373.55,327.33,In Warranty,2024-12-18,Service Center 6,2024-12-13
1814,3042,11,2024-12-09,2364.29,1472.73,160.02,In Warranty,2024-12-15,Service Center 1,2024-12-13
1815,3028,4,2024-12-09,2692.39,4124.97,286.43,In Warranty,2024-12-17,Service Center 7,2024-12-11
1816,3032,13,2024-12-09,443.48,2897.99,1687.13,In Warranty,2024-12-29,Service Center 6,2024-12-28
1817,3035,24,2024-12-09,1195.38,2202.76,142.2,In Warranty,2024-12-13,Service Center 3,2024-12-11
1818,3042,13,2024-12-09,461.17,657.0,1491.03,In Warranty,2024-12-15,Service Center 1,2024-12-13
1819,3032,14,2024-12-09,688.0,1039.74,659.54,In Warranty,2024-12-29,Service Center 6,2024-12-28
1820,3040,9,2024-12-10,1493.36,994.9,1249.97,In Warranty,2024-12-14,Service Center 1,2024-12-13
1821,3040,8,2024-12-10,1819.1,484.49,934.05,In Warranty,2024-12-14,Service Center 1,2024-12-13
1822,3046,27,2024-12-11,9124.34,2877.71,504.74,In Warranty,2024-12-16,Service Center 3,2024-12-11
1823,3034,16,2024-12-11,1870.07,1105.41,217.71,In Warranty,2024-12-22,Service Center 3,2024-12-21
1824,3036,4,2024-12-11,2794.42,5383.44,252.78,Out of Warranty,2024-12-17,Service Center 2,2024-12-13
1825,3039,16,2024-12-11,1869.77,1179.03,291.0,Out of Warranty,2024-12-27,Service Center 5,2024-12-19
1826,3030,22,2024-12-11,2580.15,1324.73,1416.17,Out of Warranty,2024-12-20,Service Center 4,2024-12-15
1827,3048,7,2024-12-12,931.7,1185.04,41.34,In Warranty,2024-12-14,Service Center 6,2024-12-12
1828,3019,16,2024-12-12,1827.01,1043.36,255.66,In Warranty,2024-12-20,Service Center 6,2024-12-19
1829,3037,2,2024-12-12,676.76,3362.42,1842.3,In Warranty,2024-12-22,Service Center 2,2024-12-18
1830,3037,4,2024-12-12,2750.43,1704.52,223.93,In Warranty,2024-12-22,Service Center 2,2024-12-18
1831,3068,21,2024-12-13,3921.13,2076.13,1135.71,In Warranty,2024-12-24,Service Center 6,2024-12-22
1832,3067,30,2024-12-14,929.37,927.21,484.16,In Warranty,2024-12-20,Service Center 2,2024-12-16
1833,3060,10,2024-12-14,3504.49,907.19,162.3,Out of Warranty,2024-12-21,Service Center 8,2024-12-14
1834,3064,7,2024-12-14,863.9,1142.13,140.03,Out of Warranty,2024-12-21,Service Center 3,2024-12-18
1835,3044,19,2024-12-14,24020.92,1892.02,1054.73,Out of Warranty,2024-12-21,Service Center 1,2024-12-19
1836,3052,5,2024-12-14,3354.28,1315.36,624.57,In Warranty,2024-12-18,Service Center 3,2024-12-16
1837,3060,8,2024-12-14,1945.56,353.2,426.86,Out of Warranty,2024-12-21,Service Center 8,2024-12-14
1838,3057,5,2024-12-15,3083.62,2159.65,211.86,In Warranty,2024-12-18,Service Center 6,2024-12-15
1839,3065,21,2024-12-15,4147.89,1978.92,1455.27,Out of Warranty,2025-01-02,Service Center 3,2024-12-30
1840,3053,26,2024-12-15,1794.33,7757.05,1873.25,In Warranty,2024-12-27,Service Center 2,2024-12-26
1841,3075,8,2024-12-15,1867.04,1328.66,1319.15,Out of Warranty,2024-12-23,Service Center 3,2024-12-20
1842,3049,16,2024-12-16,1842.23,1708.72,272.77,Out of Warranty,2024-12-20,Service Center 2,2024-12-19
1843,3059,21,2024-12-16,3904.44,1254.33,1269.0,Out of Warranty,2025-01-12,Service Center 3,2025-01-10
1844,3055,18,2024-12-16,9844.29,1933.4,190.65,In Warranty,2024-12-20,Service Center 3,2024-12-16
1845,3078,30,2024-12-17,902.89,755.01,551.36,In Warranty,2024-12-26,Service Center 1,2024-12-24
1846,3072,7,2024-12-17,871.86,1062.85,51.37,In Warranty,,Service Center 5,2024-12-17
1847,3063,27,2024-12-17,8249.18,2023.57,2068.07,In Warranty,2024-12-22,Service Center 2,2024-12-20
1848,3074,9,2024-12-17,1597.63,1279.06,376.33,In Warranty,2024-12-21,Service Center 1,2024-12-17
1849,3079,9,2024-12-17,1544.97,1169.84,1774.76,In Warranty,2025-01-06,Service Center 3,2025-01-02
1850,3079,10,2024-12-17,3789.44,314.61,504.12,In Warranty,2025-01-06,Service Center 3,2025-01-02
1851,3054,15,2024-12-18,14346.4,1570.73,337.43,In Warranty,2024-12-20,Service Center 6,2024-12-19
1852,3070,7,2024-12-18,894.02,833.58,191.61,In Warranty,2024-12-23,Service Center 8,2024-12-19
1853,3082,15,2024-12-18,14673.49,1928.14,255.78,In Warranty,2024-12-26,Service Center 1,2024-12-23
1854,3084,7,2024-12-19,899.34,843.52,125.48,In Warranty,2024-12-23,Service Center 3,2024-12-21
1855,3088,18,2024-12-19,10227.26,1342.52,557.44,Out of Warranty,2025-01-04,Service Center 1,2024-12-31
1856,3083,7,2024-12-19,893.49,1264.8,52.52,Out of Warranty,2024-12-23,Service Center 1,2024-12-19
1857,3080,14,2024-12-19,717.99,1801.98,151.38,In Warranty,2024-12-21,Service Center 2,2024-12-19
1858,3103,27,2024-12-20,8752.83,2844.86,1580.8,In Warranty,2024-12-26,Service Center 3,2024-12-25
1859,3090,18,2024-12-20,9560.14,1124.81,550.95,In Warranty,,Service Center 6,2025-01-06
1860,3095,23,2024-12-20,2301.99,2103.95,1201.6,In Warranty,2025-01-16,Service Center 2,2025-01-10
1861,3066,14,2024-12-21,722.9,2692.05,550.36,In Warranty,2024-12-28,Service Center 3,2024-12-22
1862,3096,11,2024-12-21,2189.3,1532.09,175.13,In Warranty,2024-12-28,Service Center 4,2024-12-22
1863,3096,14,2024-12-21,724.5,1162.86,687.28,In Warranty,2024-12-28,Service Center 4,2024-12-22
1864,3089,23,2024-12-22,2038.19,2032.54,1391.14,In Warranty,2025-01-11,Service Center 1,2025-01-08
1865,3104,19,2024-12-22,23037.83,1577.44,1372.41,In Warranty,2024-12-29,Service Center 2,2024-12-26
1866,3108,9,2024-12-23,1645.74,1118.28,1710.76,In Warranty,2024-12-31,Service Center 3,2024-12-29
1867,3112,15,2024-12-23,14072.1,1678.04,240.55,In Warranty,2025-01-01,Service Center 1,2024-12-30
1868,3093,5,2024-12-23,3173.59,2388.38,707.23,In Warranty,2025-01-03,Service Center 6,2024-12-29
1869,3116,10,2024-12-23,3390.57,771.12,488.94,In Warranty,2024-12-31,Service Center 6,2024-12-27
1870,3126,11,2024-12-24,2179.2,1888.83,163.35,Out of Warranty,2024-12-27,Service Center 6,2024-12-25
1871,3092,27,2024-12-24,8675.5,1939.03,2422.03,In Warranty,2025-01-05,Service Center 1,2025-01-02
1872,3120,11,2024-12-24,2391.37,1981.5,136.29,In Warranty,2024-12-28,Service Center 1,2024-12-24
1873,3125,8,2024-12-24,1862.89,1294.45,1075.15,Out of Warranty,2024-12-29,Service Center 2,2024-12-26
1874,3114,30,2024-12-24,880.38,1109.8,628.76,Out of Warranty,2024-12-30,Service Center 1,2024-12-27
1875,3069,8,2024-12-24,1727.42,1152.65,981.57,Out of Warranty,2025-01-04,Service Center 6,2025-01-02
1876,3097,1,2024-12-25,1209.95,3652.03,2895.11,In Warranty,2025-01-27,Service Center 1,2025-01-21
1877,3111,24,2024-12-25,1154.33,2149.07,154.56,Out of Warranty,,Service Center 3,2024-12-27
1878,3117,13,2024-12-25,488.7,2658.17,370.51,In Warranty,2024-12-28,Service Center 4,2024-12-25
1879,3109,1,2024-12-25,1226.13,5583.25,2464.39,In Warranty,2025-01-04,Service Center 2,2024-12-30
1880,3121,18,2024-12-26,9414.96,1586.98,543.15,In Warranty,2025-01-16,Service Center 1,2025-01-14
1881,3122,24,2024-12-26,1208.57,1502.49,58.4,In Warranty,2025-01-03,Service Center 5,2024-12-26
1882,3139,23,2024-12-26,2263.64,2409.78,1030.14,In Warranty,2025-01-04,Service Center 1,2025-01-02
1883,3124,6,2024-12-26,2545.43,2422.89,1649.25,In Warranty,2025-01-06,Service Center 2,2025-01-04
1884,3121,16,2024-12-26,2058.01,595.77,295.76,In Warranty,2025-01-16,Service Center 1,2025-01-14
1885,3145,13,2024-12-27,460.19,1762.03,1586.35,In Warranty,2025-01-07,Service Center 1,2025-01-02
1886,3150,18,2024-12-28,9095.57,1242.86,629.63,In Warranty,2025-01-16,Service Center 1,2025-01-13
1887,3146,7,2024-12-28,969.38,1085.73,148.25,In Warranty,2025-01-02,Service Center 8,2024-12-31
1888,3129,18,2024-12-28,9866.57,1368.66,721.42,In Warranty,2025-01-23,Service Center 5,2025-01-15
1889,3129,16,2024-12-28,2026.2,656.88,273.97,In Warranty,2025-01-23,Service Center 5,2025-01-15
1890,3110,15,2024-12-29,14968.0,1332.52,77.11,In Warranty,2024-12-31,Service Center 7,2024-12-29
1891,3148,20,2024-12-29,5519.49,2366.4,1234.36,In Warranty,2025-01-06,Service Center 1,2025-01-02
1892,3151,17,2024-12-29,7236.09,1521.27,257.16,In Warranty,2025-01-12,Service Center 2,2025-01-06
1893,3137,28,2024-12-29,366.29,2245.83,200.95,In Warranty,2025-01-05,Service Center 6,2025-01-01
1894,3156,27,2024-12-29,8755.36,3421.46,493.36,In Warranty,2025-01-02,Service Center 7,2024-12-29
1895,3159,18,2024-12-30,9051.42,1065.46,629.31,In Warranty,2025-01-04,Service Center 2,2025-01-02
1896,3134,27,2024-12-30,9099.81,2316.87,2029.82,Out of Warranty,2025-01-05,Service Center 5,2024-12-31
1897,3152,8,2024-12-30,1854.46,817.32,311.12,Out of Warranty,2025-01-02,Service Center 3,2024-12-30
1898,3123,3,2024-12-30,17870.64,5800.57,1767.49,In Warranty,2025-01-10,Service Center 5,2025-01-03
1899,3149,5,2024-12-30,3447.22,2316.1,726.68,Out of Warranty,2025-01-11,Service Center 7,2025-01-07
1900,3152,7,2024-12-30,931.27,306.31,58.09,Out of Warranty,2025-01-02,Service Center 3,2024-12-30
1901,3140,8,2024-12-31,1798.77,1154.9,1163.97,In Warranty,2025-01-13,Service Center 5,2025-01-06
1902,3147,9,2024-12-31,1612.91,859.76,516.58,Out of Warranty,2025-01-04,Service Center 2,2024-12-31
1903,3153,27,2024-12-31,9016.4,2431.74,1977.67,In Warranty,2025-01-06,Service Center 2,2025-01-03
1904,3140,7,2024-12-31,941.99,329.86,159.74,In Warranty,2025-01-13,Service Center 5,2025-01-06
1905,3154,5,2025-01-01,3138.54,1355.07,553.69,In Warranty,2025-01-07,Service Center 1,2025-01-04
1906,3162,30,2025-01-01,893.85,1228.85,465.61,In Warranty,2025-01-10,Service Center 8,2025-01-09
1907,3171,7,2025-01-02,955.79,830.17,125.6,Out of Warranty,2025-01-07,Service Center 3,2025-01-03
1908,3165,14,2025-01-03,741.91,1681.15,670.04,In Warranty,2025-01-08,Service Center 1,2025-01-06
1909,3170,15,2025-01-03,14911.63,1558.74,234.67,In Warranty,2025-01-10,Service Center 6,2025-01-09
1910,3173,8,2025-01-03,1823.31,1107.87,332.61,In Warranty,2025-01-04,Service Center 1,2025-01-03
1911,3167,14,2025-01-04,762.96,2126.74,208.94,In Warranty,2025-01-09,Service Center 5,2025-01-04
1912,3175,4,2025-01-04,3002.08,4138.31,181.29,In Warranty,2025-01-09,Service Center 3,2025-01-05
1913,3144,5,2025-01-04,3401.74,2094.12,632.97,In Warranty,2025-01-13,Service Center 5,2025-01-07
1914,3175,1,2025-01-04,1290.35,1721.69,2469.46,In Warranty,2025-01-09,Service Center 3,2025-01-05
1915,3161,8,2025-01-05,1872.39,1046.11,416.19,In Warranty,2025-01-08,Service Center 7,2025-01-05
1916,3176,11,2025-01-05,2204.47,1674.04,176.76,Out of Warranty,2025-01-08,Service Center 6,2025-01-06
1917,3179,7,2025-01-05,948.41,1079.84,178.71,In Warranty,2025-01-12,Service Center 4,2025-01-09
1918,3180,7,2025-01-06,905.7,742.07,45.18,Out of Warranty,2025-01-07,Service Center 4,2025-01-06
1919,3189,12,2025-01-07,4491.42,2390.31,1171.24,In Warranty,2025-01-18,Service Center 2,2025-01-17
1920,3163,7,2025-01-07,923.68,965.88,150.63,Out of Warranty,2025-01-12,Service Center 2,2025-01-09
1921,3187,1,2025-01-07,1191.56,5760.21,2728.25,Out of Warranty,2025-01-16,Service Center 1,2025-01-11
1922,3188,7,2025-01-07,885.88,1208.04,132.11,In Warranty,2025-01-11,Service Center 4,2025-01-09
1923,3193,19,2025-01-07,22001.38,1246.74,1224.9,In Warranty,2025-02-04,Service Center 4,2025-01-30
1924,3172,19,2025-01-07,23691.44,1230.61,1229.45,In Warranty,2025-01-21,Service Center 3,2025-01-13
1925,3191,16,2025-01-07,1995.37,1487.49,237.13,In Warranty,2025-01-16,Service Center 3,2025-01-10
1926,3191,18,2025-01-07,10347.82,501.26,490.88,In Warranty,2025-01-16,Service Center 3,2025-01-10
1927,3187,3,2025-01-07,19176.82,2344.04,2274.64,Out of Warranty,2025-01-16,Service Center 1,2025-01-11
1928,3166,12,2025-01-08,4499.89,1581.94,979.24,Out of Warranty,2025-01-29,Service Center 5,2025-01-23
1929,3213,11,2025-01-10,2353.05,2882.97,129.45,In Warranty,2025-01-14,Service Center 4,2025-01-12
1930,3196,8,2025-01-10,1926.11,1453.3,313.93,Out of Warranty,2025-01-14,Service Center 1,2025-01-10
1931,3205,5,2025-01-10,3043.77,2201.87,498.46,In Warranty,2025-01-21,Service Center 1,2025-01-17
1932,3209,1,2025-01-10,1230.23,3907.28,557.35,In Warranty,2025-01-13,Service Center 6,2025-01-10
1933,3184,14,2025-01-10,706.9,2643.26,617.85,In Warranty,2025-01-18,Service Center 2,2025-01-14
1934,3202,12,2025-01-10,4387.0,1621.07,1163.62,In Warranty,2025-01-19,Service Center 6,2025-01-16
1935,3201,2,2025-01-10,699.2,4203.25,2089.08,In Warranty,2025-01-15,Service Center 1,2025-01-14
1936,3133,7,2025-01-10,906.02,925.07,42.81,In Warranty,2025-01-13,Service Center 5,2025-01-10
1937,3211,25,2025-01-11,5920.47,7599.95,766.4,In Warranty,2025-01-18,Service Center 2,2025-01-14
1938,3212,8,2025-01-11,1720.11,1233.96,1208.35,In Warranty,2025-01-20,Service Center 1,2025-01-19
1939,3194,8,2025-01-11,1834.97,960.91,1354.91,In Warranty,2025-01-20,Service Center 6,2025-01-15
1940,3211,26,2025-01-11,1685.76,3046.14,1779.43,In Warranty,2025-01-18,Service Center 2,2025-01-14
1941,3215,18,2025-01-12,9196.35,1421.99,158.21,In Warranty,2025-01-14,Service Center 2,2025-01-12
1942,3221,7,2025-01-12,893.08,1233.71,192.87,In Warranty,2025-01-15,Service Center 2,2025-01-13
1943,3214,9,2025-01-12,1567.54,1319.37,422.06,Out of Warranty,2025-01-14,Service Center 8,2025-01-12
1944,3206,7,2025-01-12,865.39,1407.98,46.21,In Warranty,2025-01-18,Service Center 2,2025-01-12
1945,3164,7,2025-01-13,861.67,1195.91,172.46,Out of Warranty,2025-01-18,Service Center 4,2025-01-15
1946,3210,30,2025-01-13,843.83,1385.95,713.35,In Warranty,2025-01-20,Service Center 3,2025-01-16
1947,3216,25,2025-01-13,5831.58,7078.67,228.8,In Warranty,2025-01-15,Service Center 1,2025-01-13
1948,3229,13,2025-01-14,441.78,1725.83,545.72,In Warranty,2025-01-17,Service Center 4,2025-01-14
1949,3224,3,2025-01-14,19013.08,5521.79,2395.01,In Warranty,2025-01-23,Service Center 3,2025-01-21
1950,3220,13,2025-01-14,441.59,2858.79,1625.79,Out of Warranty,2025-02-03,Service Center 1,2025-01-29
1951,3236,27,2025-01-16,8291.41,1723.09,2433.29,Out of Warranty,2025-01-28,Service Center 8,2025-01-22
1952,3217,30,2025-01-16,904.64,1132.55,660.1,Out of Warranty,2025-01-21,Service Center 2,2025-01-17
1953,3231,7,2025-01-16,864.98,993.41,146.07,Out of Warranty,2025-01-18,Service Center 6,2025-01-16
1954,3232,27,2025-01-17,8757.71,3363.39,2260.85,In Warranty,2025-01-30,Service Center 6,2025-01-26
1955,3226,22,2025-01-17,2689.66,2195.53,1151.02,In Warranty,2025-01-29,Service Center 2,2025-01-27
1956,3233,16,2025-01-17,1988.45,1308.77,303.05,Out of Warranty,2025-01-26,Service Center 6,2025-01-24
1957,3230,19,2025-01-18,20938.69,1840.3,1574.14,In Warranty,2025-01-23,Service Center 7,2025-01-21
1958,3250,13,2025-01-18,488.95,2074.05,1637.06,In Warranty,2025-02-07,Service Center 4,2025-02-05
1959,3143,20,2025-01-18,5027.66,2284.08,1130.53,In Warranty,2025-02-05,Service Center 5,2025-01-31
1960,3241,13,2025-01-18,447.73,1576.45,583.7,In Warranty,2025-01-21,Service Center 1,2025-01-18
1961,3242,10,2025-01-19,3778.79,1322.88,614.74,In Warranty,2025-01-28,Service Center 7,2025-01-25
1962,3251,7,2025-01-19,874.81,751.99,38.31,In Warranty,2025-01-20,Service Center 3,2025-01-19
1963,3227,15,2025-01-19,15590.48,1095.8,336.43,In Warranty,2025-01-27,Service Center 5,2025-01-24
1964,3248,11,2025-01-19,2187.53,2596.09,55.65,In Warranty,2025-01-21,Service Center 8,2025-01-19
1965,3257,12,2025-01-21,4134.98,1814.37,970.03,In Warranty,2025-01-31,Service Center 8,2025-01-26
1966,3249,22,2025-01-22,2496.23,1590.08,1540.78,In Warranty,2025-02-02,Service Center 2,2025-01-30
1967,3252,18,2025-01-22,9799.84,1617.64,197.16,In Warranty,2025-01-26,Service Center 6,2025-01-22
1968,3198,25,2025-01-22,5609.17,5543.01,1095.65,In Warranty,2025-01-29,Service Center 5,2025-01-25
1969,3260,24,2025-01-23,1125.68,1901.73,167.15,In Warranty,2025-02-04,Service Center 2,2025-01-26
1970,3259,15,2025-01-23,14217.41,1150.48,268.02,Out of Warranty,2025-01-31,Service Center 3,2025-01-28
1971,3268,6,2025-01-24,2537.89,2297.15,1520.87,Out of Warranty,2025-02-01,Service Center 1,2025-01-30
1972,3256,22,2025-01-24,2642.11,1712.57,323.26,In Warranty,2025-01-26,Service Center 4,2025-01-24
1973,3266,14,2025-01-24,677.61,1953.75,670.26,In Warranty,2025-02-03,Service Center 2,2025-01-29
1974,3262,27,2025-01-24,8654.61,2810.55,1904.04,In Warranty,2025-02-04,Service Center 3,2025-02-03
1975,3254,11,2025-01-24,2149.88,1499.08,131.1,In Warranty,2025-01-27,Service Center 7,2025-01-26
1976,3267,8,2025-01-25,1850.15,831.35,1125.26,In Warranty,2025-02-11,Service Center 4,2025-02-08
1977,3281,7,2025-01-26,917.63,1187.14,44.66,In Warranty,2025-01-30,Service Center 4,2025-01-26
1978,3278,9,2025-01-26,1437.89,1332.97,1705.98,In Warranty,2025-02-12,Service Center 2,2025-02-09
1979,3273,9,2025-01-26,1572.47,1196.23,1124.9,In Warranty,2025-02-03,Service Center 1,2025-02-01
1980,3263,21,2025-01-26,3769.91,2432.51,1441.67,In Warranty,2025-02-03,Service Center 3,2025-01-29
1981,3282,13,2025-01-26,434.49,1745.98,1332.32,In Warranty,2025-02-03,Service Center 2,2025-02-02
1982,3283,25,2025-01-27,5252.19,4569.23,940.2,In Warranty,2025-02-06,Service Center 8,2025-02-01
1983,3287,11,2025-01-28,2116.39,2689.97,51.06,In Warranty,2025-01-29,Service Center 4,2025-01-28
1984,3291,9,2025-01-28,1649.77,1163.72,1578.23,Out of Warranty,2025-02-17,Service Center 4,2025-02-12
1985,3276,22,2025-01-28,2494.59,1228.98,1246.63,In Warranty,2025-02-08,Service Center 1,2025-02-03
1986,3245,7,2025-01-30,881.19,1337.32,158.56,In Warranty,2025-02-03,Service Center 6,2025-02-01
1987,3295,24,2025-01-30,1126.62,2374.96,186.45,Out of Warranty,2025-02-09,Service Center 6,2025-02-02
1988,3294,8,2025-01-30,1931.8,1049.08,422.63,In Warranty,2025-02-05,Service Center 6,2025-01-30
1989,3269,7,2025-01-30,859.43,1240.25,55.34,In Warranty,2025-02-02,Service Center 1,2025-01-30
1990,3302,24,2025-01-31,1121.47,2298.09,166.0,Out of Warranty,2025-02-02,Service Center 1,2025-02-01
1991,3303,16,2025-01-31,1806.6,1425.44,271.97,In Warranty,2025-02-10,Service Center 4,2025-02-06
1992,3304,14,2025-02-01,722.17,2177.97,536.37,In Warranty,2025-02-10,Service Center 3,2025-02-04
1993,3307,26,2025-02-01,1796.05,4099.29,2314.94,In Warranty,2025-02-05,Service Center 4,2025-02-04
1994,3300,29,2025-02-01,4727.62,2607.61,1257.58,In Warranty,2025-02-21,Service Center 2,2025-02-20
1995,3304,11,2025-02-01,2162.25,652.34,150.34,In Warranty,2025-02-10,Service Center 3,2025-02-04
1996,3297,5,2025-02-02,3504.64,1536.52,232.53,In Warranty,2025-02-07,Service Center 6,2025-02-02
1997,3312,28,2025-02-02,340.91,2591.32,258.19,In Warranty,2025-02-06,Service Center 4,2025-02-02
1998,3308,20,2025-02-03,5582.51,1830.94,1093.56,Out of Warranty,2025-02-18,Service Center 7,2025-02-14
1999,3326,28,2025-02-04,346.14,1929.88,284.87,In Warranty,2025-02-08,Service Center 1,2025-02-05
2000,3315,16,2025-02-04,1884.05,1432.85,213.42,Out of Warranty,2025-02-13,Service Center 8,2025-02-12
2001,3298,30,2025-02-04,915.91,820.08,578.17,In Warranty,2025-02-15,Service Center 5,2025-02-10
2002,3325,11,2025-02-04,2214.34,2780.73,177.87,In Warranty,,Service Center 8,2025-02-07
2003,3326,27,2025-02-04,8577.85,891.03,1647.56,In Warranty,2025-02-08,Service Center 1,2025-02-05
2004,3330,13,2025-02-05,484.9,2148.06,1891.71,In Warranty,2025-02-15,Service Center 2,2025-02-14
2005,3337,11,2025-02-06,2370.21,2221.89,175.23,In Warranty,2025-02-08,Service Center 6,2025-02-07
2006,3334,16,2025-02-06,2003.56,1106.94,79.47,In Warranty,2025-02-10,Service Center 3,2025-02-06
2007,3313,8,2025-02-06,1722.77,770.87,1187.52,In Warranty,2025-02-21,Service Center 2,2025-02-17
2008,3337,13,2025-02-06,468.28,732.1,1808.11,In Warranty,2025-02-08,Service Center 6,2025-02-07
2009,3318,16,2025-02-07,2028.58,1183.02,306.71,In Warranty,2025-02-15,Service Center 1,2025-02-12
2010,3350,15,2025-02-07,15208.96,1772.2,90.18,In Warranty,2025-02-10,Service Center 1,2025-02-07
2011,3353,8,2025-02-08,1938.49,1450.32,1376.53,In Warranty,2025-02-22,Service Center 1,2025-02-21
2012,3356,22,2025-02-08,2774.8,1580.1,1502.2,In Warranty,2025-02-28,Service Center 3,2025-02-27
2013,3352,23,2025-02-08,2120.97,1347.57,1234.92,Out of Warranty,2025-02-18,Service Center 3,2025-02-16
2014,3342,12,2025-02-08,4214.09,2927.65,336.54,In Warranty,2025-02-12,Service Center 5,2025-02-08
2015,3340,8,2025-02-09,1823.05,1080.3,1148.18,In Warranty,2025-02-28,Service Center 2,2025-02-25
2016,3299,12,2025-02-09,4411.09,1536.05,1267.87,In Warranty,2025-03-07,Service Center 5,2025-02-25
2017,3349,11,2025-02-09,2265.75,2846.64,55.74,Out of Warranty,2025-02-12,Service Center 1,2025-02-09
2018,3344,19,2025-02-09,23219.76,1557.02,1097.99,In Warranty,2025-02-24,Service Center 2,2025-02-19
2019,3339,15,2025-02-09,14049.1,1038.26,303.55,Out of Warranty,2025-02-22,Service Center 5,2025-02-19
2020,3299,14,2025-02-09,681.42,593.89,729.95,In Warranty,2025-03-07,Service Center 5,2025-02-25
2021,3348,4,2025-02-10,2924.61,5472.12,248.74,In Warranty,2025-02-21,Service Center 1,2025-02-13
2022,3357,20,2025-02-10,5459.98,2339.77,1192.32,Out of Warranty,2025-02-20,Service Center 1,2025-02-14
2023,3323,13,2025-02-10,470.35,2320.95,1843.17,In Warranty,2025-02-21,Service Center 3,2025-02-20
2024,3323,14,2025-02-10,722.29,1108.19,685.82,In Warranty,2025-02-21,Service Center 3,2025-02-20
2025,3322,10,2025-02-11,3806.41,922.56,574.48,In Warranty,2025-02-15,Service Center 3,2025-02-13
2026,3345,23,2025-02-11,2093.33,1979.83,1027.03,In Warranty,2025-02-28,Service Center 5,2025-02-21
2027,3360,15,2025-02-11,15586.33,1950.73,337.6,In Warranty,2025-02-20,Service Center 8,2025-02-15
2028,3370,24,2025-02-11,1123.16,2301.68,43.32,In Warranty,2025-02-12,Service Center 8,2025-02-11
2029,3322,7,2025-02-11,947.0,492.32,183.34,In Warranty,2025-02-15,Service Center 3,2025-02-13
2030,3373,6,2025-02-12,2595.33,2105.19,1556.76,Out of Warranty,2025-02-18,Service Center 8,2025-02-17
2031,3320,11,2025-02-12,2162.38,2201.2,38.19,In Warranty,2025-02-20,Service Center 5,2025-02-12
2032,3375,7,2025-02-13,976.83,750.81,177.92,In Warranty,2025-02-17,Service Center 1,2025-02-15
2033,3379,18,2025-02-13,10394.14,1255.03,596.47,In Warranty,2025-02-25,Service Center 1,2025-02-22
2034,3385,25,2025-02-14,5515.73,7389.31,792.47,In Warranty,2025-02-22,Service Center 4,2025-02-20
2035,3391,27,2025-02-15,8090.11,2135.89,2425.34,In Warranty,2025-02-19,Service Center 4,2025-02-18
2036,3365,21,2025-02-15,3967.46,1605.99,1458.43,In Warranty,2025-02-27,Service Center 5,2025-02-23
2037,3399,29,2025-02-15,4646.31,2190.79,1385.87,In Warranty,2025-03-11,Service Center 1,2025-03-08
2038,3383,8,2025-02-15,1714.23,1293.68,1047.46,In Warranty,2025-03-03,Service Center 4,2025-02-28
2039,3393,21,2025-02-15,4037.43,1838.39,1360.79,In Warranty,2025-02-24,Service Center 2,2025-02-21
2040,3390,21,2025-02-16,3848.58,1700.48,1411.39,In Warranty,2025-03-01,Service Center 1,2025-02-22
2041,3376,25,2025-02-16,5294.73,5288.25,984.41,In Warranty,2025-02-24,Service Center 2,2025-02-22
2042,3396,1,2025-02-16,1225.68,3850.1,2108.5,In Warranty,2025-02-28,Service Center 3,2025-02-23
2043,3394,4,2025-02-17,2979.47,4927.8,254.69,In Warranty,,Service Center 5,2025-02-19
2044,3388,22,2025-02-17,2614.91,2388.65,1229.24,In Warranty,2025-03-04,Service Center 6,2025-03-02
2045,3401,27,2025-02-17,8982.93,2803.07,2217.91,In Warranty,,Service Center 7,2025-02-22
2046,3401,28,2025-02-17,383.12,1315.47,180.5,In Warranty,,Service Center 7,2025-02-22
2047,3397,12,2025-02-18,4306.18,1530.68,1040.46,In Warranty,2025-02-24,Service Center 4,2025-02-20
2048,3404,24,2025-02-18,1202.78,1257.13,45.29,Out of Warranty,2025-02-23,Service Center 4,2025-02-18
2049,3381,25,2025-02-18,5923.71,5121.31,917.75,In Warranty,2025-02-22,Service Center 5,2025-02-19
2050,3400,21,2025-02-18,4224.87,1667.6,382.36,In Warranty,2025-02-19,Service Center 4,2025-02-18
2051,3400,20,2025-02-18,5453.17,666.45,479.83,In Warranty,2025-02-19,Service Center 4,2025-02-18
2052,3413,7,2025-02-19,903.87,862.69,175.48,In Warranty,2025-02-21,Service Center 2,2025-02-20
2053,3406,18,2025-02-19,10008.02,1301.98,565.14,In Warranty,2025-02-27,Service Center 6,2025-02-23
2054,3420,7,2025-02-19,915.58,1036.4,42.77,In Warranty,2025-02-21,Service Center 3,2025-02-19
2055,3419,6,2025-02-20,2580.35,1503.45,365.5,In Warranty,2025-02-22,Service Center 3,2025-02-20
2056,3429,30,2025-02-21,824.93,1318.61,211.09,In Warranty,2025-02-25,Service Center 1,2025-02-21
2057,3386,14,2025-02-22,762.43,1537.52,550.68,In Warranty,2025-03-03,Service Center 8,2025-03-02
2058,3410,7,2025-02-22,926.93,758.73,168.86,In Warranty,2025-03-01,Service Center 5,2025-02-23
2059,3426,30,2025-02-23,838.26,1002.34,440.89,In Warranty,2025-03-02,Service Center 1,2025-02-28
2060,3433,6,2025-02-23,2631.32,1994.63,336.92,Out of Warranty,2025-03-02,Service Center 2,2025-02-23
2061,3407,22,2025-02-23,2781.55,1239.27,1640.88,In Warranty,2025-03-08,Service Center 3,2025-03-03
2062,3431,9,2025-02-24,1426.56,1216.68,1453.47,In Warranty,2025-03-16,Service Center 7,2025-03-12
2063,3412,13,2025-02-24,471.9,2611.31,546.73,Out of Warranty,2025-03-02,Service Center 1,2025-02-24
2064,3421,9,2025-02-24,1501.19,1274.95,1268.0,In Warranty,2025-03-03,Service Center 1,2025-03-01
2065,3425,24,2025-02-24,1060.72,1621.98,165.3,In Warranty,2025-03-04,Service Center 6,2025-02-26
2066,3428,22,2025-02-24,2854.36,1688.85,1608.31,In Warranty,2025-02-27,Service Center 3,2025-02-26
2067,3441,22,2025-02-24,2782.88,1790.06,478.35,Out of Warranty,2025-02-26,Service Center 2,2025-02-24
2068,3449,12,2025-02-24,4081.58,1694.44,350.89,In Warranty,2025-02-27,Service Center 8,2025-02-24
2069,3412,14,2025-02-24,693.0,869.0,219.5,Out of Warranty,2025-03-02,Service Center 1,2025-02-24
2070,3434,8,2025-02-25,1716.73,1168.7,414.23,In Warranty,2025-03-01,Service Center 3,2025-02-25
2071,3445,21,2025-02-25,3994.92,2319.97,1499.24,Out of Warranty,2025-03-07,Service Center 1,2025-03-03
2072,3461,18,2025-02-25,10358.09,992.08,633.5,Out of Warranty,2025-03-08,Service Center 3,2025-03-04
2073,3451,26,2025-02-26,1821.24,4540.91,725.48,In Warranty,2025-03-01,Service Center 4,2025-02-26
2074,3430,16,2025-02-26,1814.68,1345.86,294.51,In Warranty,2025-03-03,Service Center 5,2025-03-02
2075,3444,27,2025-02-26,9089.72,2994.7,1744.51,In Warranty,2025-03-18,Service Center 5,2025-03-11
2076,3443,1,2025-02-26,1252.6,3220.1,2048.71,In Warranty,2025-03-06,Service Center 1,2025-03-04
2077,3442,11,2025-02-26,2349.13,2828.89,41.92,In Warranty,2025-03-03,Service Center 1,2025-02-26
2078,3447,14,2025-02-26,754.97,2107.28,562.58,In Warranty,2025-03-03,Service Center 3,2025-03-01
2079,3435,11,2025-02-26,2296.89,2720.16,136.92,In Warranty,2025-03-03,Service Center 4,2025-02-27
2080,3455,21,2025-02-27,3772.34,2285.55,498.91,In Warranty,2025-03-02,Service Center 6,2025-02-27
2081,3466,23,2025-02-28,2190.94,1366.32,1007.7,In Warranty,2025-03-10,Service Center 4,2025-03-05
2082,3440,25,2025-02-28,5752.86,6870.68,891.49,In Warranty,2025-03-06,Service Center 4,2025-03-05
2083,3468,19,2025-02-28,22461.11,2102.4,344.98,In Warranty,2025-03-04,Service Center 4,2025-02-28
2084,3462,14,2025-02-28,720.54,1745.52,196.52,Out of Warranty,,Service Center 3,2025-02-28
2085,3458,10,2025-03-01,3760.8,1304.25,726.26,Out of Warranty,2025-03-08,Service Center 8,2025-03-05
2086,3480,7,2025-03-02,873.95,1104.21,180.14,In Warranty,2025-03-13,Service Center 7,2025-03-04
2087,3477,8,2025-03-02,1862.27,1396.75,363.18,Out of Warranty,2025-03-04,Service Center 6,2025-03-02
2088,3457,6,2025-03-02,2312.18,1685.8,326.7,Out of Warranty,2025-03-05,Service Center 7,2025-03-02
2089,3476,13,2025-03-03,455.68,2401.99,1687.15,In Warranty,2025-03-09,Service Center 2,2025-03-07
2090,3463,19,2025-03-03,23541.25,2183.97,423.56,In Warranty,2025-03-05,Service Center 2,2025-03-03
2091,3488,30,2025-03-04,871.02,983.5,528.51,In Warranty,2025-03-11,Service Center 3,2025-03-05
2092,3483,18,2025-03-04,9097.28,1455.56,502.63,In Warranty,2025-03-15,Service Center 2,2025-03-13
2093,3475,21,2025-03-04,3902.97,1329.92,1464.9,In Warranty,2025-03-18,Service Center 3,2025-03-14
2094,3470,1,2025-03-04,1227.5,4677.15,2284.96,In Warranty,2025-03-22,Service Center 3,2025-03-17
2095,3483,17,2025-03-04,7277.95,498.94,306.54,In Warranty,2025-03-15,Service Center 2,2025-03-13
2096,3471,27,2025-03-05,8737.23,3319.66,2263.17,In Warranty,2025-03-17,Service Center 5,2025-03-11
2097,3489,18,2025-03-05,9751.39,1613.53,218.35,In Warranty,2025-03-11,Service Center 8,2025-03-05
2098,3471,28,2025-03-05,359.34,1052.8,292.47,In Warranty,2025-03-17,Service Center 5,2025-03-11
2099,3493,9,2025-03-06,1515.14,776.23,1221.99,In Warranty,2025-03-17,Service Center 7,2025-03-13
2100,3501,25,2025-03-06,5470.74,6734.32,1131.27,In Warranty,2025-03-14,Service Center 1,2025-03-11
2101,3501,26,2025-03-06,1668.87,2674.47,1857.3,In Warranty,2025-03-14,Service Center 1,2025-03-11
2102,3494,29,2025-03-07,4822.83,2609.28,1126.83,In Warranty,2025-03-29,Service Center 8,2025-03-26
2103,3469,7,2025-03-07,912.53,1200.74,48.79,In Warranty,2025-03-11,Service Center 7,2025-03-07
2104,3498,16,2025-03-07,1959.86,1727.79,293.81,In Warranty,2025-03-19,Service Center 1,2025-03-18
2105,3473,9,2025-03-07,1539.74,902.6,1505.26,In Warranty,2025-04-12,Service Center 1,2025-04-10
2106,3505,14,2025-03-07,746.57,2571.14,703.48,In Warranty,2025-03-15,Service Center 4,2025-03-12
2107,3502,18,2025-03-08,9684.68,1941.08,532.11,In Warranty,2025-03-22,Service Center 1,2025-03-18
2108,3507,22,2025-03-08,2600.34,2052.23,1541.15,In Warranty,2025-03-18,Service Center 4,2025-03-16
2109,3484,14,2025-03-08,720.9,1664.47,626.05,Out of Warranty,2025-03-16,Service Center 3,2025-03-12
2110,3499,29,2025-03-08,4614.07,1598.8,946.64,In Warranty,2025-04-04,Service Center 7,2025-04-01
2111,3503,12,2025-03-09,4420.83,2517.28,891.21,In Warranty,2025-03-16,Service Center 2,2025-03-12
2112,3513,30,2025-03-09,900.56,965.53,701.44,In Warranty,2025-03-17,Service Center 4,2025-03-13
2113,3510,29,2025-03-09,5169.47,2576.93,1427.9,Out of Warranty,2025-03-18,Service Center 6,2025-03-17
2114,3515,8,2025-03-10,1843.43,1335.29,365.14,Out of Warranty,2025-03-11,Service Center 1,2025-03-10
2115,3534,8,2025-03-11,1896.6,932.61,881.4,In Warranty,2025-03-15,Service Center 1,2025-03-13
2116,3531,11,2025-03-11,2191.51,1665.33,154.34,In Warranty,2025-03-17,Service Center 3,2025-03-12
2117,3521,1,2025-03-11,1158.74,5414.6,2336.0,In Warranty,2025-03-26,Service Center 1,2025-03-25
2118,3543,18,2025-03-12,9191.95,1062.83,191.17,In Warranty,2025-03-14,Service Center 1,2025-03-12
2119,3496,21,2025-03-12,4263.84,1465.34,1397.82,In Warranty,2025-03-24,Service Center 6,2025-03-19
2120,3514,9,2025-03-12,1463.22,1329.38,1311.57,In Warranty,2025-04-03,Service Center 3,2025-03-29
2121,3538,15,2025-03-12,14728.19,1148.31,294.74,In Warranty,2025-03-15,Service Center 1,2025-03-14
2122,3527,24,2025-03-12,1069.18,1425.8,137.54,In Warranty,2025-03-19,Service Center 3,2025-03-15
2123,3535,3,2025-03-12,19464.06,3496.66,727.23,In Warranty,2025-03-14,Service Center 1,2025-03-12
2124,3537,15,2025-03-12,15544.56,1420.31,281.5,Out of Warranty,2025-03-19,Service Center 4,2025-03-17
2125,3543,16,2025-03-12,1865.16,412.66,65.21,In Warranty,2025-03-14,Service Center 1,2025-03-12
2126,3538,16,2025-03-12,1863.02,399.04,313.16,In Warranty,2025-03-15,Service Center 1,2025-03-14
2127,3536,25,2025-03-13,5886.1,4746.58,1042.4,Out of Warranty,2025-03-25,Service Center 4,2025-03-16
2128,3517,13,2025-03-13,457.74,2005.9,563.29,Out of Warranty,2025-03-15,Service Center 6,2025-03-13
2129,3497,14,2025-03-13,695.44,1788.34,178.94,In Warranty,2025-03-15,Service Center 2,2025-03-13
2130,3523,13,2025-03-14,461.37,2096.38,1743.0,In Warranty,2025-04-19,Service Center 2,2025-04-15
2131,3544,9,2025-03-14,1612.89,1235.54,390.26,In Warranty,2025-03-19,Service Center 3,2025-03-14
2132,3532,12,2025-03-14,4381.96,2000.47,1042.16,In Warranty,2025-03-21,Service Center 3,2025-03-18
2133,3532,11,2025-03-14,2382.59,824.23,164.51,In Warranty,2025-03-21,Service Center 3,2025-03-18
2134,3529,2,2025-03-15,678.31,3163.16,1388.69,In Warranty,2025-04-02,Service Center 2,2025-03-27
2135,3524,22,2025-03-15,2787.7,1834.17,461.93,Out of Warranty,2025-03-23,Service Center 5,2025-03-15
2136,3554,16,2025-03-16,2082.1,1028.11,221.49,In Warranty,2025-03-21,Service Center 1,2025-03-20
2137,3548,6,2025-03-16,2581.56,2432.63,1234.33,In Warranty,2025-03-28,Service Center 2,2025-03-26
2138,3554,18,2025-03-16,9194.7,478.15,610.5,In Warranty,2025-03-21,Service Center 1,2025-03-20
2139,3559,29,2025-03-18,5134.93,1688.85,271.06,In Warranty,2025-03-21,Service Center 3,2025-03-18
2140,3550,12,2025-03-18,4165.35,2586.03,1384.98,In Warranty,,Service Center 6,2025-03-30
2141,3563,4,2025-03-18,2927.05,3958.65,272.99,In Warranty,2025-03-21,Service Center 2,2025-03-18
2142,3551,26,2025-03-18,1708.71,5049.96,2370.04,In Warranty,2025-04-16,Service Center 7,2025-04-12
2143,3550,11,2025-03-18,2280.28,928.53,187.39,In Warranty,,Service Center 6,2025-03-30
2144,3557,24,2025-03-19,1206.94,1296.78,43.73,In Warranty,2025-03-27,Service Center 3,2025-03-19
2145,3547,17,2025-03-19,6490.49,1106.53,293.01,In Warranty,2025-03-31,Service Center 7,2025-03-27
2146,3561,22,2025-03-19,2638.99,1351.18,1071.7,Out of Warranty,2025-04-02,Service Center 6,2025-03-29
2147,3564,18,2025-03-19,9907.03,1610.24,210.47,In Warranty,2025-03-23,Service Center 2,2025-03-19
2148,3500,14,2025-03-19,709.16,2206.24,732.59,In Warranty,2025-03-25,Service Center 5,2025-03-23
2149,3500,12,2025-03-19,4564.84,851.15,1381.28,In Warranty,2025-03-25,Service Center 5,2025-03-23
2150,3575,27,2025-03-20,9087.63,2557.67,2142.98,In Warranty,2025-03-28,Service Center 2,2025-03-26
2151,3556,7,2025-03-20,903.94,875.27,56.17,In Warranty,2025-03-22,Service Center 6,2025-03-20
2152,3569,30,2025-03-21,884.52,1135.22,604.15,In Warranty,2025-04-03,Service Center 7,2025-03-28
2153,3567,12,2025-03-21,4148.19,1539.45,894.91,Out of Warranty,2025-03-29,Service Center 1,2025-03-27
2154,3571,10,2025-03-21,3384.77,1021.14,483.61,In Warranty,2025-03-29,Service Center 8,2025-03-23
2155,3558,9,2025-03-22,1636.04,1042.97,437.3,Out of Warranty,2025-03-23,Service Center 6,2025-03-22
2156,3577,24,2025-03-22,1123.45,1702.21,164.19,In Warranty,2025-03-25,Service Center 1,2025-03-23
2157,3580,23,2025-03-22,2268.09,1327.01,374.05,In Warranty,2025-03-23,Service Center 7,2025-03-22
2158,3572,18,2025-03-22,10140.47,1688.26,658.37,In Warranty,2025-04-09,Service Center 4,2025-03-29
2159,3562,7,2025-03-22,918.41,886.89,153.25,Out of Warranty,2025-03-30,Service Center 5,2025-03-25
2160,3580,24,2025-03-22,1089.85,962.38,38.68,In Warranty,2025-03-23,Service Center 7,2025-03-22
2161,3566,11,2025-03-23,2245.92,1991.39,189.3,Out of Warranty,2025-03-28,Service Center 4,2025-03-26
2162,3568,18,2025-03-24,10038.47,1104.09,177.13,In Warranty,2025-03-25,Service Center 5,2025-03-24
2163,3588,22,2025-03-26,2701.99,2373.69,1094.24,In Warranty,2025-04-15,Service Center 2,2025-04-13
2164,3594,19,2025-03-27,22201.07,1553.15,327.67,In Warranty,2025-04-02,Service Center 5,2025-03-27
2165,3592,15,2025-03-27,14670.13,1255.9,261.56,Out of Warranty,2025-04-07,Service Center 3,2025-04-05
2166,3596,7,2025-03-27,863.51,930.84,161.68,In Warranty,2025-04-01,Service Center 3,2025-03-31
2167,3594,20,2025-03-27,5187.8,506.54,427.88,In Warranty,2025-04-02,Service Center 5,2025-03-27
2168,3606,19,2025-03-28,22873.17,1921.94,1099.87,Out of Warranty,,Service Center 8,2025-04-11
2169,3608,11,2025-03-28,2372.36,1804.77,185.76,In Warranty,2025-04-04,Service Center 2,2025-03-31
2170,3614,11,2025-03-29,2354.54,2717.92,37.26,In Warranty,2025-04-03,Service Center 4,2025-03-29
2171,3617,7,2025-03-29,939.86,945.1,126.2,In Warranty,2025-04-03,Service Center 6,2025-03-30
2172,3617,10,2025-03-29,3684.9,300.22,538.52,In Warranty,2025-04-03,Service Center 6,2025-03-30
2173,3591,21,2025-03-30,4269.38,2359.86,350.5,Out of Warranty,2025-04-02,Service Center 4,2025-03-30
2174,3616,14,2025-03-30,670.06,1752.38,187.37,Out of Warranty,2025-04-02,Service Center 7,2025-03-30
2175,3591,19,2025-03-30,22821.05,697.18,335.34,Out of Warranty,2025-04-02,Service Center 4,2025-03-30
2176,3619,29,2025-04-01,5078.96,2221.51,1041.53,In Warranty,2025-04-18,Service Center 3,2025-04-16
2177,3583,15,2025-04-01,15218.4,1597.8,310.03,In Warranty,2025-04-07,Service Center 4,2025-04-05
2178,3623,29,2025-04-01,4946.79,2088.2,1326.3,In Warranty,2025-04-16,Service Center 6,2025-04-11
2179,3620,23,2025-04-02,2048.55,1731.22,1352.64,In Warranty,2025-04-12,Service Center 7,2025-04-10
2180,3633,26,2025-04-02,1636.02,4633.04,2433.64,In Warranty,2025-04-18,Service Center 4,2025-04-15
2181,3634,30,2025-04-03,828.98,798.8,192.84,Out of Warranty,2025-04-08,Service Center 3,2025-04-03
2182,3598,27,2025-04-03,8450.3,2089.06,633.34,In Warranty,2025-04-09,Service Center 2,2025-04-03
2183,3628,27,2025-04-04,9134.38,3285.58,2415.52,In Warranty,2025-04-19,Service Center 4,2025-04-12
2184,3642,22,2025-04-04,2741.74,1520.93,1040.79,Out of Warranty,2025-04-16,Service Center 1,2025-04-13
2185,3601,29,2025-04-05,5115.91,2425.38,983.82,In Warranty,2025-04-13,Service Center 5,2025-04-11
2186,3657,27,2025-04-06,8468.1,3035.5,1842.21,Out of Warranty,2025-04-18,Service Center 2,2025-04-14
2187,3654,11,2025-04-06,2323.87,2036.49,184.54,In Warranty,2025-04-08,Service Center 8,2025-04-07
2188,3635,5,2025-04-06,3334.77,1440.85,679.84,In Warranty,2025-04-11,Service Center 6,2025-04-10
2189,3645,14,2025-04-06,747.2,1812.74,519.88,In Warranty,2025-04-15,Service Center 6,2025-04-14
2190,3648,11,2025-04-06,2244.61,1813.8,41.83,In Warranty,2025-04-11,Service Center 8,2025-04-06
2191,3652,24,2025-04-06,1095.88,2362.13,123.45,Out of Warranty,2025-04-08,Service Center 3,2025-04-07
2192,3635,6,2025-04-06,2453.47,672.16,1445.66,In Warranty,2025-04-11,Service Center 6,2025-04-10
2193,3661,22,2025-04-07,2482.85,2031.73,1073.8,In Warranty,2025-04-27,Service Center 2,2025-04-23
2194,3660,27,2025-04-07,9063.91,2559.73,2163.07,In Warranty,2025-04-22,Service Center 2,2025-04-20
2195,3659,15,2025-04-07,15455.07,1528.25,290.31,In Warranty,2025-04-10,Service Center 7,2025-04-08
2196,3658,6,2025-04-07,2359.89,1556.23,1611.96,Out of Warranty,2025-04-12,Service Center 2,2025-04-10
2197,3631,20,2025-04-08,5055.38,1536.66,1117.44,In Warranty,2025-04-19,Service Center 2,2025-04-18
2198,3647,27,2025-04-08,9284.03,2705.87,728.93,Out of Warranty,2025-04-11,Service Center 2,2025-04-08
2199,3651,13,2025-04-08,443.93,1934.36,1585.4,In Warranty,2025-04-22,Service Center 3,2025-04-19
2200,3656,7,2025-04-08,933.74,1185.86,44.67,In Warranty,2025-04-14,Service Center 2,2025-04-08
2201,3589,13,2025-04-09,474.15,1748.23,406.4,In Warranty,2025-04-14,Service Center 5,2025-04-09
2202,3669,3,2025-04-09,18509.83,5629.46,2462.37,In Warranty,2025-04-21,Service Center 4,2025-04-14
2203,3670,8,2025-04-10,1838.82,1036.07,398.24,In Warranty,2025-04-11,Service Center 6,2025-04-10
2204,3668,21,2025-04-10,4174.33,1566.45,1518.38,Out of Warranty,2025-04-28,Service Center 7,2025-04-27
2205,3653,26,2025-04-10,1784.75,4997.15,1998.86,In Warranty,2025-04-30,Service Center 1,2025-04-26
2206,3673,20,2025-04-11,5012.45,2003.65,406.04,In Warranty,2025-04-16,Service Center 8,2025-04-11
2207,3615,4,2025-04-11,3047.62,4601.7,203.12,In Warranty,2025-04-20,Service Center 4,2025-04-15
2208,3683,11,2025-04-11,2351.7,1515.61,129.45,Out of Warranty,2025-04-19,Service Center 6,2025-04-12
2209,3678,15,2025-04-11,14833.99,1044.44,241.12,Out of Warranty,2025-04-17,Service Center 1,2025-04-13
2210,3678,16,2025-04-11,1918.0,426.35,311.56,Out of Warranty,2025-04-17,Service Center 1,2025-04-13
2211,3680,22,2025-04-12,2679.62,2186.14,1122.71,Out of Warranty,2025-04-18,Service Center 2,2025-04-16
2212,3676,9,2025-04-12,1525.19,1252.11,1172.21,In Warranty,2025-04-17,Service Center 2,2025-04-16
2213,3674,22,2025-04-12,2642.11,1437.76,1447.85,In Warranty,2025-05-13,Service Center 8,2025-05-11
2214,3671,23,2025-04-13,2168.65,2166.7,1248.36,Out of Warranty,2025-04-26,Service Center 6,2025-04-24
2215,3695,30,2025-04-13,883.76,755.24,490.15,In Warranty,2025-04-19,Service Center 2,2025-04-18
2216,3662,11,2025-04-13,2406.74,2244.21,165.08,In Warranty,2025-04-19,Service Center 5,2025-04-14
2217,3690,9,2025-04-13,1617.99,783.94,462.99,In Warranty,2025-04-17,Service Center 1,2025-04-13
2218,3662,14,2025-04-13,726.9,890.47,543.78,In Warranty,2025-04-19,Service Center 5,2025-04-14
2219,3685,4,2025-04-14,3014.85,5393.34,211.49,Out of Warranty,2025-04-19,Service Center 3,2025-04-17
2220,3682,15,2025-04-14,14731.59,1335.21,281.43,In Warranty,2025-04-22,Service Center 5,2025-04-18
2221,3693,7,2025-04-14,923.28,904.96,148.28,In Warranty,2025-04-22,Service Center 3,2025-04-15
2222,3692,27,2025-04-15,8826.17,3206.72,751.0,Out of Warranty,2025-04-18,Service Center 5,2025-04-15
2223,3627,27,2025-04-15,8840.92,1829.31,2474.39,In Warranty,2025-04-28,Service Center 5,2025-04-25
2224,3677,21,2025-04-15,3981.44,1915.99,404.61,Out of Warranty,2025-04-16,Service Center 5,2025-04-15
2225,3691,22,2025-04-15,2673.53,1750.43,1062.58,Out of Warranty,2025-04-24,Service Center 3,2025-04-22
2226,3701,27,2025-04-15,8796.36,3202.68,1795.24,Out of Warranty,2025-05-03,Service Center 3,2025-04-28
2227,3691,23,2025-04-15,1999.06,801.12,1021.37,Out of Warranty,2025-04-24,Service Center 3,2025-04-22
2228,3707,24,2025-04-16,1085.65,2261.91,40.93,In Warranty,2025-04-20,Service Center 3,2025-04-16
2229,3687,3,2025-04-16,19661.89,3131.85,1901.56,Out of Warranty,2025-05-18,Service Center 6,2025-05-14
2230,3703,11,2025-04-16,2377.36,2338.27,141.51,In Warranty,2025-04-24,Service Center 3,2025-04-18
2231,3715,8,2025-04-17,1875.47,811.8,931.32,In Warranty,,Service Center 2,2025-04-22
2232,3708,10,2025-04-17,3684.71,857.96,693.0,In Warranty,2025-05-03,Service Center 7,2025-04-29
2233,3679,22,2025-04-17,2516.35,1788.78,392.35,Out of Warranty,2025-04-24,Service Center 2,2025-04-17
2234,3714,24,2025-04-17,1120.6,1893.51,150.12,In Warranty,2025-04-29,Service Center 1,2025-04-18
2235,3679,24,2025-04-17,1144.88,867.66,37.51,Out of Warranty,2025-04-24,Service Center 2,2025-04-17
2236,3708,7,2025-04-17,897.46,461.19,169.46,In Warranty,2025-05-03,Service Center 7,2025-04-29
2237,3710,13,2025-04-18,451.12,2128.99,1658.59,In Warranty,2025-04-29,Service Center 4,2025-04-26
2238,3700,7,2025-04-18,876.45,913.38,40.52,In Warranty,2025-04-19,Service Center 1,2025-04-18
2239,3717,21,2025-04-18,4249.14,2135.65,1766.21,In Warranty,2025-04-28,Service Center 2,2025-04-26
2240,3704,19,2025-04-18,22695.59,2300.49,346.66,In Warranty,2025-04-22,Service Center 4,2025-04-18
2241,3702,22,2025-04-18,2830.73,2188.66,1353.87,In Warranty,2025-04-30,Service Center 2,2025-04-27
2242,3712,14,2025-04-19,666.79,1491.96,177.6,In Warranty,2025-04-22,Service Center 2,2025-04-19
2243,3724,14,2025-04-19,710.76,2765.04,541.2,In Warranty,2025-04-26,Service Center 4,2025-04-24
2244,3712,11,2025-04-19,2405.78,962.5,40.66,In Warranty,2025-04-22,Service Center 2,2025-04-19
2245,3721,13,2025-04-20,458.54,2462.07,1937.4,In Warranty,2025-04-30,Service Center 6,2025-04-25
2246,3728,2,2025-04-20,676.13,5196.82,1861.08,In Warranty,2025-05-03,Service Center 4,2025-04-26
2247,3725,13,2025-04-20,457.98,2275.19,438.86,Out of Warranty,2025-04-23,Service Center 4,2025-04-20
2248,3727,7,2025-04-21,871.58,893.31,52.98,Out of Warranty,2025-04-22,Service Center 8,2025-04-21
2249,3720,17,2025-04-21,7295.83,1254.05,275.35,In Warranty,2025-04-27,Service Center 7,2025-04-23
2250,3740,12,2025-04-22,4506.83,2420.29,422.58,In Warranty,2025-04-27,Service Center 3,2025-04-22
2251,3736,22,2025-04-22,2494.06,1884.96,1232.99,In Warranty,2025-05-03,Service Center 2,2025-04-30
2252,3738,7,2025-04-22,952.97,1139.96,156.15,In Warranty,2025-04-26,Service Center 1,2025-04-23
2253,3719,18,2025-04-23,9647.51,1779.88,722.95,In Warranty,2025-05-12,Service Center 5,2025-05-04
2254,3748,13,2025-04-23,459.73,1726.57,538.38,In Warranty,2025-05-02,Service Center 4,2025-04-23
2255,3748,11,2025-04-23,2320.83,968.97,38.72,In Warranty,2025-05-02,Service Center 4,2025-04-23
2256,3688,24,2025-04-24,1182.63,2136.31,184.5,Out of Warranty,2025-04-29,Service Center 5,2025-04-25
2257,3737,11,2025-04-24,2323.83,2407.08,145.18,In Warranty,2025-04-26,Service Center 3,2025-04-24
2258,3733,14,2025-04-24,699.53,2457.26,489.47,Out of Warranty,2025-05-02,Service Center 6,2025-04-30
2259,3752,13,2025-04-25,447.27,2185.16,1849.38,In Warranty,2025-05-17,Service Center 2,2025-05-15
2260,3745,23,2025-04-25,2065.02,2142.97,1331.48,In Warranty,2025-05-01,Service Center 2,2025-04-29
2261,3745,22,2025-04-25,2680.23,585.98,1689.82,In Warranty,2025-05-01,Service Center 2,2025-04-29
2262,3730,7,2025-04-26,857.57,1143.0,148.31,Out of Warranty,2025-04-30,Service Center 4,2025-04-28
2263,3755,24,2025-04-27,1050.7,1530.48,131.93,In Warranty,2025-05-01,Service Center 2,2025-04-28
2264,3753,4,2025-04-27,2789.54,3601.6,245.03,In Warranty,2025-05-04,Service Center 1,2025-05-01
2265,3756,1,2025-04-28,1220.19,4405.08,2207.87,In Warranty,2025-05-14,Service Center 6,2025-05-10
2266,3762,12,2025-04-28,4572.69,2476.64,284.34,In Warranty,2025-04-30,Service Center 1,2025-04-28
2267,3761,9,2025-04-29,1524.7,861.3,1696.92,In Warranty,2025-05-11,Service Center 1,2025-05-10
2268,3757,4,2025-04-29,2712.15,4380.63,255.51,Out of Warranty,2025-05-03,Service Center 3,2025-04-30
2269,3735,8,2025-04-29,1916.65,1330.42,1364.28,Out of Warranty,2025-05-07,Service Center 6,2025-05-05
2270,3735,9,2025-04-29,1569.6,327.47,1383.79,Out of Warranty,2025-05-07,Service Center 6,2025-05-05
2271,3754,16,2025-04-30,1919.38,1014.88,307.59,Out of Warranty,2025-05-13,Service Center 1,2025-05-08
2272,3771,24,2025-04-30,1065.4,2116.79,173.11,In Warranty,2025-05-05,Service Center 4,2025-05-02
2273,3773,7,2025-04-30,983.0,1021.1,165.96,Out of Warranty,2025-05-07,Service Center 1,2025-05-03
2274,3767,16,2025-04-30,1942.39,1723.55,296.69,Out of Warranty,2025-05-16,Service Center 5,2025-05-05
2275,3759,24,2025-04-30,1066.76,1864.51,192.59,Out of Warranty,2025-05-05,Service Center 5,2025-05-02
2276,3713,5,2025-04-30,3368.34,1788.92,612.4,In Warranty,2025-05-06,Service Center 5,2025-05-03
2277,3770,5,2025-04-30,3408.21,2349.55,670.33,In Warranty,2025-05-11,Service Center 2,2025-05-05
2278,3750,28,2025-04-30,376.68,1759.94,277.72,In Warranty,,Service Center 5,2025-05-01
2279,3759,22,2025-04-30,2679.79,496.33,1652.93,Out of Warranty,2025-05-05,Service Center 5,2025-05-02
2280,3764,11,2025-05-01,2262.42,1615.19,161.17,In Warranty,2025-05-07,Service Center 2,2025-05-04
2281,3776,15,2025-05-01,14727.52,1016.37,85.55,In Warranty,2025-05-04,Service Center 1,2025-05-01
2282,3751,8,2025-05-02,1844.93,1091.0,1179.17,Out of Warranty,2025-05-11,Service Center 2,2025-05-08
2283,3782,7,2025-05-02,871.27,1428.12,177.6,Out of Warranty,2025-05-10,Service Center 1,2025-05-04
2284,3765,21,2025-05-02,3843.85,1839.75,1282.15,In Warranty,2025-05-20,Service Center 4,2025-05-19
2285,3791,14,2025-05-03,721.66,1692.46,724.03,In Warranty,2025-05-11,Service Center 1,2025-05-10
2286,3799,10,2025-05-03,3619.82,996.94,685.52,Out of Warranty,2025-05-13,Service Center 3,2025-05-10
2287,3799,8,2025-05-03,1961.49,391.6,1135.88,Out of Warranty,2025-05-13,Service Center 3,2025-05-10
2288,3805,28,2025-05-04,361.31,2356.45,233.01,Out of Warranty,2025-05-12,Service Center 2,2025-05-04
2289,3779,1,2025-05-04,1291.28,5766.49,2070.02,Out of Warranty,2025-05-25,Service Center 8,2025-05-21
2290,3795,8,2025-05-04,1790.71,1391.12,355.97,In Warranty,2025-05-06,Service Center 2,2025-05-04
2291,3803,16,2025-05-04,2055.18,1674.84,251.63,Out of Warranty,2025-05-14,Service Center 2,2025-05-09
2292,3802,13,2025-05-04,478.74,2929.39,418.21,Out of Warranty,2025-05-08,Service Center 3,2025-05-04
2293,3760,25,2025-05-05,5323.2,5514.06,951.93,In Warranty,2025-05-22,Service Center 2,2025-05-15
2294,3808,9,2025-05-05,1581.94,1320.73,1550.71,Out of Warranty,2025-05-19,Service Center 3,2025-05-18
2295,3792,11,2025-05-05,2251.66,1533.21,166.22,Out of Warranty,2025-05-12,Service Center 1,2025-05-07
2296,3785,21,2025-05-05,3754.4,1805.18,1785.91,In Warranty,2025-05-17,Service Center 3,2025-05-15
2297,3774,11,2025-05-05,2226.92,2518.96,57.26,In Warranty,2025-05-09,Service Center 6,2025-05-05
2298,3787,15,2025-05-06,14341.75,1090.39,292.41,In Warranty,2025-05-12,Service Center 1,2025-05-11
2299,3810,9,2025-05-06,1537.86,989.95,1620.42,In Warranty,2025-05-20,Service Center 1,2025-05-19
2300,3790,29,2025-05-06,4702.79,1714.06,305.58,In Warranty,2025-05-08,Service Center 4,2025-05-06
2301,3811,6,2025-05-06,2616.38,2302.22,1400.26,In Warranty,2025-06-04,Service Center 3,2025-06-01
2302,3807,29,2025-05-06,4731.38,2214.31,929.81,In Warranty,2025-05-18,Service Center 4,2025-05-15
2303,3820,2,2025-05-07,666.96,4420.54,1995.89,In Warranty,2025-05-21,Service Center 4,2025-05-16
2304,3821,6,2025-05-07,2512.04,1632.37,1611.91,In Warranty,2025-05-17,Service Center 4,2025-05-12
2305,3781,14,2025-05-07,688.7,2633.89,629.54,In Warranty,2025-05-13,Service Center 2,2025-05-08
2306,3786,23,2025-05-07,2250.47,2300.08,1086.85,In Warranty,2025-05-28,Service Center 2,2025-05-24
2307,3821,5,2025-05-07,3518.06,594.78,670.35,In Warranty,2025-05-17,Service Center 4,2025-05-12
2308,3801,21,2025-05-08,4113.48,1248.8,1144.4,In Warranty,2025-06-10,Service Center 7,2025-06-07
2309,3822,11,2025-05-08,2359.36,1552.2,159.22,Out of Warranty,2025-05-11,Service Center 6,2025-05-10
2310,3817,16,2025-05-08,1884.58,1603.02,333.32,In Warranty,2025-05-17,Service Center 3,2025-05-16
2311,3817,17,2025-05-08,6866.03,777.51,286.94,In Warranty,2025-05-17,Service Center 3,2025-05-16
2312,3804,8,2025-05-09,1954.63,1028.64,1316.74,In Warranty,2025-05-23,Service Center 8,2025-05-21
2313,3814,3,2025-05-11,20115.24,5056.02,1621.9,In Warranty,2025-05-22,Service Center 4,2025-05-21
2314,3835,5,2025-05-11,3504.61,1517.17,645.28,Out of Warranty,2025-05-20,Service Center 2,2025-05-18
2315,3832,6,2025-05-12,2400.07,2000.17,394.46,Out of Warranty,2025-05-16,Service Center 4,2025-05-12
2316,3842,25,2025-05-13,5633.45,4250.42,219.43,Out of Warranty,2025-05-16,Service Center 3,2025-05-13
2317,3823,17,2025-05-13,6807.42,1452.76,221.82,In Warranty,2025-05-21,Service Center 7,2025-05-15
2318,3836,6,2025-05-13,2300.97,2214.13,1219.25,In Warranty,2025-05-24,Service Center 2,2025-05-20
2319,3833,18,2025-05-13,10352.25,1675.15,462.13,Out of Warranty,2025-05-25,Service Center 2,2025-05-21
2320,3833,17,2025-05-13,7073.69,432.5,289.02,Out of Warranty,2025-05-25,Service Center 2,2025-05-21
2321,3823,15,2025-05-13,15576.54,608.6,254.79,In Warranty,2025-05-21,Service Center 7,2025-05-15
2322,3839,24,2025-05-14,1176.94,1309.95,170.39,Out of Warranty,2025-05-18,Service Center 2,2025-05-15
2323,3830,13,2025-05-14,452.04,2483.12,1462.64,In Warranty,2025-06-15,Service Center 5,2025-06-14
2324,3834,22,2025-05-16,2642.09,1613.63,1334.57,Out of Warranty,2025-06-10,Service Center 3,2025-06-06
2325,3840,14,2025-05-16,691.69,2262.14,593.59,Out of Warranty,2025-05-24,Service Center 6,2025-05-21
2326,3865,30,2025-05-18,885.12,1425.33,573.66,Out of Warranty,2025-05-25,Service Center 6,2025-05-21
2327,3854,7,2025-05-18,936.8,831.98,146.06,In Warranty,2025-05-21,Service Center 1,2025-05-20
2328,3863,16,2025-05-19,1879.24,1210.21,299.83,In Warranty,2025-05-26,Service Center 4,2025-05-23
2329,3860,17,2025-05-19,6995.36,1578.57,224.45,In Warranty,2025-06-05,Service Center 6,2025-05-31
2330,3848,12,2025-05-19,4385.18,1655.27,1137.89,In Warranty,2025-05-23,Service Center 4,2025-05-21
2331,3846,9,2025-05-20,1539.32,773.2,1616.3,In Warranty,2025-06-10,Service Center 2,2025-06-09
2332,3858,2,2025-05-20,709.75,3218.9,571.07,In Warranty,2025-05-26,Service Center 4,2025-05-20
2333,3855,9,2025-05-21,1611.42,1246.1,1606.43,In Warranty,2025-06-02,Service Center 2,2025-05-30
2334,3857,23,2025-05-22,2255.5,1866.69,1115.64,In Warranty,2025-05-27,Service Center 1,2025-05-26
2335,3867,21,2025-05-22,3726.37,2037.2,509.61,In Warranty,2025-05-24,Service Center 4,2025-05-22
2336,3851,3,2025-05-22,18485.56,5343.9,495.88,In Warranty,2025-05-25,Service Center 1,2025-05-22
2337,3866,13,2025-05-23,443.0,2356.81,1745.25,In Warranty,2025-06-11,Service Center 1,2025-06-05
2338,3847,29,2025-05-23,4961.81,1787.43,1359.21,In Warranty,2025-06-10,Service Center 5,2025-06-01
2339,3859,26,2025-05-23,1735.09,6587.09,2386.07,Out of Warranty,2025-06-05,Service Center 5,2025-05-31
2340,3884,27,2025-05-24,8208.16,2421.62,2128.67,In Warranty,2025-06-14,Service Center 1,2025-06-09
2341,3873,29,2025-05-24,4915.64,1822.96,1363.09,In Warranty,2025-06-01,Service Center 1,2025-05-30
2342,3882,14,2025-05-24,697.41,2649.28,483.67,In Warranty,2025-05-31,Service Center 3,2025-05-28
2343,3878,17,2025-05-25,7111.25,1741.07,76.92,In Warranty,2025-05-28,Service Center 2,2025-05-25
2344,3888,4,2025-05-26,2944.15,5478.8,288.22,In Warranty,2025-06-02,Service Center 1,2025-05-27
2345,3893,4,2025-05-26,2940.76,3439.73,212.26,In Warranty,2025-05-29,Service Center 6,2025-05-27
2346,3888,3,2025-05-26,18179.61,2033.76,1918.06,In Warranty,2025-06-02,Service Center 1,2025-05-27
2347,3845,13,2025-05-27,483.94,2373.74,1872.98,Out of Warranty,2025-06-14,Service Center 5,2025-06-08
2348,3898,22,2025-05-27,2766.65,2207.5,426.58,In Warranty,2025-05-30,Service Center 8,2025-05-27
2349,3850,22,2025-05-27,2627.91,2377.08,1113.59,In Warranty,2025-06-07,Service Center 3,2025-06-05
2350,3898,23,2025-05-27,2018.57,794.72,418.7,In Warranty,2025-05-30,Service Center 8,2025-05-27
2351,3889,20,2025-05-28,5243.88,1329.27,1162.86,Out of Warranty,2025-06-10,Service Center 3,2025-06-06
2352,3876,11,2025-05-28,2351.87,2349.38,155.92,In Warranty,2025-05-31,Service Center 5,2025-05-29
2353,3907,23,2025-05-29,2115.1,2313.69,314.3,In Warranty,2025-05-31,Service Center 2,2025-05-29
2354,3871,8,2025-05-30,1847.26,1024.89,306.8,Out of Warranty,2025-06-06,Service Center 5,2025-05-30
2355,3908,27,2025-05-31,8105.14,3214.55,2105.07,In Warranty,2025-06-16,Service Center 2,2025-06-13
2356,3915,7,2025-05-31,974.97,1202.41,190.53,In Warranty,2025-06-06,Service Center 8,2025-06-02
2357,3916,24,2025-05-31,1195.5,2207.39,49.11,In Warranty,2025-06-02,Service Center 2,2025-05-31
2358,3915,9,2025-05-31,1615.81,376.52,1507.59,In Warranty,2025-06-06,Service Center 8,2025-06-02
2359,3912,8,2025-06-01,1807.29,874.52,917.49,In Warranty,2025-06-08,Service Center 3,2025-06-04
2360,3883,7,2025-06-01,929.21,939.18,173.6,Out of Warranty,2025-06-14,Service Center 5,2025-06-03
2361,3924,1,2025-06-02,1168.24,4541.8,2503.94,In Warranty,2025-06-14,Service Center 8,2025-06-12
2362,3911,25,2025-06-02,5705.35,7505.68,1093.95,Out of Warranty,2025-06-10,Service Center 5,2025-06-06
2363,3927,15,2025-06-02,14672.56,1536.24,95.39,Out of Warranty,2025-06-05,Service Center 6,2025-06-02
2364,3922,22,2025-06-02,2533.88,2108.33,458.73,Out of Warranty,2025-06-07,Service Center 4,2025-06-02
2365,3911,26,2025-06-02,1859.53,2277.29,2004.97,Out of Warranty,2025-06-10,Service Center 5,2025-06-06
2366,3923,27,2025-06-03,9062.27,2693.66,593.01,Out of Warranty,2025-06-04,Service Center 1,2025-06-03
2367,3919,22,2025-06-03,2522.5,2341.39,1271.24,In Warranty,2025-06-11,Service Center 1,2025-06-09
2368,3935,22,2025-06-03,2507.86,1596.21,468.68,Out of Warranty,2025-06-05,Service Center 3,2025-06-03
2369,3910,25,2025-06-04,5669.39,3991.81,1042.11,In Warranty,2025-06-12,Service Center 2,2025-06-08
2370,3881,16,2025-06-04,1891.27,1111.4,213.23,Out of Warranty,2025-06-11,Service Center 6,2025-06-07
2371,3932,21,2025-06-04,4095.42,1550.78,1422.03,In Warranty,2025-06-28,Service Center 1,2025-06-23
2372,3929,12,2025-06-05,4107.71,1689.09,376.1,Out of Warranty,2025-06-07,Service Center 8,2025-06-05
2373,3926,14,2025-06-05,729.48,1858.22,567.38,Out of Warranty,2025-06-17,Service Center 2,2025-06-12
2374,3928,11,2025-06-05,2131.16,2846.58,168.42,In Warranty,2025-06-11,Service Center 4,2025-06-07
2375,3952,11,2025-06-06,2161.13,1777.38,171.7,Out of Warranty,2025-06-09,Service Center 2,2025-06-07
2376,3944,7,2025-06-06,953.91,763.46,177.63,Out of Warranty,2025-06-14,Service Center 2,2025-06-11
2377,3940,13,2025-06-06,458.29,1558.37,1795.02,In Warranty,2025-06-21,Service Center 3,2025-06-11
2378,3930,1,2025-06-06,1155.92,5520.73,1998.64,In Warranty,2025-06-23,Service Center 3,2025-06-21
2379,3940,11,2025-06-06,2312.08,633.05,174.88,In Warranty,2025-06-21,Service Center 3,2025-06-11
2380,3930,4,2025-06-06,2680.21,1864.11,271.3,In Warranty,2025-06-23,Service Center 3,2025-06-21
2381,3947,15,2025-06-07,15736.71,1066.16,302.5,In Warranty,2025-06-28,Service Center 1,2025-06-26
2382,3961,21,2025-06-07,4240.83,1733.7,1358.54,In Warranty,2025-06-27,Service Center 4,2025-06-24
2383,3901,13,2025-06-07,474.46,2911.99,1288.82,Out of Warranty,2025-06-21,Service Center 5,2025-06-16
2384,3953,9,2025-06-07,1621.52,1170.22,1217.38,In Warranty,2025-06-29,Service Center 3,2025-06-24
2385,3957,30,2025-06-07,892.72,1430.96,577.42,In Warranty,2025-06-12,Service Center 3,2025-06-11
2386,3946,24,2025-06-07,1083.38,1332.04,148.36,In Warranty,2025-06-10,Service Center 2,2025-06-09
2387,3943,27,2025-06-08,8119.1,2045.27,1602.12,Out of Warranty,2025-06-14,Service Center 6,2025-06-12
2388,3956,30,2025-06-08,876.63,1017.24,177.69,In Warranty,2025-06-10,Service Center 3,2025-06-08
2389,3945,11,2025-06-08,2182.94,2282.98,185.9,In Warranty,2025-06-15,Service Center 7,2025-06-09
2390,3949,15,2025-06-09,13940.81,1499.23,266.93,Out of Warranty,2025-06-15,Service Center 5,2025-06-12
2391,3962,14,2025-06-09,673.94,1845.82,151.94,In Warranty,2025-06-12,Service Center 6,2025-06-09
2392,3969,13,2025-06-10,453.91,1855.75,1643.12,In Warranty,2025-06-21,Service Center 2,2025-06-16
2393,3948,18,2025-06-10,9380.57,1405.34,596.02,Out of Warranty,2025-07-23,Service Center 2,2025-07-16
2394,3941,12,2025-06-10,4202.64,1787.24,1196.56,In Warranty,2025-06-27,Service Center 4,2025-06-16
2395,3967,9,2025-06-10,1444.42,790.1,1543.91,Out of Warranty,2025-07-09,Service Center 1,2025-07-06
2396,3948,16,2025-06-10,2022.34,660.36,256.77,Out of Warranty,2025-07-23,Service Center 2,2025-07-16
2397,3941,11,2025-06-10,2119.44,772.28,123.63,In Warranty,2025-06-27,Service Center 4,2025-06-16
2398,3976,11,2025-06-11,2168.61,2027.67,56.78,In Warranty,2025-06-14,Service Center 3,2025-06-11
2399,3950,1,2025-06-11,1193.6,5615.06,2393.86,In Warranty,2025-07-01,Service Center 2,2025-06-26
2400,3980,2,2025-06-11,694.41,2941.14,1835.06,In Warranty,2025-06-27,Service Center 2,2025-06-23
2401,3954,15,2025-06-11,14946.29,1869.92,336.11,Out of Warranty,2025-06-28,Service Center 2,2025-06-21
2402,3950,4,2025-06-11,2683.87,1641.38,251.17,In Warranty,2025-07-01,Service Center 2,2025-06-26
2403,3978,15,2025-06-12,14687.32,1653.88,93.1,In Warranty,2025-06-13,Service Center 2,2025-06-12
2404,3970,3,2025-06-12,18449.99,3349.86,488.0,In Warranty,2025-06-18,Service Center 7,2025-06-12
2405,3966,7,2025-06-12,902.6,1420.2,58.47,In Warranty,2025-06-19,Service Center 1,2025-06-12
2406,3973,13,2025-06-13,467.12,1591.57,1623.3,In Warranty,2025-06-25,Service Center 6,2025-06-22
2407,3958,23,2025-06-13,2161.04,2235.0,1172.11,Out of Warranty,2025-06-19,Service Center 1,2025-06-16
2408,3981,5,2025-06-13,3221.05,1416.87,666.89,In Warranty,2025-06-17,Service Center 2,2025-06-16
2409,3968,9,2025-06-13,1428.6,963.71,1286.67,Out of Warranty,2025-07-05,Service Center 8,2025-07-02
2410,3963,11,2025-06-14,2100.97,2507.16,133.29,Out of Warranty,2025-06-22,Service Center 5,2025-06-17
2411,3989,12,2025-06-14,4284.04,1709.36,335.58,In Warranty,2025-06-20,Service Center 5,2025-06-14
2412,3994,24,2025-06-14,1184.69,1308.36,143.98,In Warranty,2025-06-17,Service Center 6,2025-06-16
2413,3989,11,2025-06-14,2382.56,1016.27,40.16,In Warranty,2025-06-20,Service Center 5,2025-06-14
2414,3963,14,2025-06-14,701.61,873.4,582.24,Out of Warranty,2025-06-22,Service Center 5,2025-06-17
2415,3999,9,2025-06-15,1600.57,845.54,432.31,Out of Warranty,2025-06-17,Service Center 3,2025-06-15
2416,4001,27,2025-06-15,8699.03,3117.41,1722.4,Out of Warranty,2025-06-18,Service Center 6,2025-06-17
2417,4005,20,2025-06-16,4941.9,1232.56,1289.37,In Warranty,2025-07-23,Service Center 3,2025-07-19
2418,3983,13,2025-06-16,464.29,1709.06,1616.72,Out of Warranty,2025-06-27,Service Center 5,2025-06-18
2419,4000,27,2025-06-16,8274.62,2219.57,728.56,In Warranty,2025-06-19,Service Center 5,2025-06-16
2420,3977,24,2025-06-17,1099.73,2016.22,121.22,In Warranty,2025-06-22,Service Center 6,2025-06-18
2421,4012,10,2025-06-18,3690.1,1072.67,540.36,Out of Warranty,2025-06-24,Service Center 1,2025-06-22
2422,4002,13,2025-06-18,478.17,2604.65,1204.15,Out of Warranty,2025-07-16,Service Center 5,2025-07-10
2423,4015,29,2025-06-18,4663.59,1979.94,336.64,In Warranty,2025-06-22,Service Center 5,2025-06-18
2424,3995,11,2025-06-18,2282.34,1563.58,133.75,In Warranty,2025-06-29,Service Center 5,2025-06-19
2425,4010,1,2025-06-18,1177.63,5792.02,2499.08,Out of Warranty,2025-06-23,Service Center 8,2025-06-21
2426,3982,27,2025-06-18,8345.51,2391.82,526.23,In Warranty,2025-06-19,Service Center 7,2025-06-18
2427,4007,1,2025-06-19,1294.82,5146.88,2204.74,In Warranty,2025-07-01,Service Center 1,2025-06-29
2428,4006,15,2025-06-19,14650.8,1583.69,92.82,In Warranty,,Service Center 6,2025-06-19
2429,4017,3,2025-06-19,19279.68,4293.09,2043.56,In Warranty,2025-07-01,Service Center 5,2025-06-29
2430,4014,8,2025-06-19,1901.57,1151.26,1420.09,In Warranty,2025-06-23,Service Center 2,2025-06-22
2431,4025,6,2025-06-20,2321.9,1482.3,1043.82,In Warranty,2025-06-28,Service Center 4,2025-06-26
2432,4019,11,2025-06-20,2225.13,2079.09,49.72,Out of Warranty,2025-06-23,Service Center 4,2025-06-20
2433,4027,22,2025-06-21,2503.03,2447.69,425.88,Out of Warranty,2025-07-01,Service Center 8,2025-06-21
2434,4021,11,2025-06-21,2245.1,1859.89,178.6,Out of Warranty,2025-06-29,Service Center 2,2025-06-25
2435,4026,3,2025-06-21,20283.64,3845.74,551.85,In Warranty,2025-06-25,Service Center 3,2025-06-21
2436,4034,1,2025-06-21,1305.29,3708.65,801.45,In Warranty,2025-06-29,Service Center 1,2025-06-21
2437,4034,2,2025-06-21,714.5,1261.11,634.91,In Warranty,2025-06-29,Service Center 1,2025-06-21
2438,4031,6,2025-06-22,2499.3,1294.83,350.85,In Warranty,2025-06-25,Service Center 1,2025-06-22
2439,4033,7,2025-06-22,883.21,1076.33,155.44,Out of Warranty,2025-06-25,Service Center 1,2025-06-23
2440,4029,17,2025-06-22,6986.49,1132.61,297.59,In Warranty,2025-07-06,Service Center 3,2025-06-29
2441,4022,24,2025-06-23,1075.49,1754.22,177.81,Out of Warranty,2025-07-03,Service Center 5,2025-06-26
2442,4044,17,2025-06-24,6570.9,1074.22,70.87,In Warranty,2025-06-29,Service Center 2,2025-06-24
2443,4039,21,2025-06-24,4182.21,1714.98,1265.79,In Warranty,2025-07-02,Service Center 2,2025-07-01
2444,4023,15,2025-06-24,15644.61,1755.51,224.36,In Warranty,2025-06-29,Service Center 1,2025-06-28
2445,4042,27,2025-06-24,8605.47,3388.36,2257.29,Out of Warranty,2025-07-21,Service Center 3,2025-07-17
2446,4013,15,2025-06-24,14059.68,1562.49,259.77,Out of Warranty,2025-06-30,Service Center 2,2025-06-28
2447,4044,15,2025-06-24,14031.96,451.08,72.97,In Warranty,2025-06-29,Service Center 2,2025-06-24
2448,4023,16,2025-06-24,1860.81,776.46,325.49,In Warranty,2025-06-29,Service Center 1,2025-06-28
2449,4039,20,2025-06-24,5557.87,660.11,1263.43,In Warranty,2025-07-02,Service Center 2,2025-07-01
2450,4052,10,2025-06-25,3677.13,1064.34,536.36,In Warranty,2025-07-12,Service Center 5,2025-07-03
2451,4030,2,2025-06-26,663.07,3763.6,1848.12,In Warranty,2025-07-03,Service Center 3,2025-07-01
2452,4032,7,2025-06-26,908.19,1155.75,155.91,Out of Warranty,2025-07-03,Service Center 1,2025-06-29
2453,4049,12,2025-06-26,4295.6,2078.58,1196.83,In Warranty,2025-07-05,Service Center 3,2025-07-02
2454,4050,13,2025-06-26,430.78,1787.52,495.24,In Warranty,2025-06-29,Service Center 2,2025-06-26
2455,4043,7,2025-06-27,870.55,974.04,127.97,In Warranty,2025-07-03,Service Center 3,2025-06-28
2456,4061,11,2025-06-27,2348.35,1658.03,125.3,In Warranty,2025-06-29,Service Center 1,2025-06-28
2457,4047,16,2025-06-28,2020.7,1338.3,316.61,In Warranty,2025-07-02,Service Center 8,2025-06-29
2458,4066,13,2025-06-29,442.1,2256.98,373.38,In Warranty,2025-07-01,Service Center 3,2025-06-29
2459,4060,11,2025-06-29,2312.98,2151.16,127.11,Out of Warranty,2025-07-07,Service Center 6,2025-07-02
2460,4054,1,2025-06-29,1292.67,4205.57,656.48,In Warranty,2025-07-03,Service Center 4,2025-06-29
2461,4055,30,2025-06-29,911.4,1288.24,151.17,In Warranty,2025-07-04,Service Center 4,2025-06-29
2462,4060,12,2025-06-29,4417.85,673.92,1371.87,Out of Warranty,2025-07-07,Service Center 6,2025-07-02
2463,4068,2,2025-06-30,673.99,5155.04,1609.4,Out of Warranty,2025-07-11,Service Center 6,2025-07-07
2464,4072,8,2025-06-30,1715.07,859.35,984.84,Out of Warranty,2025-07-12,Service Center 3,2025-07-08
2465,4035,16,2025-06-30,1928.66,1358.99,243.29,In Warranty,2025-07-07,Service Center 5,2025-07-01
2466,4059,18,2025-07-01,9587.14,1779.14,166.87,In Warranty,2025-07-08,Service Center 8,2025-07-01
2467,4056,14,2025-07-01,718.0,1845.39,534.84,In Warranty,2025-07-06,Service Center 2,2025-07-04
2468,4048,18,2025-07-01,9759.69,1294.75,496.78,In Warranty,2025-07-09,Service Center 7,2025-07-07
2469,4081,28,2025-07-01,361.11,3282.05,74.78,In Warranty,2025-07-04,Service Center 3,2025-07-01
2470,4076,5,2025-07-02,3512.21,1456.81,488.02,Out of Warranty,2025-07-10,Service Center 1,2025-07-08
2471,4064,11,2025-07-02,2188.42,2204.42,173.36,In Warranty,2025-07-07,Service Center 4,2025-07-05
2472,4077,15,2025-07-02,14885.44,1725.97,310.57,Out of Warranty,2025-07-07,Service Center 4,2025-07-05
2473,4070,28,2025-07-03,343.15,3175.89,183.25,In Warranty,2025-07-07,Service Center 2,2025-07-05
2474,4063,12,2025-07-03,4396.25,2563.71,1346.36,In Warranty,2025-07-11,Service Center 5,2025-07-07
2475,4088,16,2025-07-04,1821.45,1280.45,77.25,Out of Warranty,2025-07-08,Service Center 1,2025-07-04
2476,4075,25,2025-07-05,5610.32,6491.58,250.15,In Warranty,2025-07-06,Service Center 2,2025-07-05
2477,4085,6,2025-07-06,2524.88,1264.67,1327.66,Out of Warranty,2025-07-19,Service Center 3,2025-07-15
2478,4095,14,2025-07-06,706.96,2035.89,714.59,In Warranty,2025-07-20,Service Center 4,2025-07-17
2479,4082,8,2025-07-06,1782.07,851.8,1425.22,In Warranty,2025-07-23,Service Center 6,2025-07-18
2480,4071,7,2025-07-06,961.58,1191.16,37.07,Out of Warranty,2025-07-08,Service Center 1,2025-07-06
2481,4082,9,2025-07-06,1645.15,575.73,1745.4,In Warranty,2025-07-23,Service Center 6,2025-07-18
2482,4093,3,2025-07-07,19919.91,2976.67,474.02,In Warranty,2025-07-13,Service Center 4,2025-07-07
2483,4092,23,2025-07-07,2290.33,2118.39,1416.72,Out of Warranty,2025-08-05,Service Center 5,2025-07-27
2484,4103,8,2025-07-07,1734.95,1315.95,884.87,In Warranty,2025-07-22,Service Center 4,2025-07-17
2485,4102,29,2025-07-07,5200.1,2068.17,426.76,Out of Warranty,2025-07-08,Service Center 1,2025-07-07
2486,4097,18,2025-07-08,9815.09,1201.31,581.26,Out of Warranty,2025-07-24,Service Center 5,2025-07-18
2487,4107,13,2025-07-08,466.64,2427.48,1233.13,Out of Warranty,2025-08-04,Service Center 1,2025-07-29
2488,4100,24,2025-07-09,1172.21,1522.11,128.32,Out of Warranty,2025-07-14,Service Center 2,2025-07-11
2489,4099,28,2025-07-09,379.74,2116.07,260.0,In Warranty,2025-07-18,Service Center 2,2025-07-10
2490,4106,8,2025-07-09,1775.59,926.03,906.61,In Warranty,2025-07-18,Service Center 1,2025-07-16
2491,4108,26,2025-07-09,1841.3,4089.32,1698.51,In Warranty,2025-07-19,Service Center 6,2025-07-17
2492,4119,7,2025-07-11,902.06,1338.26,121.29,In Warranty,2025-07-15,Service Center 2,2025-07-13
2493,4117,30,2025-07-11,912.98,1202.33,487.64,In Warranty,2025-07-18,Service Center 6,2025-07-16
2494,4121,11,2025-07-11,2187.74,2029.11,191.83,Out of Warranty,2025-07-15,Service Center 6,2025-07-14
2495,4124,14,2025-07-12,722.56,2350.81,596.25,In Warranty,2025-07-28,Service Center 2,2025-07-17
2496,4073,18,2025-07-12,9255.18,1863.24,651.35,In Warranty,2025-08-09,Service Center 5,2025-08-05
2497,4116,21,2025-07-13,4276.94,2084.26,1650.04,Out of Warranty,2025-08-08,Service Center 3,2025-08-06
2498,4111,11,2025-07-14,2269.3,1693.87,192.59,In Warranty,2025-07-17,Service Center 8,2025-07-16
2499,4110,12,2025-07-14,4272.01,1471.88,1069.91,In Warranty,2025-07-26,Service Center 3,2025-07-18
2500,4137,7,2025-07-15,904.63,1090.71,163.35,Out of Warranty,2025-07-29,Service Center 1,2025-07-16
2501,4138,13,2025-07-15,471.54,2402.27,1600.65,Out of Warranty,2025-07-26,Service Center 4,2025-07-22
2502,4134,12,2025-07-15,4539.28,1638.3,271.59,In Warranty,2025-07-18,Service Center 6,2025-07-15
2503,4137,8,2025-07-15,1831.81,310.83,966.54,Out of Warranty,2025-07-29,Service Center 1,2025-07-16
2504,4135,23,2025-07-17,2197.16,1230.67,1283.26,In Warranty,2025-07-25,Service Center 1,2025-07-22
2505,4112,22,2025-07-17,2533.96,1810.56,476.27,Out of Warranty,2025-07-19,Service Center 4,2025-07-17
2506,4142,7,2025-07-18,922.84,1164.08,46.34,In Warranty,2025-07-21,Service Center 3,2025-07-18
2507,4144,1,2025-07-18,1213.4,4395.15,2786.12,Out of Warranty,2025-07-25,Service Center 4,2025-07-23
2508,4126,10,2025-07-18,3368.56,1054.91,499.48,In Warranty,2025-07-22,Service Center 8,2025-07-20
2509,4143,18,2025-07-18,9305.15,1713.54,554.92,Out of Warranty,2025-07-27,Service Center 1,2025-07-24
2510,4149,27,2025-07-18,8997.38,3294.79,566.38,In Warranty,2025-07-21,Service Center 4,2025-07-18
2511,4136,1,2025-07-18,1151.71,3027.05,2545.24,In Warranty,2025-08-09,Service Center 2,2025-08-04
2512,4146,12,2025-07-18,4134.87,2643.51,379.03,Out of Warranty,2025-07-23,Service Center 2,2025-07-18
2513,4140,18,2025-07-18,9349.45,1293.27,570.74,In Warranty,2025-08-13,Service Center 1,2025-08-10
2514,4142,8,2025-07-18,1927.64,525.88,377.95,In Warranty,2025-07-21,Service Center 3,2025-07-18
2515,4131,11,2025-07-19,2223.2,2222.41,141.63,In Warranty,2025-07-24,Service Center 4,2025-07-20
2516,4139,27,2025-07-19,8477.09,2749.54,1688.5,In Warranty,2025-07-27,Service Center 2,2025-07-26
2517,4145,15,2025-07-19,13902.09,1804.98,243.48,In Warranty,2025-07-26,Service Center 3,2025-07-22
2518,4141,22,2025-07-19,2673.17,2092.45,1369.61,Out of Warranty,2025-07-26,Service Center 4,2025-07-24
2519,4153,2,2025-07-19,703.91,4047.83,1762.87,In Warranty,2025-08-11,Service Center 3,2025-08-07
2520,4129,27,2025-07-19,8952.2,3003.94,1775.15,In Warranty,2025-07-24,Service Center 1,2025-07-23
2521,4153,4,2025-07-19,2711.1,1995.26,277.96,In Warranty,2025-08-11,Service Center 3,2025-08-07
2522,4148,11,2025-07-20,2313.01,1747.97,124.1,In Warranty,2025-07-24,Service Center 1,2025-07-22
2523,4165,7,2025-07-21,901.98,774.46,145.59,In Warranty,2025-07-28,Service Center 2,2025-07-23
2524,4151,6,2025-07-21,2388.52,1793.46,1260.86,In Warranty,2025-08-03,Service Center 8,2025-07-31
2525,4167,14,2025-07-22,667.08,1861.33,513.73,In Warranty,2025-08-01,Service Center 4,2025-07-28
2526,4133,4,2025-07-23,3070.32,3509.87,238.4,In Warranty,2025-07-29,Service Center 5,2025-07-25
2527,4159,13,2025-07-23,479.11,1616.53,1876.3,Out of Warranty,,Service Center 1,2025-08-07
2528,4173,18,2025-07-23,9454.11,1027.37,212.47,Out of Warranty,2025-07-28,Service Center 2,2025-07-23
2529,4164,12,2025-07-23,4557.66,2240.12,393.62,Out of Warranty,2025-07-25,Service Center 2,2025-07-23
2530,4158,16,2025-07-23,1843.74,1036.02,68.48,In Warranty,2025-07-27,Service Center 4,2025-07-23
2531,4174,8,2025-07-23,1948.6,786.2,1334.82,Out of Warranty,2025-08-03,Service Center 1,2025-07-31
2532,4159,14,2025-07-23,674.23,659.45,745.78,Out of Warranty,,Service Center 1,2025-08-07
2533,4174,10,2025-07-23,3833.47,388.83,772.82,Out of Warranty,2025-08-03,Service Center 1,2025-07-31
2534,4172,18,2025-07-24,9383.5,1869.92,567.45,In Warranty,2025-08-03,Service Center 6,2025-08-01
2535,4171,13,2025-07-24,482.47,2190.13,1374.49,In Warranty,,Service Center 4,2025-07-31
2536,4171,12,2025-07-24,4312.04,780.16,1089.24,In Warranty,,Service Center 4,2025-07-31
2537,4160,20,2025-07-25,5203.85,1640.21,1306.26,Out of Warranty,2025-07-31,Service Center 2,2025-07-28
2538,4184,12,2025-07-25,4400.48,1706.96,323.71,In Warranty,2025-07-27,Service Center 1,2025-07-25
2539,4169,26,2025-07-25,1724.75,5753.92,2300.89,Out of Warranty,2025-08-10,Service Center 5,2025-07-29
2540,4163,11,2025-07-25,2133.79,2543.36,191.08,In Warranty,2025-07-31,Service Center 5,2025-07-26
2541,4175,9,2025-07-25,1547.78,1161.98,545.58,In Warranty,2025-07-26,Service Center 1,2025-07-25
2542,4178,26,2025-07-26,1764.13,4584.31,2493.7,In Warranty,2025-08-17,Service Center 8,2025-08-14
2543,4180,11,2025-07-26,2345.09,2236.54,184.18,In Warranty,2025-07-30,Service Center 8,2025-07-27
2544,4182,18,2025-07-26,9122.16,1935.22,498.88,In Warranty,2025-08-13,Service Center 5,2025-08-04
2545,4180,14,2025-07-26,672.07,1123.59,669.21,In Warranty,2025-07-30,Service Center 8,2025-07-27
2546,4185,17,2025-07-27,7011.45,1738.79,288.97,In Warranty,2025-08-06,Service Center 2,2025-07-31
2547,4176,21,2025-07-27,4144.3,2324.66,337.07,In Warranty,2025-07-30,Service Center 1,2025-07-27
2548,4162,11,2025-07-28,2340.51,1806.84,128.08,In Warranty,2025-08-02,Service Center 2,2025-07-30
2549,4191,4,2025-07-28,2944.1,4028.0,87.35,In Warranty,2025-07-31,Service Center 8,2025-07-28
2550,4195,13,2025-07-28,475.31,1822.41,1813.19,Out of Warranty,2025-08-13,Service Center 3,2025-08-06
2551,4205,16,2025-07-29,1857.74,1608.77,79.47,In Warranty,2025-08-01,Service Center 8,2025-07-29
2552,4189,9,2025-07-29,1626.56,1298.15,1266.22,Out of Warranty,2025-08-21,Service Center 2,2025-08-18
2553,4198,6,2025-07-29,2500.74,1328.82,1287.92,Out of Warranty,2025-08-07,Service Center 6,2025-08-01
2554,4179,29,2025-07-29,4775.23,2502.22,1251.88,In Warranty,2025-08-08,Service Center 3,2025-08-04
2555,4201,9,2025-07-29,1568.36,887.08,1513.55,In Warranty,2025-08-07,Service Center 1,2025-08-05
2556,4193,24,2025-07-30,1062.95,1595.64,132.23,Out of Warranty,2025-08-06,Service Center 1,2025-07-31
2557,4214,14,2025-07-30,739.58,1576.75,774.54,Out of Warranty,2025-08-01,Service Center 3,2025-07-30
2558,4213,29,2025-07-30,4618.2,2038.13,1246.58,In Warranty,2025-08-03,Service Center 2,2025-08-02
2559,4197,9,2025-07-31,1475.59,1311.09,443.78,In Warranty,2025-08-02,Service Center 1,2025-07-31
2560,4207,30,2025-08-01,819.65,1023.32,207.76,In Warranty,2025-08-11,Service Center 5,2025-08-01
2561,4216,9,2025-08-02,1442.54,1234.85,1763.42,In Warranty,,Service Center 6,2025-08-21
2562,4215,11,2025-08-02,2218.91,2473.1,42.29,Out of Warranty,2025-08-05,Service Center 2,2025-08-02
2563,4218,22,2025-08-02,2512.66,1410.04,1048.39,In Warranty,,Service Center 2,2025-08-14
2564,4216,10,2025-08-02,3360.39,347.08,526.37,In Warranty,,Service Center 6,2025-08-21
2565,4223,21,2025-08-03,3955.49,2026.68,1219.41,In Warranty,2025-08-13,Service Center 2,2025-08-08
2566,4226,5,2025-08-03,3447.16,2399.31,494.08,In Warranty,2025-08-13,Service Center 2,2025-08-10
2567,4202,22,2025-08-04,2801.46,1812.6,1112.19,Out of Warranty,2025-08-12,Service Center 5,2025-08-06
2568,4225,11,2025-08-04,2415.55,1771.73,53.73,Out of Warranty,2025-08-10,Service Center 1,2025-08-04
2569,4225,13,2025-08-04,433.39,881.87,453.75,Out of Warranty,2025-08-10,Service Center 1,2025-08-04
2570,4234,22,2025-08-05,2636.37,1495.25,317.38,In Warranty,2025-08-08,Service Center 3,2025-08-05
2571,4233,17,2025-08-05,7166.72,1774.35,331.69,In Warranty,2025-08-17,Service Center 2,2025-08-16
2572,4224,18,2025-08-05,9708.29,1272.55,136.81,Out of Warranty,2025-08-07,Service Center 1,2025-08-05
2573,4229,11,2025-08-05,2361.21,2528.26,163.99,Out of Warranty,2025-08-13,Service Center 4,2025-08-07
2574,4230,11,2025-08-06,2358.58,2548.4,125.37,In Warranty,2025-08-16,Service Center 6,2025-08-09
2575,4239,18,2025-08-06,9945.96,1246.33,604.98,In Warranty,2025-08-12,Service Center 1,2025-08-07
2576,4217,11,2025-08-06,2403.63,2563.9,189.73,Out of Warranty,2025-08-10,Service Center 8,2025-08-08
2577,4244,26,2025-08-06,1705.12,5406.01,1944.81,Out of Warranty,2025-08-24,Service Center 4,2025-08-19
2578,4220,27,2025-08-07,8342.19,2005.79,482.07,Out of Warranty,2025-08-10,Service Center 1,2025-08-07
2579,4227,3,2025-08-07,20133.39,3318.94,2136.08,In Warranty,2025-08-20,Service Center 1,2025-08-16
2580,4203,14,2025-08-07,752.66,2858.66,193.53,In Warranty,2025-08-12,Service Center 5,2025-08-07
2581,4246,9,2025-08-08,1542.25,804.86,1176.07,Out of Warranty,2025-08-28,Service Center 6,2025-08-22
2582,4245,12,2025-08-08,4582.84,2413.71,1351.46,In Warranty,2025-08-18,Service Center 4,2025-08-15
2583,4237,11,2025-08-09,2303.77,1577.54,58.4,In Warranty,2025-08-11,Service Center 5,2025-08-09
2584,4254,7,2025-08-10,976.88,1292.35,143.61,Out of Warranty,2025-08-12,Service Center 6,2025-08-11
2585,4260,7,2025-08-11,875.77,1049.58,53.88,Out of Warranty,2025-08-14,Service Center 3,2025-08-11
2586,4255,23,2025-08-12,2004.74,1550.13,399.84,Out of Warranty,2025-08-14,Service Center 7,2025-08-12
2587,4253,9,2025-08-12,1543.92,806.05,1689.96,In Warranty,2025-09-06,Service Center 1,2025-09-03
2588,4240,10,2025-08-12,3498.51,1190.66,172.0,In Warranty,2025-08-14,Service Center 1,2025-08-12
2589,4177,8,2025-08-13,1769.76,899.83,1055.22,Out of Warranty,2025-09-02,Service Center 5,2025-08-26
2590,4250,23,2025-08-13,2080.31,1267.03,907.02,Out of Warranty,2025-08-25,Service Center 5,2025-08-20
2591,4243,14,2025-08-13,725.92,2740.25,532.97,In Warranty,2025-08-22,Service Center 5,2025-08-15
2592,4243,13,2025-08-13,492.44,1159.03,1322.2,In Warranty,2025-08-22,Service Center 5,2025-08-15
2593,4250,22,2025-08-13,2612.68,511.19,1102.86,Out of Warranty,2025-08-25,Service Center 5,2025-08-20
2594,4251,7,2025-08-14,911.24,1307.34,173.32,Out of Warranty,2025-08-21,Service Center 5,2025-08-16
2595,4259,1,2025-08-14,1289.84,4056.88,573.47,In Warranty,2025-08-15,Service Center 1,2025-08-14
2596,4251,8,2025-08-14,1809.14,539.11,884.08,Out of Warranty,2025-08-21,Service Center 5,2025-08-16
2597,4279,13,2025-08-15,449.16,1737.86,1324.44,Out of Warranty,2025-08-27,Service Center 8,2025-08-21
2598,4278,27,2025-08-15,8619.88,2376.1,1882.61,Out of Warranty,2025-08-26,Service Center 1,2025-08-24
2599,4269,4,2025-08-15,2968.87,4592.73,59.76,In Warranty,2025-08-17,Service Center 4,2025-08-15
2600,4271,4,2025-08-15,2666.93,3109.58,207.67,Out of Warranty,2025-08-18,Service Center 1,2025-08-16
2601,4265,22,2025-08-15,2503.4,1410.84,393.32,In Warranty,2025-08-16,Service Center 7,2025-08-15
2602,4261,7,2025-08-15,983.19,960.94,128.64,In Warranty,2025-08-17,Service Center 6,2025-08-16
2603,4256,21,2025-08-16,3718.95,1594.33,1475.25,In Warranty,2025-09-01,Service Center 5,2025-08-27
2604,4270,27,2025-08-16,9265.67,1826.15,2093.51,In Warranty,2025-09-05,Service Center 1,2025-09-03
2605,4291,14,2025-08-17,736.93,1974.56,548.86,Out of Warranty,2025-08-26,Service Center 1,2025-08-20
2606,4288,7,2025-08-17,925.1,1360.29,158.06,In Warranty,2025-08-22,Service Center 1,2025-08-18
2607,4277,11,2025-08-17,2107.05,2100.0,167.98,Out of Warranty,2025-08-22,Service Center 3,2025-08-18
2608,4267,9,2025-08-17,1594.12,1000.29,1336.69,In Warranty,2025-08-30,Service Center 1,2025-08-28
2609,4291,12,2025-08-17,4030.91,805.09,1012.61,Out of Warranty,2025-08-26,Service Center 1,2025-08-20
2610,4273,8,2025-08-18,1833.74,1221.61,1263.68,Out of Warranty,2025-09-02,Service Center 1,2025-08-29
2611,4298,23,2025-08-19,2102.47,1757.59,1342.14,In Warranty,2025-09-01,Service Center 6,2025-08-29
2612,4282,27,2025-08-19,8700.47,3345.1,2163.04,Out of Warranty,2025-09-08,Service Center 5,2025-08-31
2613,4294,25,2025-08-20,5272.1,4529.47,723.82,In Warranty,2025-08-29,Service Center 7,2025-08-25
2614,4290,3,2025-08-20,19319.76,4808.7,2330.41,In Warranty,2025-08-29,Service Center 3,2025-08-27
2615,4281,22,2025-08-20,2649.68,1252.96,1539.76,In Warranty,2025-09-09,Service Center 1,2025-09-05
2616,4302,26,2025-08-20,1768.87,4890.12,2381.52,In Warranty,2025-08-30,Service Center 3,2025-08-26
2617,4274,1,2025-08-21,1306.83,3229.92,861.92,In Warranty,2025-08-24,Service Center 1,2025-08-21
2618,4287,4,2025-08-21,2887.49,4825.42,260.85,In Warranty,2025-08-24,Service Center 4,2025-08-23
2619,4297,10,2025-08-22,3478.85,1185.26,715.84,In Warranty,2025-08-30,Service Center 5,2025-08-27
2620,4305,2,2025-08-23,696.53,3802.83,1712.48,In Warranty,2025-09-01,Service Center 5,2025-08-28
2621,4293,25,2025-08-23,5560.23,6489.77,1129.81,In Warranty,2025-09-09,Service Center 5,2025-09-08
2622,4315,6,2025-08-23,2295.77,2198.34,1193.42,In Warranty,2025-09-15,Service Center 2,2025-09-08
2623,4301,12,2025-08-23,4553.08,1674.26,1063.18,In Warranty,2025-09-05,Service Center 1,2025-09-02
2624,4283,30,2025-08-23,860.55,1088.23,199.97,Out of Warranty,2025-09-01,Service Center 5,2025-08-23
2625,4266,11,2025-08-23,2386.48,1704.49,171.56,In Warranty,2025-08-30,Service Center 4,2025-08-25
2626,4315,5,2025-08-23,3486.75,712.08,726.09,In Warranty,2025-09-15,Service Center 2,2025-09-08
2627,4314,7,2025-08-25,927.32,824.93,174.26,In Warranty,2025-08-29,Service Center 5,2025-08-27
2628,4313,13,2025-08-25,433.64,1935.79,575.69,In Warranty,2025-08-29,Service Center 3,2025-08-25
2629,4307,27,2025-08-26,8443.7,2683.18,2349.2,In Warranty,2025-09-05,Service Center 2,2025-09-03
2630,4308,24,2025-08-26,1142.81,2225.58,170.16,Out of Warranty,2025-08-30,Service Center 5,2025-08-26
2631,4317,9,2025-08-26,1457.43,857.57,1736.99,In Warranty,2025-09-05,Service Center 7,2025-09-01
2632,4317,8,2025-08-26,1852.82,430.87,982.4,In Warranty,2025-09-05,Service Center 7,2025-09-01
2633,4331,22,2025-08-27,2721.0,2288.45,1689.59,In Warranty,2025-09-03,Service Center 3,2025-08-30
2634,4326,27,2025-08-28,9032.79,3016.49,1798.8,Out of Warranty,2025-09-28,Service Center 3,2025-09-21
2635,4321,7,2025-08-28,872.01,1177.36,172.97,Out of Warranty,2025-09-03,Service Center 8,2025-08-29
2636,4333,26,2025-08-28,1635.89,7326.93,2405.85,In Warranty,2025-09-05,Service Center 1,2025-09-02
2637,4319,26,2025-08-29,1696.89,4388.32,2303.4,In Warranty,2025-09-08,Service Center 4,2025-09-07
2638,4341,14,2025-08-29,743.62,2422.26,583.79,In Warranty,2025-09-20,Service Center 5,2025-09-01
2639,4340,13,2025-08-29,474.07,1912.33,1709.26,In Warranty,,Service Center 2,2025-09-07
2640,4340,11,2025-08-29,2306.39,1073.8,182.28,In Warranty,,Service Center 2,2025-09-07
2641,4324,7,2025-08-30,886.55,1369.79,36.92,In Warranty,2025-09-08,Service Center 5,2025-08-30
2642,4324,9,2025-08-30,1523.87,359.95,473.09,In Warranty,2025-09-08,Service Center 5,2025-08-30
2643,4316,14,2025-08-31,751.2,1860.13,616.54,In Warranty,2025-09-12,Service Center 1,2025-09-03
2644,4325,15,2025-08-31,14829.51,981.72,92.92,In Warranty,2025-09-02,Service Center 6,2025-08-31
2645,4342,23,2025-08-31,2246.66,2315.03,327.54,In Warranty,2025-09-03,Service Center 4,2025-08-31
2646,4329,27,2025-09-01,9249.57,2846.39,574.55,Out of Warranty,2025-09-08,Service Center 5,2025-09-01
2647,4354,12,2025-09-01,4483.65,2296.28,1357.67,Out of Warranty,2025-09-13,Service Center 5,2025-09-12
2648,4353,20,2025-09-01,5532.03,1351.83,1170.54,In Warranty,2025-09-14,Service Center 2,2025-09-12
2649,4350,12,2025-09-01,4135.56,2417.39,1023.04,Out of Warranty,2025-09-13,Service Center 4,2025-09-11
2650,4348,3,2025-09-01,17925.53,4329.1,516.85,In Warranty,2025-09-13,Service Center 5,2025-09-01
2651,4352,11,2025-09-01,2095.2,1581.9,125.43,In Warranty,2025-09-11,Service Center 1,2025-09-02
2652,4359,14,2025-09-01,678.82,2604.91,553.85,In Warranty,2025-09-08,Service Center 1,2025-09-05
2653,4359,12,2025-09-01,4478.38,653.7,1113.46,In Warranty,2025-09-08,Service Center 1,2025-09-05
2654,4347,9,2025-09-02,1583.65,1019.56,479.7,Out of Warranty,2025-09-03,Service Center 2,2025-09-02
2655,4338,25,2025-09-02,5645.24,7808.49,260.15,Out of Warranty,2025-09-05,Service Center 7,2025-09-02
2656,4358,12,2025-09-02,4558.12,2208.07,941.36,In Warranty,2025-09-11,Service Center 2,2025-09-05
2657,4362,21,2025-09-02,4224.74,1651.52,1809.52,Out of Warranty,2025-09-15,Service Center 3,2025-09-12
2658,4360,7,2025-09-02,979.94,746.64,131.45,In Warranty,2025-09-06,Service Center 2,2025-09-05
2659,4358,14,2025-09-02,669.94,680.88,669.2,In Warranty,2025-09-11,Service Center 2,2025-09-05
2660,4346,28,2025-09-04,351.75,1911.16,187.76,Out of Warranty,2025-09-07,Service Center 1,2025-09-06
2661,4368,11,2025-09-04,2401.71,2640.37,193.51,Out of Warranty,2025-09-16,Service Center 5,2025-09-05
2662,4363,20,2025-09-04,5182.96,2195.74,1689.78,In Warranty,2025-09-10,Service Center 2,2025-09-08
2663,4364,13,2025-09-05,430.86,1643.08,1934.03,In Warranty,2025-09-12,Service Center 3,2025-09-08
2664,4373,27,2025-09-05,8389.03,2030.98,1711.53,In Warranty,2025-09-13,Service Center 2,2025-09-12
2665,4372,27,2025-09-07,8106.46,3262.18,732.69,Out of Warranty,2025-09-10,Service Center 3,2025-09-07
2666,4376,11,2025-09-07,2301.19,2802.63,50.43,Out of Warranty,2025-09-08,Service Center 1,2025-09-07
2667,4356,14,2025-09-07,706.21,2921.69,762.14,In Warranty,2025-09-19,Service Center 5,2025-09-12
2668,4365,8,2025-09-08,1967.79,1208.1,361.35,Out of Warranty,2025-09-10,Service Center 6,2025-09-08
2669,4382,26,2025-09-08,1674.7,4805.34,1617.39,In Warranty,2025-09-21,Service Center 6,2025-09-13
2670,4379,20,2025-09-08,5517.89,1271.92,1170.17,Out of Warranty,2025-09-16,Service Center 1,2025-09-12
2671,4388,24,2025-09-09,1117.24,2215.3,133.35,Out of Warranty,2025-09-15,Service Center 2,2025-09-10
2672,4389,15,2025-09-10,15001.99,1488.38,215.76,In Warranty,2025-09-21,Service Center 4,2025-09-14
2673,4390,7,2025-09-10,970.99,1294.58,130.91,Out of Warranty,2025-09-22,Service Center 6,2025-09-16
2674,4361,4,2025-09-10,2848.26,5416.17,198.38,In Warranty,2025-09-18,Service Center 2,2025-09-12
2675,4393,27,2025-09-10,8924.68,2742.92,759.1,Out of Warranty,2025-09-12,Service Center 3,2025-09-10
2676,4392,18,2025-09-11,9458.38,1793.41,721.67,In Warranty,2025-09-25,Service Center 2,2025-09-24
2677,4385,27,2025-09-12,8513.0,1719.16,2101.82,In Warranty,2025-09-20,Service Center 6,2025-09-18
2678,4378,22,2025-09-13,2671.98,2361.18,1657.2,In Warranty,,Service Center 2,2025-09-23
2679,4397,15,2025-09-13,14223.85,1151.7,308.57,In Warranty,2025-09-27,Service Center 7,2025-09-22
2680,4402,10,2025-09-13,3701.48,1458.89,551.67,In Warranty,2025-09-19,Service Center 6,2025-09-13
2681,4374,7,2025-09-13,980.03,755.78,153.18,In Warranty,2025-09-19,Service Center 1,2025-09-15
2682,4381,27,2025-09-14,8808.88,3065.35,2001.17,Out of Warranty,2025-09-20,Service Center 2,2025-09-17
2683,4401,11,2025-09-14,2337.3,2628.51,49.73,In Warranty,2025-09-17,Service Center 4,2025-09-14
2684,4416,7,2025-09-15,915.96,735.03,54.95,In Warranty,2025-09-19,Service Center 5,2025-09-15
2685,4380,22,2025-09-15,2625.94,1591.18,1107.13,Out of Warranty,2025-10-01,Service Center 7,2025-09-30
2686,4380,24,2025-09-15,1142.54,554.5,141.69,Out of Warranty,2025-10-01,Service Center 7,2025-09-30
2687,4420,8,2025-09-16,1859.09,1234.78,393.39,In Warranty,2025-09-18,Service Center 2,2025-09-16
2688,4414,7,2025-09-16,981.0,1360.1,181.47,In Warranty,2025-09-22,Service Center 2,2025-09-20
2689,4421,11,2025-09-17,2262.57,1867.48,47.79,In Warranty,2025-09-19,Service Center 2,2025-09-17
2690,4418,1,2025-09-17,1181.22,5180.68,839.87,In Warranty,2025-09-22,Service Center 3,2025-09-17
2691,4409,17,2025-09-17,7351.22,1199.7,214.1,Out of Warranty,2025-09-24,Service Center 2,2025-09-23
2692,4415,27,2025-09-18,8877.96,3190.51,553.49,Out of Warranty,2025-09-24,Service Center 2,2025-09-18
2693,4425,28,2025-09-18,339.95,3219.06,72.44,Out of Warranty,2025-09-21,Service Center 1,2025-09-18
2694,4422,23,2025-09-19,2287.47,1463.6,1117.35,Out of Warranty,2025-10-08,Service Center 6,2025-10-07
2695,4424,4,2025-09-19,3077.37,3250.38,59.35,In Warranty,2025-09-24,Service Center 4,2025-09-19
2696,4419,8,2025-09-19,1835.13,1079.4,899.71,In Warranty,2025-09-28,Service Center 4,2025-09-26
2697,4434,6,2025-09-19,2568.46,2354.2,1459.08,In Warranty,2025-09-25,Service Center 1,2025-09-23
2698,4428,16,2025-09-19,2011.02,1522.69,303.19,In Warranty,2025-09-29,Service Center 2,2025-09-23
2699,4423,27,2025-09-20,8978.84,2199.85,2078.39,Out of Warranty,2025-09-30,Service Center 4,2025-09-28
2700,4435,12,2025-09-21,4103.25,2642.94,1151.54,In Warranty,2025-10-04,Service Center 2,2025-09-28
2701,4436,7,2025-09-21,877.2,1259.28,167.97,In Warranty,2025-09-25,Service Center 6,2025-09-22
2702,4430,8,2025-09-22,1948.01,1182.93,427.65,In Warranty,2025-09-23,Service Center 7,2025-09-22
2703,4433,16,2025-09-22,2082.41,1623.63,94.35,In Warranty,2025-09-26,Service Center 1,2025-09-22
2704,4451,15,2025-09-23,14160.69,1693.89,337.82,Out of Warranty,2025-09-30,Service Center 1,2025-09-28
2705,4452,1,2025-09-23,1221.64,3846.09,2267.73,In Warranty,2025-10-05,Service Center 1,2025-09-30
2706,4437,7,2025-09-23,858.69,1282.96,165.51,Out of Warranty,2025-10-02,Service Center 2,2025-09-28
2707,4459,8,2025-09-23,1976.16,1069.9,977.43,In Warranty,2025-10-09,Service Center 2,2025-10-05
2708,4443,22,2025-09-23,2690.36,1506.13,472.77,In Warranty,2025-09-24,Service Center 8,2025-09-23
2709,4437,10,2025-09-23,3460.34,501.17,767.53,Out of Warranty,2025-10-02,Service Center 2,2025-09-28
2710,4450,7,2025-09-24,947.51,989.85,122.89,In Warranty,2025-09-29,Service Center 3,2025-09-25
2711,4462,13,2025-09-24,449.86,2566.55,1574.67,Out of Warranty,2025-10-05,Service Center 1,2025-10-04
2712,4458,1,2025-09-24,1227.78,3496.27,744.3,Out of Warranty,2025-10-01,Service Center 1,2025-09-24
2713,4450,8,2025-09-24,1912.31,450.57,900.36,In Warranty,2025-09-29,Service Center 3,2025-09-25
2714,4460,30,2025-09-25,856.41,907.69,604.18,Out of Warranty,2025-10-03,Service Center 2,2025-10-01
2715,4463,24,2025-09-25,1091.03,1996.01,190.56,Out of Warranty,2025-09-29,Service Center 3,2025-09-26
2716,4470,28,2025-09-26,353.2,3210.6,201.5,In Warranty,2025-10-02,Service Center 2,2025-09-27
2717,4469,22,2025-09-26,2547.78,1441.68,1574.98,Out of Warranty,2025-10-11,Service Center 4,2025-10-08
2718,4456,18,2025-09-26,9764.0,1212.07,679.13,Out of Warranty,2025-10-09,Service Center 1,2025-10-07
2719,4468,7,2025-09-27,887.04,1106.89,163.68,In Warranty,,Service Center 8,2025-09-30
2720,4440,6,2025-09-27,2346.52,1651.23,1078.4,Out of Warranty,2025-10-06,Service Center 2,2025-10-03
2721,4473,27,2025-09-27,8690.43,2198.74,1807.96,In Warranty,2025-10-13,Service Center 5,2025-10-10
2722,4441,8,2025-09-27,1886.29,1018.45,327.13,In Warranty,2025-09-30,Service Center 3,2025-09-27
2723,4444,18,2025-09-27,9935.08,1412.0,144.91,Out of Warranty,2025-10-04,Service Center 1,2025-09-27
2724,4468,8,2025-09-27,1917.84,341.98,1158.18,In Warranty,,Service Center 8,2025-09-30
2725,4483,29,2025-09-28,5251.46,1869.78,1084.93,In Warranty,2025-10-04,Service Center 3,2025-10-01
2726,4487,19,2025-09-29,23579.14,2156.35,1352.49,In Warranty,2025-10-08,Service Center 3,2025-10-02
2727,4471,18,2025-09-29,9140.13,1329.84,644.78,In Warranty,2025-10-16,Service Center 4,2025-10-12
2728,4480,23,2025-09-29,2163.77,1852.46,948.84,Out of Warranty,2025-10-08,Service Center 6,2025-10-05
2729,4476,16,2025-09-29,1903.66,1804.42,256.2,In Warranty,2025-10-05,Service Center 5,2025-09-30
2730,4479,6,2025-09-29,2417.97,1953.46,1470.99,Out of Warranty,2025-10-09,Service Center 3,2025-10-08
2731,4486,12,2025-09-29,4559.69,2022.86,284.45,In Warranty,2025-10-02,Service Center 2,2025-09-29
2732,4446,11,2025-09-30,2182.05,1472.92,150.76,Out of Warranty,2025-10-07,Service Center 5,2025-09-30
2733,4493,9,2025-09-30,1440.89,752.27,1453.16,In Warranty,2025-10-26,Service Center 4,2025-10-23
2734,4490,4,2025-09-30,2986.49,4582.8,274.91,In Warranty,2025-10-03,Service Center 4,2025-10-02
2735,4495,12,2025-09-30,4104.65,2384.29,953.77,Out of Warranty,2025-10-08,Service Center 8,2025-10-06
2736,4482,10,2025-10-01,3328.54,1137.09,218.41,Out of Warranty,2025-10-08,Service Center 7,2025-10-01
2737,4489,19,2025-10-01,23497.41,2066.21,1054.97,In Warranty,2025-10-21,Service Center 4,2025-10-15
2738,4497,12,2025-10-01,4012.35,2911.32,1093.65,Out of Warranty,,Service Center 2,2025-10-05
2739,4500,12,2025-10-03,4359.53,2640.16,405.34,Out of Warranty,2025-10-07,Service Center 2,2025-10-03
2740,4496,22,2025-10-03,2696.01,1871.91,1248.85,In Warranty,2025-10-18,Service Center 1,2025-10-15
2741,4515,11,2025-10-04,2094.94,1548.61,56.77,Out of Warranty,2025-10-11,Service Center 7,2025-10-04
2742,4512,18,2025-10-04,9111.67,1722.09,157.56,In Warranty,2025-10-07,Service Center 3,2025-10-04
2743,4509,5,2025-10-04,3146.12,2099.34,696.24,In Warranty,2025-10-13,Service Center 3,2025-10-09
2744,4505,1,2025-10-04,1235.97,3330.48,732.52,In Warranty,2025-10-05,Service Center 1,2025-10-04
2745,4514,4,2025-10-05,2793.25,3932.58,241.83,Out of Warranty,2025-10-11,Service Center 1,2025-10-06
2746,4502,7,2025-10-05,858.36,881.45,57.32,In Warranty,2025-10-09,Service Center 4,2025-10-05
2747,4519,5,2025-10-05,3415.9,1638.21,593.08,In Warranty,2025-10-14,Service Center 7,2025-10-08
2748,4498,20,2025-10-05,5641.49,2363.29,1176.42,In Warranty,2025-10-13,Service Center 3,2025-10-11
2749,4499,26,2025-10-05,1751.55,4704.52,1999.01,In Warranty,2025-10-13,Service Center 1,2025-10-11
2750,4506,8,2025-10-05,1734.88,1427.26,1141.6,In Warranty,2025-10-21,Service Center 7,2025-10-18
2751,4498,21,2025-10-05,3827.0,780.29,1470.18,In Warranty,2025-10-13,Service Center 3,2025-10-11
2752,4516,8,2025-10-07,1854.91,1014.37,1283.57,Out of Warranty,2025-10-22,Service Center 4,2025-10-18
2753,4481,3,2025-10-08,19704.48,4179.54,2072.24,Out of Warranty,2025-10-19,Service Center 4,2025-10-13
2754,4510,15,2025-10-08,14917.05,981.15,288.01,In Warranty,,Service Center 2,2025-10-17
2755,4481,1,2025-10-08,1219.13,1279.81,2326.57,Out of Warranty,2025-10-19,Service Center 4,2025-10-13
2756,4524,11,2025-10-09,2143.22,2145.48,167.72,In Warranty,2025-10-17,Service Center 6,2025-10-12
2757,4530,18,2025-10-09,9229.29,1731.03,454.1,Out of Warranty,,Service Center 2,2025-10-22
2758,4525,14,2025-10-10,739.51,2369.78,691.23,Out of Warranty,2025-10-18,Service Center 5,2025-10-13
2759,4547,7,2025-10-11,967.74,1313.93,185.6,Out of Warranty,2025-10-14,Service Center 4,2025-10-12
2760,4491,4,2025-10-11,3071.94,5329.36,196.24,In Warranty,2025-10-19,Service Center 5,2025-10-14
2761,4529,27,2025-10-11,9024.22,2957.94,2396.51,In Warranty,2025-10-20,Service Center 2,2025-10-17
2762,4542,26,2025-10-11,1806.93,5930.33,493.12,In Warranty,2025-10-13,Service Center 4,2025-10-11
2763,4491,1,2025-10-11,1319.25,1729.88,2050.47,In Warranty,2025-10-19,Service Center 5,2025-10-14
2764,4533,30,2025-10-12,815.99,1001.87,459.16,In Warranty,2025-10-20,Service Center 5,2025-10-17
2765,4538,18,2025-10-12,10116.63,1617.32,210.47,Out of Warranty,2025-10-15,Service Center 3,2025-10-12
2766,4545,14,2025-10-12,708.26,2141.12,648.99,Out of Warranty,2025-10-20,Service Center 3,2025-10-19
2767,4544,16,2025-10-13,1816.07,1435.66,332.74,In Warranty,2025-10-22,Service Center 3,2025-10-18
2768,4551,5,2025-10-14,3372.55,1843.96,722.07,Out of Warranty,2025-11-02,Service Center 5,2025-10-26
2769,4541,27,2025-10-14,8967.03,3427.04,1929.22,In Warranty,2025-10-21,Service Center 1,2025-10-19
2770,4561,16,2025-10-14,2087.34,1112.03,99.76,Out of Warranty,2025-10-17,Service Center 5,2025-10-14
2771,4550,22,2025-10-15,2741.04,2064.77,443.15,Out of Warranty,2025-10-17,Service Center 2,2025-10-15
2772,4564,1,2025-10-16,1154.09,4453.66,2372.51,In Warranty,2025-10-30,Service Center 7,2025-10-26
2773,4571,8,2025-10-17,1924.17,1144.46,1266.22,In Warranty,2025-10-25,Service Center 1,2025-10-22
2774,4552,24,2025-10-17,1196.61,1842.3,145.0,Out of Warranty,2025-10-24,Service Center 5,2025-10-18
2775,4555,24,2025-10-17,1124.04,1965.8,139.84,Out of Warranty,,Service Center 7,2025-10-19
2776,4548,28,2025-10-17,352.61,2865.05,77.54,Out of Warranty,2025-10-20,Service Center 4,2025-10-17
2777,4573,16,2025-10-19,2039.98,1027.31,96.87,In Warranty,2025-10-22,Service Center 1,2025-10-19
2778,4572,3,2025-10-19,19044.27,4135.08,2384.25,Out of Warranty,2025-10-31,Service Center 5,2025-10-24
2779,4570,10,2025-10-19,3717.36,815.21,523.54,In Warranty,2025-10-26,Service Center 1,2025-10-25
2780,4568,15,2025-10-19,15379.19,1704.14,246.09,In Warranty,2025-10-23,Service Center 1,2025-10-22
2781,4573,15,2025-10-19,14590.88,413.62,86.49,In Warranty,2025-10-22,Service Center 1,2025-10-19
2782,4559,30,2025-10-20,929.67,1293.91,584.21,In Warranty,2025-10-26,Service Center 1,2025-10-23
2783,4581,18,2025-10-20,10123.45,1493.38,639.86,Out of Warranty,2025-10-31,Service Center 2,2025-10-29
2784,4578,7,2025-10-20,966.08,1088.83,143.13,Out of Warranty,2025-10-29,Service Center 1,2025-10-24
2785,4580,8,2025-10-20,1785.94,1458.37,911.9,Out of Warranty,2025-11-01,Service Center 5,2025-10-26
2786,4566,21,2025-10-20,3783.53,1830.5,1754.28,In Warranty,2025-11-13,Service Center 7,2025-11-09
2787,4588,30,2025-10-20,862.05,1377.43,191.76,Out of Warranty,2025-10-23,Service Center 4,2025-10-20
2788,4574,27,2025-10-20,9043.65,3177.19,2108.28,In Warranty,2025-11-12,Service Center 7,2025-11-08
2789,4583,13,2025-10-21,481.7,2905.46,1651.39,In Warranty,2025-11-11,Service Center 3,2025-11-02
2790,4584,15,2025-10-21,15134.39,1155.25,332.66,Out of Warranty,2025-10-27,Service Center 1,2025-10-23
2791,4546,15,2025-10-21,15629.21,1514.52,254.51,In Warranty,2025-10-26,Service Center 5,2025-10-23
2792,4583,12,2025-10-21,4610.13,953.82,1304.63,In Warranty,2025-11-11,Service Center 3,2025-11-02
2793,4586,25,2025-10-22,5241.47,7430.34,1111.49,Out of Warranty,2025-10-31,Service Center 6,2025-10-29
2794,4589,12,2025-10-22,4174.89,2771.09,1389.25,In Warranty,2025-11-04,Service Center 4,2025-10-31
2795,4579,23,2025-10-22,2248.4,1930.27,1219.65,Out of Warranty,2025-11-01,Service Center 3,2025-10-31
2796,4594,4,2025-10-22,2746.3,3526.5,230.16,In Warranty,2025-10-24,Service Center 3,2025-10-23
2797,4593,13,2025-10-22,483.29,2123.79,1776.2,In Warranty,2025-11-01,Service Center 2,2025-10-28
2798,4587,8,2025-10-24,1966.09,805.09,893.22,In Warranty,,Service Center 4,2025-11-20
2799,4590,28,2025-10-24,380.04,2002.37,210.83,Out of Warranty,2025-10-30,Service Center 6,2025-10-27
2800,4590,27,2025-10-24,8253.01,1252.1,2282.58,Out of Warranty,2025-10-30,Service Center 6,2025-10-27
2801,4606,30,2025-10-25,890.74,752.17,448.86,In Warranty,2025-11-09,Service Center 6,2025-11-03
2802,4592,24,2025-10-25,1183.76,1854.26,158.53,Out of Warranty,2025-10-29,Service Center 3,2025-10-27
2803,4600,30,2025-10-25,915.25,876.68,153.85,Out of Warranty,2025-10-28,Service Center 3,2025-10-25
2804,4599,13,2025-10-25,431.53,1779.1,1853.56,In Warranty,2025-11-03,Service Center 5,2025-11-02
2805,4595,27,2025-10-26,9112.67,2674.17,2372.13,In Warranty,2025-11-17,Service Center 5,2025-11-09
2806,4609,27,2025-10-27,8950.93,3012.18,654.28,In Warranty,,Service Center 6,2025-10-27
2807,4585,19,2025-10-27,23996.0,1677.41,1104.25,In Warranty,2025-11-03,Service Center 7,2025-11-02
2808,4585,20,2025-10-27,5340.76,746.69,1299.0,In Warranty,2025-11-03,Service Center 7,2025-11-02
2809,4612,11,2025-10-29,2166.75,2230.16,164.33,In Warranty,2025-11-05,Service Center 1,2025-10-31
2810,4618,11,2025-10-29,2254.42,2634.11,56.13,In Warranty,,Service Center 1,2025-10-29
2811,4614,21,2025-10-29,3851.85,1729.76,1760.0,In Warranty,,Service Center 1,2025-11-07
2812,4611,26,2025-10-29,1740.82,5569.72,2176.76,Out of Warranty,2025-11-12,Service Center 5,2025-11-10
2813,4610,22,2025-10-30,2517.11,1935.96,1678.9,In Warranty,2025-11-05,Service Center 4,2025-11-03
2814,4617,11,2025-10-30,2094.78,1849.61,194.76,In Warranty,2025-11-02,Service Center 5,2025-10-31
2815,4622,23,2025-10-31,2265.7,2369.99,1228.94,In Warranty,2025-11-13,Service Center 2,2025-11-09
2816,4621,12,2025-10-31,4518.91,1599.78,1272.03,Out of Warranty,,Service Center 5,2025-11-05
2817,4623,8,2025-10-31,1768.66,1199.17,1165.91,In Warranty,2025-11-08,Service Center 6,2025-11-05
2818,4634,10,2025-10-31,3829.48,1373.64,655.38,In Warranty,2025-11-10,Service Center 4,2025-11-05
2819,4630,18,2025-11-01,10275.55,1168.63,471.33,Out of Warranty,2025-11-26,Service Center 1,2025-11-25
2820,4641,18,2025-11-02,10006.68,1038.07,711.87,In Warranty,2025-11-19,Service Center 4,2025-11-15
2821,4628,16,2025-11-03,1846.21,1539.6,214.27,Out of Warranty,2025-11-07,Service Center 2,2025-11-04
2822,4648,11,2025-11-04,2271.17,2581.15,192.18,In Warranty,,Service Center 4,2025-11-07
2823,4648,14,2025-11-04,671.85,1017.22,633.83,In Warranty,,Service Center 4,2025-11-07
2824,4653,21,2025-11-05,4050.91,1549.23,1304.93,Out of Warranty,2025-11-18,Service Center 1,2025-11-15
2825,4636,16,2025-11-05,1950.28,1239.37,300.14,In Warranty,2025-11-12,Service Center 3,2025-11-11
2826,4649,10,2025-11-05,3343.24,745.32,218.56,Out of Warranty,2025-11-08,Service Center 3,2025-11-05
2827,4637,7,2025-11-05,879.54,1241.4,173.26,In Warranty,2025-11-08,Service Center 6,2025-11-06
2828,4646,22,2025-11-05,2661.23,1355.49,1571.84,In Warranty,2025-11-16,Service Center 8,2025-11-08
2829,4659,18,2025-11-06,9468.69,1369.89,726.86,In Warranty,2025-11-25,Service Center 3,2025-11-22
2830,4657,22,2025-11-06,2737.98,1475.47,1534.89,In Warranty,2025-11-23,Service Center 1,2025-11-20
2831,4631,8,2025-11-06,1920.12,983.76,1160.01,In Warranty,2025-11-30,Service Center 6,2025-11-26
2832,4650,11,2025-11-06,2392.36,2289.83,43.14,In Warranty,2025-11-11,Service Center 2,2025-11-06
2833,4670,5,2025-11-06,3146.54,1688.31,596.73,In Warranty,,Service Center 6,2025-11-11
2834,4665,24,2025-11-06,1046.93,2424.99,126.33,In Warranty,2025-11-12,Service Center 4,2025-11-07
2835,4671,7,2025-11-07,962.27,887.98,174.11,In Warranty,2025-11-13,Service Center 1,2025-11-09
2836,4660,22,2025-11-07,2752.53,1340.05,1392.25,In Warranty,2025-11-20,Service Center 1,2025-11-18
2837,4681,11,2025-11-08,2408.98,2505.92,130.14,In Warranty,2025-11-11,Service Center 6,2025-11-09
2838,4687,24,2025-11-08,1075.75,1773.97,57.1,In Warranty,2025-11-09,Service Center 3,2025-11-08
2839,4677,27,2025-11-08,8536.56,2800.12,657.5,In Warranty,2025-11-11,Service Center 2,2025-11-08
2840,4672,18,2025-11-08,9942.12,1216.88,140.67,In Warranty,,Service Center 1,2025-11-08
2841,4638,14,2025-11-08,709.12,1916.47,493.32,In Warranty,2025-11-12,Service Center 1,2025-11-09
2842,4688,15,2025-11-09,15174.04,1062.28,223.55,In Warranty,2025-11-22,Service Center 6,2025-11-19
2843,4694,21,2025-11-09,4248.82,1464.53,1670.02,In Warranty,2025-11-24,Service Center 2,2025-11-22
2844,4691,14,2025-11-10,683.48,1827.14,620.66,Out of Warranty,2025-11-17,Service Center 1,2025-11-14
2845,4699,16,2025-11-11,1923.52,1510.75,72.17,Out of Warranty,2025-11-13,Service Center 1,2025-11-11
2846,4700,28,2025-11-11,366.23,1791.14,54.92,In Warranty,2025-11-15,Service Center 2,2025-11-11
2847,4692,27,2025-11-11,9080.35,3280.26,1964.87,Out of Warranty,2025-11-25,Service Center 1,2025-11-22
2848,4700,27,2025-11-11,8675.19,1184.0,750.48,In Warranty,2025-11-15,Service Center 2,2025-11-11
2849,4674,26,2025-11-12,1820.61,5815.25,541.56,In Warranty,2025-11-13,Service Center 1,2025-11-12
2850,4667,8,2025-11-12,1716.52,854.91,1274.89,In Warranty,2025-11-19,Service Center 1,2025-11-16
2851,4676,26,2025-11-12,1747.57,6460.74,1753.01,Out of Warranty,2025-11-19,Service Center 4,2025-11-18
2852,4702,29,2025-11-12,5217.99,2187.5,1325.18,Out of Warranty,,Service Center 1,2025-11-26
2853,4703,9,2025-11-13,1534.34,905.95,1549.68,In Warranty,,Service Center 5,2025-11-25
2854,4678,24,2025-11-13,1158.19,2237.39,181.12,Out of Warranty,,Service Center 1,2025-11-17
2855,4683,30,2025-11-13,898.23,923.0,157.35,In Warranty,2025-11-17,Service Center 4,2025-11-13
2856,4709,9,2025-11-14,1617.9,985.36,1284.22,Out of Warranty,2025-11-29,Service Center 8,2025-11-27
2857,4640,26,2025-11-14,1773.93,4323.57,1634.3,In Warranty,2025-11-21,Service Center 3,2025-11-20
2858,4710,20,2025-11-14,5328.58,1963.89,1585.02,In Warranty,2025-11-26,Service Center 1,2025-11-21
2859,4697,22,2025-11-15,2625.4,2441.8,1508.34,Out of Warranty,2025-11-24,Service Center 5,2025-11-22
2860,4696,16,2025-11-15,1897.98,1251.6,283.95,Out of Warranty,2025-11-29,Service Center 8,2025-11-26
2861,4696,17,2025-11-15,6671.05,755.74,257.37,Out of Warranty,2025-11-29,Service Center 8,2025-11-26
2862,4729,13,2025-11-16,463.17,1730.27,1638.47,Out of Warranty,2025-12-03,Service Center 1,2025-12-01
2863,4690,8,2025-11-16,1756.07,1191.63,1196.64,Out of Warranty,2025-11-21,Service Center 6,2025-11-20
2864,4714,15,2025-11-17,15021.34,1351.98,229.36,In Warranty,,Service Center 5,2025-11-21
2865,4707,8,2025-11-17,1939.91,1351.86,1298.22,In Warranty,2025-11-29,Service Center 3,2025-11-26
2866,4731,8,2025-11-17,1953.52,1343.34,972.09,In Warranty,2025-12-01,Service Center 4,2025-11-29
2867,4713,8,2025-11-17,1947.56,1269.43,1162.16,Out of Warranty,2025-11-24,Service Center 1,2025-11-22
2868,4712,7,2025-11-17,921.95,770.14,137.82,In Warranty,2025-11-23,Service Center 1,2025-11-18
2869,4727,2,2025-11-17,683.01,5871.17,598.58,Out of Warranty,2025-11-21,Service Center 2,2025-11-17
2870,4715,5,2025-11-17,3287.7,1255.9,482.27,Out of Warranty,2025-11-23,Service Center 5,2025-11-19
2871,4724,8,2025-11-18,1946.86,1277.11,306.55,Out of Warranty,2025-11-20,Service Center 4,2025-11-18
2872,4738,18,2025-11-18,10252.02,1617.5,592.71,In Warranty,2025-12-01,Service Center 1,2025-11-21
2873,4721,16,2025-11-18,1831.98,1546.47,233.49,In Warranty,2025-11-29,Service Center 8,2025-11-23
2874,4725,9,2025-11-18,1427.68,1243.9,1668.28,Out of Warranty,2025-12-15,Service Center 4,2025-12-08
2875,4721,18,2025-11-18,9741.79,465.25,496.52,In Warranty,2025-11-29,Service Center 8,2025-11-23
2876,4739,10,2025-11-19,3604.38,1381.7,585.36,Out of Warranty,2025-11-27,Service Center 6,2025-11-25
2877,4730,6,2025-11-19,2567.25,1725.69,1476.7,Out of Warranty,2025-11-29,Service Center 2,2025-11-28
2878,4730,5,2025-11-19,3114.27,826.57,576.78,Out of Warranty,2025-11-29,Service Center 2,2025-11-28
2879,4704,11,2025-11-20,2308.85,2199.29,147.74,In Warranty,2025-11-27,Service Center 4,2025-11-23
2880,4736,11,2025-11-20,2193.65,2886.46,58.03,In Warranty,2025-11-24,Service Center 8,2025-11-20
2881,4720,18,2025-11-20,9544.96,1077.44,212.77,Out of Warranty,2025-11-23,Service Center 1,2025-11-20
2882,4745,7,2025-11-21,871.23,1418.05,193.17,In Warranty,2025-11-30,Service Center 1,2025-11-23
2883,4741,13,2025-11-21,483.77,2241.25,1271.05,Out of Warranty,2025-11-26,Service Center 4,2025-11-24
2884,4728,2,2025-11-21,628.79,4174.93,1389.1,In Warranty,2025-12-10,Service Center 2,2025-12-09
2885,4753,16,2025-11-22,2068.86,1924.06,240.31,In Warranty,2025-12-01,Service Center 2,2025-11-27
2886,4765,22,2025-11-23,2713.42,1681.55,1279.05,In Warranty,2025-12-06,Service Center 3,2025-11-30
2887,4771,18,2025-11-24,10242.55,1666.87,621.37,Out of Warranty,2025-12-01,Service Center 1,2025-11-29
2888,4756,8,2025-11-24,1858.88,1206.53,916.67,Out of Warranty,2025-12-02,Service Center 6,2025-11-29
2889,4759,15,2025-11-24,15910.69,1759.07,244.81,In Warranty,2025-12-06,Service Center 5,2025-12-04
2890,4776,11,2025-11-25,2143.52,2531.24,139.3,In Warranty,2025-12-05,Service Center 8,2025-11-28
2891,4766,8,2025-11-25,1889.7,769.3,361.35,Out of Warranty,2025-11-27,Service Center 4,2025-11-25
2892,4778,9,2025-11-25,1501.74,1133.49,1586.44,In Warranty,,Service Center 1,2025-11-29
2893,4780,29,2025-11-26,4679.77,1816.64,1159.07,In Warranty,2025-12-02,Service Center 8,2025-11-30
2894,4774,7,2025-11-27,892.37,1032.77,142.12,In Warranty,2025-12-03,Service Center 4,2025-11-30
2895,4770,18,2025-11-27,10307.45,1807.74,564.94,Out of Warranty,2025-12-06,Service Center 2,2025-12-04
2896,4781,12,2025-11-28,4277.47,2397.69,1219.24,In Warranty,2025-12-08,Service Center 8,2025-12-04
2897,4788,21,2025-11-28,4041.13,1529.01,393.36,In Warranty,2025-12-01,Service Center 3,2025-11-28
2898,4792,7,2025-11-28,872.02,858.37,182.66,In Warranty,2025-12-03,Service Center 3,2025-11-29
2899,4779,10,2025-11-28,3568.85,975.16,706.67,Out of Warranty,2025-12-07,Service Center 7,2025-12-03
2900,4768,29,2025-11-28,4911.39,1820.98,1353.19,Out of Warranty,2025-12-12,Service Center 8,2025-12-11
2901,4787,8,2025-11-28,1828.44,1463.47,955.75,Out of Warranty,2025-12-06,Service Center 4,2025-12-02
2902,4787,9,2025-11-28,1498.4,368.63,1258.04,Out of Warranty,2025-12-06,Service Center 4,2025-12-02
2903,4758,20,2025-11-29,5681.13,1948.46,406.81,In Warranty,2025-12-06,Service Center 5,2025-11-29
2904,4783,6,2025-11-30,2631.89,2070.03,483.65,In Warranty,2025-12-01,Service Center 4,2025-11-30
2905,4811,26,2025-11-30,1658.39,4697.66,1988.79,In Warranty,2025-12-21,Service Center 1,2025-12-19
2906,4811,25,2025-11-30,5742.76,2015.58,928.12,In Warranty,2025-12-21,Service Center 1,2025-12-19
2907,4807,9,2025-12-01,1578.02,1040.32,1480.95,In Warranty,2025-12-15,Service Center 6,2025-12-12
2908,4802,5,2025-12-01,3465.13,1597.75,209.08,In Warranty,2025-12-04,Service Center 6,2025-12-01
2909,4819,23,2025-12-02,1999.47,1503.63,411.26,Out of Warranty,2025-12-06,Service Center 2,2025-12-02
2910,4815,17,2025-12-02,6865.4,1792.78,293.02,In Warranty,2025-12-17,Service Center 3,2025-12-10
2911,4805,9,2025-12-03,1547.36,1427.07,1659.45,In Warranty,2025-12-16,Service Center 5,2025-12-09
2912,4798,9,2025-12-03,1441.61,1285.12,1747.55,In Warranty,2025-12-24,Service Center 8,2025-12-22
2913,4803,18,2025-12-03,9603.95,1459.82,188.38,In Warranty,2025-12-08,Service Center 2,2025-12-03
2914,4816,19,2025-12-03,22476.25,1355.16,1189.1,In Warranty,,Service Center 1,2025-12-05
2915,4810,13,2025-12-03,489.94,2732.38,1207.05,In Warranty,,Service Center 2,2025-12-11
2916,4737,17,2025-12-04,6594.99,1304.0,237.32,In Warranty,2025-12-09,Service Center 5,2025-12-08
2917,4799,15,2025-12-04,14924.98,1276.61,216.01,Out of Warranty,2025-12-12,Service Center 2,2025-12-10
2918,4820,7,2025-12-04,955.04,922.73,168.64,In Warranty,2025-12-06,Service Center 4,2025-12-05
2919,4796,9,2025-12-04,1593.88,856.02,385.93,In Warranty,2025-12-10,Service Center 6,2025-12-04
2920,4814,7,2025-12-04,970.45,1459.43,54.44,Out of Warranty,2025-12-07,Service Center 2,2025-12-04
2921,4804,27,2025-12-04,8228.17,2457.13,2259.1,In Warranty,2025-12-10,Service Center 6,2025-12-06
2922,4800,9,2025-12-05,1641.22,1195.26,1779.18,Out of Warranty,2025-12-22,Service Center 6,2025-12-21
2923,4835,18,2025-12-07,9965.26,1183.16,483.89,In Warranty,,Service Center 5,2025-12-23
2924,4840,24,2025-12-07,1171.57,1836.03,125.22,In Warranty,2025-12-13,Service Center 1,2025-12-11
2925,4828,11,2025-12-07,2147.53,2779.57,134.17,In Warranty,,Service Center 2,2025-12-11
2926,4854,11,2025-12-08,2354.86,2517.28,168.74,In Warranty,,Service Center 6,2025-12-10
2927,4834,4,2025-12-08,3010.93,4545.98,257.78,In Warranty,,Service Center 3,2025-12-10
2928,4849,27,2025-12-09,8116.4,2905.53,2438.52,In Warranty,2025-12-15,Service Center 1,2025-12-11
2929,4846,22,2025-12-09,2476.08,1295.64,1122.26,In Warranty,,Service Center 1,2025-12-27
2930,4806,9,2025-12-10,1518.84,1103.74,375.84,Out of Warranty,2025-12-20,Service Center 5,2025-12-10
2931,4851,23,2025-12-10,2276.58,1415.68,1374.91,In Warranty,,Service Center 2,2025-12-17
2932,4858,27,2025-12-10,8859.86,1911.89,2193.46,In Warranty,,Service Center 2,2025-12-16
2933,4871,10,2025-12-12,3779.02,1301.88,160.93,In Warranty,,Service Center 1,2025-12-12
2934,4880,8,2025-12-12,1952.94,1092.31,1381.53,Out of Warranty,,Service Center 2,2025-12-14
2935,4880,9,2025-12-12,1613.66,539.07,1217.8,Out of Warranty,,Service Center 2,2025-12-14
2936,4876,7,2025-12-13,901.48,866.77,132.35,In Warranty,,Service Center 4,2025-12-14
2937,4843,17,2025-12-13,6926.37,1838.28,317.35,In Warranty,,Service Center 7,2025-12-17
2938,4867,9,2025-12-13,1520.94,809.57,393.05,Out of Warranty,2025-12-19,Service Center 3,2025-12-13
2939,4867,7,2025-12-13,925.87,326.73,37.27,Out of Warranty,2025-12-19,Service Center 3,2025-12-13
2940,4882,30,2025-12-14,835.0,1182.68,657.62,In Warranty,,Service Center 2,2025-12-25
2941,4878,12,2025-12-14,4195.87,2243.74,917.24,In Warranty,,Service Center 4,2025-12-20
2942,4823,11,2025-12-15,2244.37,2760.63,135.38,Out of Warranty,,Service Center 2,2025-12-16
2943,4874,16,2025-12-15,1980.49,1857.33,279.01,Out of Warranty,,Service Center 7,2025-12-18
2944,4861,27,2025-12-15,8954.52,2281.02,511.93,Out of Warranty,,Service Center 2,2025-12-15
2945,4896,13,2025-12-16,451.08,2253.69,412.14,In Warranty,,Service Center 1,2025-12-16
2946,4886,12,2025-12-16,4576.88,1821.88,1397.21,In Warranty,2025-12-28,Service Center 6,2025-12-24
2947,4866,11,2025-12-16,2115.53,1691.65,50.52,In Warranty,,Service Center 7,2025-12-16
2948,4892,30,2025-12-16,871.29,1234.08,472.83,In Warranty,,Service Center 1,2025-12-22
2949,4885,7,2025-12-16,948.8,747.1,185.72,In Warranty,2025-12-21,Service Center 6,2025-12-19
2950,4896,11,2025-12-16,2311.07,843.0,36.56,In Warranty,,Service Center 1,2025-12-16
2951,4879,15,2025-12-17,13906.54,1146.7,297.04,In Warranty,2025-12-21,Service Center 4,2025-12-19
2952,4902,27,2025-12-17,8345.74,2463.03,1679.86,Out of Warranty,,Service Center 2,2025-12-31
2953,4833,15,2025-12-18,14385.34,1130.09,262.87,In Warranty,2025-12-31,Service Center 5,2025-12-30
2954,4914,5,2025-12-18,3303.19,1774.48,633.27,In Warranty,2025-12-31,Service Center 2,2025-12-27
2955,4917,12,2025-12-19,4151.97,2342.28,945.53,In Warranty,,Service Center 3,2025-12-29
2956,4890,18,2025-12-19,9940.46,1187.19,180.6,In Warranty,2025-12-20,Service Center 4,2025-12-19
2957,4903,29,2025-12-19,4711.7,1503.27,1317.57,In Warranty,,Service Center 2,2025-12-23
2958,4905,19,2025-12-19,21502.33,1915.48,323.42,Out of Warranty,,Service Center 5,2025-12-19
2959,4900,15,2025-12-19,13898.12,1471.1,211.86,In Warranty,,Service Center 4,2025-12-29
2960,4918,7,2025-12-20,858.35,898.08,172.33,In Warranty,2025-12-30,Service Center 1,2025-12-22
2961,4908,23,2025-12-20,2234.83,1689.6,424.74,Out of Warranty,,Service Center 2,2025-12-20
2962,4920,15,2025-12-20,13977.86,1316.24,320.31,In Warranty,,Service Center 5,2025-12-23
2963,4921,15,2025-12-21,15007.07,1502.14,71.64,In Warranty,,Service Center 3,2025-12-21
2964,4933,13,2025-12-22,494.64,2617.69,1589.51,In Warranty,,Service Center 1,2025-12-23
2965,4923,15,2025-12-22,14547.62,1608.06,215.73,Out of Warranty,2025-12-27,Service Center 2,2025-12-25
2966,4915,19,2025-12-22,23672.54,1297.11,1093.89,In Warranty,,Service Center 4,2025-12-26
2967,4909,7,2025-12-23,985.94,1032.35,168.54,In Warranty,,Service Center 3,2025-12-24
2968,4881,15,2025-12-23,15242.21,1498.35,287.81,In Warranty,2025-12-30,Service Center 5,2025-12-26
2969,4924,8,2025-12-23,1966.0,1250.55,345.03,In Warranty,,Service Center 5,2025-12-23
2970,4898,30,2025-12-23,812.19,758.07,665.09,Out of Warranty,,Service Center 6,2025-12-24
2971,4944,19,2025-12-23,24194.33,2292.85,1336.5,In Warranty,,Service Center 1,2025-12-30
2972,4916,15,2025-12-24,15946.87,1471.34,208.47,Out of Warranty,2025-12-27,Service Center 1,2025-12-26
2973,4958,27,2025-12-25,8780.36,2085.99,2327.87,In Warranty,,Service Center 1,
2974,4956,2,2025-12-25,698.54,5065.0,614.56,In Warranty,,Service Center 3,2025-12-25
2975,4932,12,2025-12-25,4600.13,2705.24,361.7,Out of Warranty,,Service Center 1,2025-12-25
2976,4963,3,2025-12-26,17803.13,3790.98,560.45,In Warranty,,Service Center 1,2025-12-26
2977,4968,8,2025-12-27,1800.88,854.54,1292.68,In Warranty,,Service Center 1,
2978,4959,18,2025-12-27,9123.84,1864.48,175.95,Out of Warranty,,Service Center 2,2025-12-27
2979,4959,15,2025-12-27,15191.75,753.99,100.26,Out of Warranty,,Service Center 2,2025-12-27
2980,4951,4,2025-12-28,2967.66,3642.76,192.24,In Warranty,2025-12-31,Service Center 5,2025-12-31
2981,4953,18,2025-12-28,9268.7,1915.65,676.45,In Warranty,,Service Center 1,
2982,4952,1,2025-12-29,1282.43,3733.64,792.32,In Warranty,,Service Center 8,2025-12-29
2983,4976,16,2025-12-29,1856.35,1594.24,236.08,In Warranty,,Service Center 3,2025-12-31
2984,4979,6,2025-12-30,2327.71,2335.79,1410.01,In Warranty,2025-12-31,Service Center 3,2025-12-31
2985,4980,19,2025-12-30,23833.37,1327.28,1148.67,In Warranty,2025-12-31,Service Center 3,2025-12-31
2986,4985,15,2025-12-31,14289.29,1407.43,79.83,In Warranty,,Service Center 1,
2987,4950,22,2025-12-31,2583.61,1831.57,1680.37,In Warranty,2025-12-31,Service Center 8,2025-12-31
2988,4984,20,2025-12-31,5694.74,2393.13,360.68,In Warranty,,Service Center 2,
2989,4982,23,2025-12-31,2076.0,2244.78,1100.06,In Warranty,,Service Center 2,
2990,4964,6,2025-12-31,2312.14,1680.01,1286.07,In Warranty,,Service Center 4,
2991,4986,29,2025-12-31,4979.98,2704.84,1241.71,In Warranty,2025-12-31,Service Center 1,2025-12-31
2992,4996,23,2025-12-31,2089.05,2097.95,1210.61,In Warranty,,Service Center 1,
2993,4991,29,2025-12-31,4570.31,2825.6,345.28,In Warranty,2025-12-31,Service Center 4,2025-12-31
2994,4974,10,2025-12-31,3351.58,921.73,759.73,In Warranty,2025-12-31,Service Center 2,2025-12-31
2995,4990,24,2025-12-31,1062.49,1501.38,167.97,In Warranty,2025-12-31,Service Center 3,2025-12-31
2996,4983,10,2025-12-31,3377.67,1358.89,529.58,Out of Warranty,,Service Center 1,
2997,4999,12,2025-12-31,4333.27,2694.96,890.58,In Warranty,,Service Center 1,
2998,4971,23,2025-12-31,2138.49,1369.15,1059.24,Out of Warranty,,Service Center 1,
2999,4988,1,2025-12-31,1247.54,3166.26,1916.26,Out of Warranty,,Service Center 3,
3000,4945,9,2025-12-31,1442.07,795.15,1182.57,Out of Warranty,,Service Center 5,
