incident_id,vehicle_id,part_id,incident_date,defect_type,defect_source,severity,customer_complaint,status
1,475,9,2023-01-01,Leakage,Assembly Error,Low,False,Closed
2,246,21,2023-01-01,Electrical Failure,Supplier Defect,High,False,Closed
3,394,13,2023-01-01,Overheating,Supplier Defect,High,True,Closed
4,101,2,2023-01-01,Leakage,Manufacturing Error,High,False,Closed
5,271,7,2023-01-02,Breakage,Supplier Defect,Medium,False,Closed
6,31,21,2023-01-02,Performance Issue,Design Issue,Medium,True,Closed
7,445,30,2023-01-02,Noise,Assembly Error,Low,True,Closed
8,31,4,2023-01-02,Noise,Manufacturing Error,High,False,Closed
9,379,6,2023-01-02,Leakage,Material Failure,High,True,Closed
10,341,15,2023-01-02,Electrical Failure,Manufacturing Error,Low,False,Closed
11,264,4,2023-01-03,Noise,Design Issue,Medium,True,Closed
12,474,5,2023-01-04,Performance Issue,Manufacturing Error,Medium,False,Closed
13,163,5,2023-01-04,Performance Issue,Manufacturing Error,Low,True,Closed
14,508,29,2023-01-04,Noise,Manufacturing Error,Low,False,Closed
15,174,18,2023-01-05,Electrical Failure,Material Failure,Low,False,Closed
16,463,15,2023-01-05,Electrical Failure,Design Issue,Medium,True,Closed
17,221,5,2023-01-05,Performance Issue,Unknown,Low,False,Closed
18,144,10,2023-01-05,Noise,Material Failure,Low,False,Closed
19,194,9,2023-01-07,Noise,Supplier Defect,Medium,False,Closed
20,433,16,2023-01-07,Software Error,Material Failure,Medium,True,Closed
21,81,13,2023-01-08,Leakage,Material Failure,Low,True,Closed
22,332,2,2023-01-08,Overheating,Material Failure,High,True,Closed
23,57,16,2023-01-09,Electrical Failure,Design Issue,Medium,False,Closed
24,122,12,2023-01-09,Breakage,Assembly Error,Medium,False,Closed
25,47,21,2023-01-09,Performance Issue,Supplier Defect,Medium,False,Closed
26,442,17,2023-01-09,Software Error,Manufacturing Error,Low,False,Closed
27,110,24,2023-01-10,Noise,Supplier Defect,Low,False,Closed
28,187,16,2023-01-10,Electrical Failure,Supplier Defect,Medium,False,Closed
29,280,24,2023-01-10,Leakage,Manufacturing Error,Medium,False,Closed
30,85,11,2023-01-10,Overheating,Material Failure,High,False,Closed
31,210,13,2023-01-10,Leakage,Manufacturing Error,High,False,Closed
32,90,7,2023-01-11,Noise,Material Failure,Low,False,Closed
33,262,24,2023-01-11,Noise,Material Failure,Low,False,Closed
34,502,10,2023-01-11,Incorrect Installation,Assembly Error,Medium,True,Under Investigation
35,413,18,2023-01-11,Software Error,Supplier Defect,Low,True,Closed
36,99,7,2023-01-12,Noise,Supplier Defect,Medium,True,Closed
37,75,4,2023-01-12,Leakage,Supplier Defect,Low,False,Closed
38,162,21,2023-01-12,Electrical Failure,Design Issue,Medium,False,Closed
39,198,15,2023-01-12,Performance Issue,Customer Misuse,Medium,False,Closed
40,14,11,2023-01-13,Overheating,Assembly Error,High,False,Closed
41,313,9,2023-01-13,Leakage,Supplier Defect,Critical,True,Closed
42,96,30,2023-01-14,Noise,Manufacturing Error,Low,False,Closed
43,77,29,2023-01-14,Noise,Manufacturing Error,Low,False,Closed
44,303,4,2023-01-15,Breakage,Customer Misuse,Medium,False,Closed
45,230,30,2023-01-15,Breakage,Customer Misuse,High,True,Closed
46,361,20,2023-01-16,Overheating,Design Issue,Critical,True,Closed
47,2,21,2023-01-16,Electrical Failure,Customer Misuse,High,False,Closed
48,349,6,2023-01-16,Noise,Supplier Defect,Medium,False,Closed
49,63,21,2023-01-16,Overheating,Supplier Defect,Medium,False,Closed
50,328,27,2023-01-16,Leakage,Manufacturing Error,Low,False,Closed
51,45,20,2023-01-16,Performance Issue,Supplier Defect,High,True,Closed
52,362,11,2023-01-16,Overheating,Design Issue,High,True,Closed
53,138,26,2023-01-16,Noise,Manufacturing Error,Low,False,Closed
54,315,6,2023-01-17,Noise,Supplier Defect,Low,False,Closed
55,127,9,2023-01-17,Performance Issue,Design Issue,Medium,True,Closed
56,211,7,2023-01-17,Performance Issue,Design Issue,High,True,Closed
57,213,16,2023-01-17,Electrical Failure,Supplier Defect,High,False,Closed
58,169,16,2023-01-17,Electrical Failure,Supplier Defect,Low,True,Closed
59,9,18,2023-01-18,Electrical Failure,Supplier Defect,Medium,False,Closed
60,456,22,2023-01-18,Noise,Material Failure,Low,False,Closed
61,229,23,2023-01-18,Noise,Supplier Defect,Low,False,Closed
62,324,7,2023-01-19,Leakage,Supplier Defect,Medium,True,Closed
63,484,4,2023-01-19,Performance Issue,Manufacturing Error,Medium,False,Closed
64,481,7,2023-01-19,Breakage,Unknown,Medium,False,Closed
65,190,13,2023-01-19,Overheating,Supplier Defect,Critical,True,Closed
66,33,7,2023-01-20,Performance Issue,Supplier Defect,Low,False,Closed
67,119,1,2023-01-20,Overheating,Assembly Error,Low,False,Closed
68,425,19,2023-01-20,Electrical Failure,Supplier Defect,Critical,True,Closed
69,275,15,2023-01-20,Performance Issue,Manufacturing Error,Low,False,Closed
70,261,5,2023-01-20,Performance Issue,Material Failure,Low,False,Closed
71,314,27,2023-01-20,Performance Issue,Design Issue,Medium,False,Closed
72,158,27,2023-01-21,Performance Issue,Material Failure,Medium,False,Closed
73,310,11,2023-01-21,Breakage,Manufacturing Error,Medium,False,Closed
74,318,30,2023-01-21,Breakage,Manufacturing Error,High,True,Closed
75,448,23,2023-01-21,Noise,Supplier Defect,Medium,True,Closed
76,448,14,2023-01-22,Incorrect Installation,Assembly Error,Medium,True,Closed
77,366,24,2023-01-23,Performance Issue,Supplier Defect,Medium,False,Closed
78,483,11,2023-01-23,Breakage,Material Failure,Critical,True,Closed
79,310,22,2023-01-23,Noise,Customer Misuse,Low,False,Closed
80,153,13,2023-01-24,Overheating,Supplier Defect,High,True,Closed
81,346,7,2023-01-24,Noise,Design Issue,Low,False,Closed
82,217,13,2023-01-24,Incorrect Installation,Assembly Error,Medium,True,Closed
83,177,15,2023-01-24,Electrical Failure,Customer Misuse,High,True,Closed
84,510,9,2023-01-25,Performance Issue,Supplier Defect,Medium,True,Closed
85,85,22,2023-01-25,Noise,Material Failure,Low,False,Closed
86,166,16,2023-01-25,Software Error,Supplier Defect,Medium,True,Closed
87,320,8,2023-01-25,Leakage,Supplier Defect,Low,False,Closed
88,302,7,2023-01-25,Breakage,Supplier Defect,High,True,Closed
89,292,14,2023-01-25,Incorrect Installation,Assembly Error,High,True,Closed
90,257,27,2023-01-27,Performance Issue,Material Failure,Medium,True,Closed
91,232,12,2023-01-27,Overheating,Manufacturing Error,Medium,False,Closed
92,80,21,2023-01-27,Electrical Failure,Manufacturing Error,High,True,Closed
93,157,18,2023-01-27,Electrical Failure,Customer Misuse,Low,True,Closed
94,166,30,2023-01-28,Breakage,Assembly Error,High,True,Closed
95,336,6,2023-01-28,Performance Issue,Customer Misuse,Medium,True,Closed
96,264,27,2023-01-29,Performance Issue,Manufacturing Error,Medium,False,Closed
97,256,30,2023-01-29,Breakage,Supplier Defect,Critical,True,Closed
98,97,21,2023-01-29,Electrical Failure,Manufacturing Error,Medium,True,Closed
99,105,18,2023-01-30,Incorrect Installation,Assembly Error,Medium,True,Closed
100,279,27,2023-01-30,Noise,Manufacturing Error,Low,False,Closed
101,49,26,2023-01-31,Breakage,Supplier Defect,Medium,False,Closed
102,385,27,2023-01-31,Electrical Failure,Supplier Defect,Medium,False,Closed
103,438,9,2023-01-31,Performance Issue,Supplier Defect,Medium,False,Closed
104,73,11,2023-02-01,Overheating,Material Failure,Medium,True,Closed
105,416,18,2023-02-02,Performance Issue,Unknown,Low,True,Closed
106,48,7,2023-02-02,Noise,Manufacturing Error,Low,False,Closed
107,161,21,2023-02-02,Performance Issue,Manufacturing Error,Critical,True,Closed
108,231,17,2023-02-02,Software Error,Supplier Defect,Low,False,Closed
109,359,16,2023-02-03,Electrical Failure,Assembly Error,High,True,Closed
110,237,15,2023-02-03,Performance Issue,Manufacturing Error,Low,True,Closed
111,335,13,2023-02-04,Leakage,Supplier Defect,Medium,False,Closed
112,316,7,2023-02-04,Performance Issue,Supplier Defect,Low,False,Closed
113,46,16,2023-02-04,Software Error,Customer Misuse,Medium,True,Closed
114,74,27,2023-02-04,Noise,Supplier Defect,Medium,False,Closed
115,128,30,2023-02-05,Breakage,Assembly Error,Medium,True,Closed
116,335,20,2023-02-05,Electrical Failure,Supplier Defect,Medium,False,Closed
117,386,18,2023-02-05,Incorrect Installation,Assembly Error,Low,False,Closed
118,110,13,2023-02-05,Overheating,Unknown,Critical,True,Closed
119,432,28,2023-02-06,Electrical Failure,Assembly Error,High,False,Closed
120,502,18,2023-02-06,Software Error,Supplier Defect,High,False,Closed
121,415,24,2023-02-06,Noise,Manufacturing Error,Medium,False,Closed
122,227,24,2023-02-06,Noise,Unknown,Medium,False,Closed
123,185,10,2023-02-06,Performance Issue,Design Issue,Low,False,Closed
124,444,26,2023-02-07,Breakage,Assembly Error,Medium,False,Closed
125,316,7,2023-02-07,Breakage,Manufacturing Error,High,False,Closed
126,221,14,2023-02-07,Leakage,Material Failure,Low,False,Closed
127,5,9,2023-02-08,Performance Issue,Supplier Defect,Medium,True,Closed
128,408,7,2023-02-08,Noise,Design Issue,Low,False,Closed
129,433,15,2023-02-08,Electrical Failure,Manufacturing Error,Critical,True,Closed
130,285,9,2023-02-08,Performance Issue,Material Failure,Low,False,Closed
131,438,16,2023-02-08,Electrical Failure,Supplier Defect,Medium,False,Closed
132,500,8,2023-02-08,Noise,Manufacturing Error,Low,False,Closed
133,88,24,2023-02-08,Breakage,Manufacturing Error,Medium,False,Closed
134,120,7,2023-02-08,Breakage,Supplier Defect,High,True,Closed
135,467,12,2023-02-08,Overheating,Manufacturing Error,Critical,True,Closed
136,297,7,2023-02-09,Leakage,Assembly Error,High,True,Closed
137,276,12,2023-02-09,Overheating,Customer Misuse,High,True,Closed
138,285,8,2023-02-09,Noise,Material Failure,Low,False,Closed
139,453,24,2023-02-10,Leakage,Material Failure,High,True,Closed
140,147,20,2023-02-10,Overheating,Design Issue,Critical,True,Closed
141,507,25,2023-02-10,Leakage,Supplier Defect,Medium,False,Closed
142,408,5,2023-02-10,Leakage,Supplier Defect,Medium,False,Closed
143,205,19,2023-02-11,Performance Issue,Supplier Defect,Low,True,Closed
144,10,16,2023-02-11,Electrical Failure,Supplier Defect,Medium,False,Closed
145,51,26,2023-02-12,Noise,Unknown,Low,False,Closed
146,418,18,2023-02-12,Software Error,Supplier Defect,Medium,False,Closed
147,197,7,2023-02-13,Leakage,Manufacturing Error,Critical,True,Closed
148,406,8,2023-02-13,Performance Issue,Assembly Error,Low,False,Closed
149,444,24,2023-02-14,Noise,Supplier Defect,Low,False,Closed
150,257,20,2023-02-15,Electrical Failure,Design Issue,High,True,Closed
151,456,30,2023-02-15,Breakage,Material Failure,High,True,Closed
152,306,2,2023-02-15,Leakage,Unknown,Medium,True,Closed
153,455,23,2023-02-16,Breakage,Manufacturing Error,High,False,Closed
154,363,30,2023-02-16,Noise,Assembly Error,Low,True,Closed
155,277,25,2023-02-16,Leakage,Material Failure,Medium,False,Closed
156,185,5,2023-02-16,Leakage,Material Failure,Low,True,Closed
157,17,5,2023-02-16,Leakage,Customer Misuse,Medium,True,Closed
158,209,24,2023-02-16,Noise,Material Failure,High,True,Closed
159,287,25,2023-02-16,Performance Issue,Customer Misuse,Medium,False,Closed
160,392,10,2023-02-17,Noise,Assembly Error,Medium,False,Closed
161,491,18,2023-02-17,Incorrect Installation,Assembly Error,Medium,True,Closed
162,377,22,2023-02-17,Noise,Supplier Defect,Medium,True,Closed
163,434,23,2023-02-17,Leakage,Manufacturing Error,Low,True,Closed
164,266,7,2023-02-18,Performance Issue,Design Issue,High,True,Closed
165,423,16,2023-02-18,Incorrect Installation,Assembly Error,Low,True,Closed
166,461,7,2023-02-19,Leakage,Supplier Defect,Medium,False,Closed
167,319,27,2023-02-19,Incorrect Installation,Assembly Error,Medium,False,Closed
168,473,11,2023-02-19,Leakage,Unknown,Medium,True,Closed
169,233,13,2023-02-20,Leakage,Supplier Defect,Medium,True,Closed
170,90,8,2023-02-20,Breakage,Design Issue,High,True,Closed
171,419,8,2023-02-20,Noise,Customer Misuse,Low,True,Closed
172,260,13,2023-02-20,Breakage,Design Issue,High,True,Closed
173,58,30,2023-02-20,Incorrect Installation,Assembly Error,Medium,True,Closed
174,25,3,2023-02-20,Leakage,Supplier Defect,Critical,True,Closed
175,107,13,2023-02-20,Overheating,Customer Misuse,High,False,Closed
176,12,13,2023-02-20,Leakage,Assembly Error,Medium,False,Closed
177,33,21,2023-02-20,Electrical Failure,Supplier Defect,High,True,Closed
178,341,2,2023-02-21,Performance Issue,Supplier Defect,Medium,True,Closed
179,315,4,2023-02-21,Performance Issue,Supplier Defect,Low,True,Under Investigation
180,322,22,2023-02-21,Noise,Supplier Defect,Low,True,Closed
181,214,11,2023-02-21,Overheating,Manufacturing Error,Medium,True,Closed
182,432,16,2023-02-22,Electrical Failure,Material Failure,Medium,False,Closed
183,89,21,2023-02-22,Incorrect Installation,Assembly Error,Medium,False,Closed
184,159,8,2023-02-22,Noise,Manufacturing Error,Medium,True,Closed
185,92,26,2023-02-22,Noise,Assembly Error,Low,False,Closed
186,361,16,2023-02-22,Software Error,Supplier Defect,Low,False,Closed
187,104,12,2023-02-22,Leakage,Material Failure,Medium,False,Closed
188,327,22,2023-02-23,Noise,Supplier Defect,Medium,True,Closed
189,330,3,2023-02-24,Performance Issue,Manufacturing Error,Low,False,Closed
190,423,7,2023-02-25,Breakage,Manufacturing Error,High,True,Closed
191,289,16,2023-02-25,Electrical Failure,Material Failure,Medium,False,Closed
192,423,18,2023-02-25,Performance Issue,Assembly Error,Low,True,Closed
193,290,11,2023-02-25,Overheating,Customer Misuse,High,True,Closed
194,232,13,2023-02-25,Leakage,Supplier Defect,Low,False,Closed
195,450,7,2023-02-26,Noise,Supplier Defect,Medium,False,Closed
196,252,12,2023-02-26,Overheating,Supplier Defect,High,True,Closed
197,28,2,2023-02-27,Overheating,Material Failure,High,False,Closed
198,170,7,2023-02-27,Performance Issue,Manufacturing Error,Low,True,Closed
199,410,24,2023-02-27,Noise,Supplier Defect,Low,False,Closed
200,137,24,2023-02-27,Breakage,Supplier Defect,Low,False,Closed
201,384,1,2023-02-28,Overheating,Supplier Defect,High,False,Closed
202,108,27,2023-02-28,Performance Issue,Manufacturing Error,High,True,Closed
203,294,1,2023-02-28,Leakage,Unknown,High,True,Closed
204,163,29,2023-02-28,Leakage,Supplier Defect,Medium,False,Closed
205,196,2,2023-02-28,Breakage,Unknown,Medium,False,Closed
206,267,16,2023-02-28,Performance Issue,Design Issue,Medium,False,Closed
207,411,16,2023-03-01,Electrical Failure,Supplier Defect,Low,False,Closed
208,291,24,2023-03-01,Breakage,Design Issue,High,True,Closed
209,289,16,2023-03-01,Electrical Failure,Material Failure,Medium,True,Closed
210,347,11,2023-03-02,Overheating,Supplier Defect,High,True,Closed
211,24,12,2023-03-02,Noise,Unknown,Low,True,Closed
212,219,21,2023-03-03,Electrical Failure,Manufacturing Error,Medium,False,Closed
213,492,7,2023-03-04,Noise,Customer Misuse,Medium,False,Closed
214,40,7,2023-03-04,Leakage,Supplier Defect,Critical,False,Closed
215,35,23,2023-03-04,Noise,Material Failure,Low,False,Closed
216,507,6,2023-03-05,Performance Issue,Supplier Defect,Low,False,Closed
217,504,11,2023-03-05,Breakage,Manufacturing Error,High,True,Closed
218,94,28,2023-03-07,Leakage,Supplier Defect,High,False,Closed
219,261,30,2023-03-07,Breakage,Design Issue,High,True,Closed
220,92,7,2023-03-07,Performance Issue,Material Failure,Medium,False,Closed
221,248,11,2023-03-07,Leakage,Material Failure,High,True,Closed
222,133,4,2023-03-07,Incorrect Installation,Assembly Error,Low,True,Closed
223,8,22,2023-03-08,Noise,Assembly Error,Low,False,Closed
224,44,28,2023-03-09,Leakage,Manufacturing Error,Low,True,Closed
225,38,9,2023-03-09,Leakage,Supplier Defect,Medium,True,Closed
226,404,30,2023-03-09,Noise,Supplier Defect,Medium,True,Closed
227,300,13,2023-03-09,Overheating,Supplier Defect,High,False,Closed
228,278,7,2023-03-09,Performance Issue,Material Failure,Medium,False,Closed
229,450,1,2023-03-09,Breakage,Material Failure,Critical,True,Closed
230,444,3,2023-03-09,Incorrect Installation,Assembly Error,High,True,Closed
231,88,14,2023-03-09,Leakage,Design Issue,Low,False,Closed
232,348,30,2023-03-11,Noise,Supplier Defect,Low,False,Closed
233,478,7,2023-03-11,Noise,Material Failure,Medium,True,Closed
234,70,26,2023-03-11,Incorrect Installation,Assembly Error,Medium,False,Closed
235,240,18,2023-03-11,Software Error,Design Issue,High,True,Closed
236,1,27,2023-03-11,Noise,Supplier Defect,Low,False,Closed
237,218,20,2023-03-11,Electrical Failure,Material Failure,Medium,True,Closed
238,488,30,2023-03-11,Breakage,Supplier Defect,Medium,False,Closed
239,423,11,2023-03-12,Breakage,Supplier Defect,Critical,True,Closed
240,91,6,2023-03-12,Leakage,Unknown,Medium,False,Closed
241,315,7,2023-03-12,Noise,Design Issue,Low,False,Closed
242,398,1,2023-03-12,Breakage,Customer Misuse,High,True,Closed
243,287,4,2023-03-12,Overheating,Supplier Defect,Medium,False,Closed
244,321,16,2023-03-12,Electrical Failure,Supplier Defect,Medium,True,Closed
245,336,14,2023-03-12,Overheating,Material Failure,High,True,Closed
246,420,21,2023-03-12,Overheating,Manufacturing Error,Critical,True,Closed
247,478,6,2023-03-14,Performance Issue,Supplier Defect,Medium,True,Closed
248,89,28,2023-03-14,Performance Issue,Unknown,Critical,True,Closed
249,458,3,2023-03-14,Noise,Supplier Defect,Low,False,Closed
250,57,19,2023-03-14,Electrical Failure,Supplier Defect,Critical,True,Closed
251,37,16,2023-03-14,Electrical Failure,Manufacturing Error,Medium,False,Closed
252,468,7,2023-03-15,Performance Issue,Manufacturing Error,Low,True,Closed
253,338,6,2023-03-16,Breakage,Material Failure,High,True,Closed
254,196,27,2023-03-16,Noise,Manufacturing Error,Medium,True,Closed
255,71,9,2023-03-17,Performance Issue,Supplier Defect,Low,False,Closed
256,128,2,2023-03-17,Breakage,Material Failure,High,True,Closed
257,323,25,2023-03-17,Incorrect Installation,Assembly Error,Medium,True,Closed
258,374,9,2023-03-18,Performance Issue,Supplier Defect,Medium,False,Closed
259,70,21,2023-03-18,Electrical Failure,Supplier Defect,Medium,False,Closed
260,306,16,2023-03-19,Software Error,Material Failure,Low,False,Closed
261,130,30,2023-03-19,Breakage,Design Issue,High,False,Closed
262,143,16,2023-03-19,Electrical Failure,Supplier Defect,Medium,True,Closed
263,149,11,2023-03-19,Overheating,Material Failure,Medium,True,Closed
264,234,20,2023-03-20,Electrical Failure,Material Failure,Medium,True,Closed
265,105,15,2023-03-20,Electrical Failure,Design Issue,Low,False,Closed
266,120,5,2023-03-20,Breakage,Manufacturing Error,Medium,False,Closed
267,122,10,2023-03-20,Noise,Supplier Defect,Low,False,Closed
268,270,16,2023-03-20,Electrical Failure,Design Issue,Medium,True,Closed
269,244,22,2023-03-21,Noise,Supplier Defect,Medium,True,Closed
270,205,28,2023-03-21,Performance Issue,Design Issue,High,True,Closed
271,155,7,2023-03-22,Performance Issue,Manufacturing Error,Low,False,Closed
272,370,14,2023-03-22,Noise,Material Failure,Medium,True,Closed
273,213,28,2023-03-22,Leakage,Supplier Defect,Medium,False,Closed
274,50,29,2023-03-22,Performance Issue,Supplier Defect,Low,True,Closed
275,454,26,2023-03-23,Breakage,Unknown,Medium,True,Open
276,358,4,2023-03-23,Breakage,Material Failure,High,False,Closed
277,504,11,2023-03-23,Leakage,Supplier Defect,Low,False,Closed
278,169,12,2023-03-23,Leakage,Assembly Error,Critical,True,Closed
279,251,5,2023-03-24,Performance Issue,Supplier Defect,Medium,True,Closed
280,416,30,2023-03-24,Breakage,Assembly Error,Medium,True,Closed
281,282,13,2023-03-25,Overheating,Supplier Defect,Critical,True,Closed
282,472,13,2023-03-26,Overheating,Unknown,Medium,False,Closed
283,269,11,2023-03-26,Leakage,Manufacturing Error,High,True,Closed
284,464,7,2023-03-27,Noise,Customer Misuse,Medium,True,Closed
285,28,12,2023-03-27,Breakage,Supplier Defect,Medium,False,Closed
286,284,27,2023-03-27,Noise,Design Issue,Low,True,Closed
287,466,5,2023-03-27,Performance Issue,Customer Misuse,Medium,True,Open
288,428,6,2023-03-27,Noise,Manufacturing Error,Low,False,Closed
289,228,21,2023-03-28,Electrical Failure,Supplier Defect,High,False,Closed
290,14,9,2023-03-28,Noise,Supplier Defect,Medium,True,Closed
291,486,21,2023-03-28,Electrical Failure,Supplier Defect,Low,False,Closed
292,217,17,2023-03-28,Software Error,Manufacturing Error,High,False,Closed
293,128,10,2023-03-29,Performance Issue,Material Failure,Low,False,Closed
294,407,7,2023-03-29,Performance Issue,Manufacturing Error,Low,False,Closed
295,138,13,2023-03-29,Incorrect Installation,Assembly Error,Medium,True,Closed
296,124,27,2023-03-29,Incorrect Installation,Assembly Error,Medium,True,Closed
297,162,2,2023-03-29,Breakage,Design Issue,Medium,True,Open
298,1,16,2023-03-29,Software Error,Supplier Defect,Medium,False,Closed
299,435,7,2023-03-29,Breakage,Assembly Error,High,False,Closed
300,123,21,2023-03-30,Electrical Failure,Supplier Defect,Medium,False,Closed
301,488,26,2023-03-30,Leakage,Supplier Defect,Low,True,Closed
302,259,20,2023-03-30,Overheating,Material Failure,High,True,Closed
303,190,27,2023-03-31,Performance Issue,Unknown,Medium,False,Closed
304,377,18,2023-03-31,Software Error,Supplier Defect,High,True,Closed
305,375,1,2023-03-31,Overheating,Manufacturing Error,High,False,Closed
306,482,7,2023-04-01,Performance Issue,Unknown,Critical,True,Closed
307,136,16,2023-04-01,Electrical Failure,Supplier Defect,High,True,Closed
308,878,8,2023-04-02,Breakage,Supplier Defect,Medium,False,Closed
309,384,22,2023-04-03,Noise,Customer Misuse,Low,True,Closed
310,421,15,2023-04-04,Electrical Failure,Supplier Defect,High,True,Closed
311,778,22,2023-04-04,Performance Issue,Material Failure,Low,False,Closed
312,400,20,2023-04-04,Electrical Failure,Material Failure,Medium,True,Closed
313,12,13,2023-04-04,Leakage,Manufacturing Error,Low,False,Closed
314,75,11,2023-04-05,Overheating,Customer Misuse,High,False,Closed
315,342,18,2023-04-05,Software Error,Supplier Defect,Medium,False,Closed
316,181,24,2023-04-05,Noise,Design Issue,Medium,True,Closed
317,55,6,2023-04-05,Performance Issue,Supplier Defect,Medium,True,Closed
318,666,15,2023-04-06,Software Error,Supplier Defect,Low,False,Closed
319,100,17,2023-04-06,Software Error,Supplier Defect,Low,False,Closed
320,428,26,2023-04-06,Noise,Customer Misuse,Medium,False,Closed
321,580,25,2023-04-06,Performance Issue,Manufacturing Error,High,True,Closed
322,461,8,2023-04-08,Noise,Customer Misuse,High,False,Closed
323,426,24,2023-04-08,Breakage,Manufacturing Error,High,False,Closed
324,108,24,2023-04-09,Noise,Manufacturing Error,Medium,True,Closed
325,176,12,2023-04-09,Incorrect Installation,Assembly Error,Critical,True,Closed
326,515,15,2023-04-09,Software Error,Customer Misuse,High,True,Closed
327,31,7,2023-04-09,Performance Issue,Material Failure,High,True,Closed
328,446,23,2023-04-09,Noise,Assembly Error,Low,False,Closed
329,232,26,2023-04-10,Performance Issue,Unknown,Low,True,Closed
330,566,12,2023-04-10,Leakage,Supplier Defect,High,True,Open
331,63,27,2023-04-10,Noise,Manufacturing Error,Low,False,Closed
332,128,29,2023-04-10,Noise,Assembly Error,Medium,False,Closed
333,623,18,2023-04-11,Electrical Failure,Material Failure,Medium,False,Closed
334,452,7,2023-04-11,Noise,Manufacturing Error,Low,True,Closed
335,711,14,2023-04-11,Noise,Manufacturing Error,Low,False,Closed
336,90,26,2023-04-11,Noise,Supplier Defect,Medium,False,Closed
337,404,7,2023-04-12,Noise,Unknown,Low,False,Closed
338,706,23,2023-04-12,Noise,Supplier Defect,Low,True,Closed
339,91,25,2023-04-13,Leakage,Design Issue,Medium,True,Closed
340,252,29,2023-04-13,Performance Issue,Material Failure,Medium,False,Closed
341,131,29,2023-04-13,Noise,Unknown,Medium,False,Closed
342,38,11,2023-04-14,Noise,Customer Misuse,Low,False,Closed
343,52,30,2023-04-14,Noise,Supplier Defect,Low,False,Closed
344,284,18,2023-04-14,Performance Issue,Customer Misuse,Medium,True,Closed
345,863,24,2023-04-14,Noise,Supplier Defect,Low,False,Closed
346,212,13,2023-04-14,Leakage,Supplier Defect,High,True,Closed
347,72,22,2023-04-15,Noise,Supplier Defect,Low,False,Closed
348,175,26,2023-04-15,Performance Issue,Material Failure,High,False,Closed
349,876,16,2023-04-16,Performance Issue,Design Issue,High,False,Closed
350,142,27,2023-04-16,Performance Issue,Supplier Defect,Medium,False,Closed
351,96,27,2023-04-16,Leakage,Design Issue,High,False,Closed
352,404,7,2023-04-16,Noise,Material Failure,Low,True,Closed
353,525,4,2023-04-16,Overheating,Manufacturing Error,Low,False,Closed
354,740,17,2023-04-16,Software Error,Supplier Defect,Low,False,Closed
355,630,30,2023-04-18,Incorrect Installation,Assembly Error,Medium,False,Closed
356,692,16,2023-04-18,Incorrect Installation,Assembly Error,High,True,Closed
357,137,21,2023-04-18,Electrical Failure,Customer Misuse,Medium,True,Closed
358,265,26,2023-04-18,Performance Issue,Supplier Defect,High,True,Closed
359,163,15,2023-04-18,Electrical Failure,Unknown,High,True,Closed
360,311,19,2023-04-19,Electrical Failure,Supplier Defect,High,False,Closed
361,568,4,2023-04-19,Breakage,Supplier Defect,Medium,True,Closed
362,870,15,2023-04-19,Software Error,Material Failure,High,False,Closed
363,230,27,2023-04-20,Electrical Failure,Supplier Defect,High,True,Closed
364,190,5,2023-04-20,Performance Issue,Design Issue,Medium,False,Closed
365,661,9,2023-04-20,Performance Issue,Design Issue,High,True,Closed
366,405,29,2023-04-21,Performance Issue,Unknown,Medium,False,Closed
367,795,8,2023-04-21,Noise,Manufacturing Error,Medium,False,Closed
368,876,18,2023-04-21,Software Error,Material Failure,Low,False,Closed
369,297,21,2023-04-21,Performance Issue,Supplier Defect,Medium,True,Closed
370,692,13,2023-04-22,Incorrect Installation,Assembly Error,Medium,True,Closed
371,461,2,2023-04-22,Overheating,Supplier Defect,Medium,False,Closed
372,240,23,2023-04-22,Breakage,Supplier Defect,Medium,False,Closed
373,821,20,2023-04-22,Electrical Failure,Supplier Defect,Low,False,Closed
374,738,7,2023-04-23,Leakage,Material Failure,Low,True,Closed
375,371,24,2023-04-23,Noise,Customer Misuse,High,False,Closed
376,133,27,2023-04-23,Performance Issue,Manufacturing Error,Critical,True,Closed
377,749,3,2023-04-24,Overheating,Assembly Error,High,False,Closed
378,656,16,2023-04-24,Electrical Failure,Material Failure,High,True,Closed
379,419,11,2023-04-25,Overheating,Supplier Defect,High,True,Closed
380,523,18,2023-04-27,Electrical Failure,Customer Misuse,Medium,True,Closed
381,208,10,2023-04-27,Noise,Supplier Defect,Low,False,Closed
382,333,16,2023-04-27,Electrical Failure,Material Failure,High,False,Closed
383,790,15,2023-04-27,Performance Issue,Supplier Defect,Low,True,Closed
384,416,18,2023-04-27,Electrical Failure,Manufacturing Error,Medium,True,Closed
385,210,11,2023-04-28,Incorrect Installation,Assembly Error,High,True,Closed
386,492,13,2023-04-30,Overheating,Material Failure,High,True,Closed
387,702,9,2023-05-01,Noise,Supplier Defect,Medium,False,Closed
388,568,7,2023-05-01,Noise,Manufacturing Error,Medium,True,Closed
389,78,16,2023-05-02,Electrical Failure,Supplier Defect,Medium,False,Closed
390,140,21,2023-05-02,Electrical Failure,Manufacturing Error,Critical,True,Closed
391,27,22,2023-05-02,Breakage,Material Failure,Medium,True,Closed
392,281,13,2023-05-03,Leakage,Supplier Defect,Low,False,Closed
393,104,30,2023-05-03,Breakage,Manufacturing Error,High,True,Closed
394,179,15,2023-05-03,Electrical Failure,Assembly Error,High,False,Closed
395,514,4,2023-05-03,Incorrect Installation,Assembly Error,Medium,True,Closed
396,289,15,2023-05-04,Electrical Failure,Supplier Defect,High,True,Open
397,219,24,2023-05-04,Performance Issue,Supplier Defect,Low,False,Closed
398,823,2,2023-05-05,Performance Issue,Supplier Defect,Low,False,Closed
399,632,6,2023-05-05,Incorrect Installation,Assembly Error,Critical,True,Closed
400,566,24,2023-05-05,Breakage,Manufacturing Error,Critical,True,Closed
401,117,16,2023-05-05,Software Error,Design Issue,Low,True,Closed
402,816,15,2023-05-06,Software Error,Supplier Defect,Medium,True,Closed
403,774,14,2023-05-06,Leakage,Material Failure,Medium,False,Closed
404,641,24,2023-05-07,Noise,Assembly Error,Medium,False,Closed
405,303,15,2023-05-07,Performance Issue,Material Failure,Low,True,Closed
406,668,8,2023-05-07,Performance Issue,Manufacturing Error,Low,False,Closed
407,345,4,2023-05-08,Incorrect Installation,Assembly Error,Medium,False,Closed
408,121,24,2023-05-08,Breakage,Supplier Defect,High,True,Closed
409,692,9,2023-05-08,Performance Issue,Design Issue,High,True,Closed
410,104,11,2023-05-09,Leakage,Manufacturing Error,Medium,True,Closed
411,90,1,2023-05-09,Performance Issue,Unknown,Low,False,Closed
412,504,3,2023-05-10,Noise,Supplier Defect,Low,False,Closed
413,548,27,2023-05-10,Performance Issue,Customer Misuse,Low,False,Closed
414,778,26,2023-05-11,Noise,Assembly Error,Medium,False,Closed
415,674,14,2023-05-11,Breakage,Supplier Defect,High,True,Closed
416,806,16,2023-05-11,Software Error,Design Issue,Medium,True,Closed
417,217,28,2023-05-11,Performance Issue,Material Failure,Low,False,Closed
418,230,19,2023-05-12,Electrical Failure,Supplier Defect,Medium,False,Closed
419,177,9,2023-05-12,Breakage,Material Failure,Critical,True,Closed
420,332,26,2023-05-12,Performance Issue,Manufacturing Error,Low,False,Closed
421,280,19,2023-05-13,Electrical Failure,Material Failure,Medium,True,Closed
422,2,8,2023-05-14,Noise,Assembly Error,Medium,False,Closed
423,314,6,2023-05-15,Breakage,Supplier Defect,Low,False,Closed
424,37,22,2023-05-15,Noise,Assembly Error,Low,True,Closed
425,601,7,2023-05-15,Performance Issue,Material Failure,Low,True,Closed
426,476,14,2023-05-16,Leakage,Design Issue,Medium,False,Closed
427,592,24,2023-05-16,Performance Issue,Manufacturing Error,Low,False,Closed
428,165,16,2023-05-16,Electrical Failure,Supplier Defect,Medium,False,Closed
429,639,15,2023-05-18,Electrical Failure,Supplier Defect,Critical,True,Closed
430,560,3,2023-05-19,Breakage,Manufacturing Error,High,True,Closed
431,208,24,2023-05-19,Performance Issue,Supplier Defect,Medium,True,Closed
432,794,30,2023-05-20,Breakage,Assembly Error,High,True,Closed
433,368,21,2023-05-20,Incorrect Installation,Assembly Error,Medium,True,Closed
434,108,16,2023-05-20,Software Error,Supplier Defect,Medium,False,Closed
435,338,8,2023-05-21,Performance Issue,Unknown,Critical,True,Closed
436,518,7,2023-05-21,Performance Issue,Supplier Defect,Low,True,Closed
437,248,22,2023-05-21,Noise,Supplier Defect,Medium,True,Closed
438,536,2,2023-05-23,Performance Issue,Manufacturing Error,Medium,True,Closed
439,103,10,2023-05-23,Noise,Supplier Defect,High,True,Closed
440,481,22,2023-05-23,Noise,Customer Misuse,Medium,True,Closed
441,830,7,2023-05-23,Performance Issue,Assembly Error,Medium,False,Closed
442,671,2,2023-05-24,Noise,Material Failure,Medium,True,Closed
443,610,28,2023-05-24,Leakage,Customer Misuse,Low,False,Closed
444,270,23,2023-05-24,Performance Issue,Manufacturing Error,Low,True,Closed
445,587,24,2023-05-25,Noise,Design Issue,Low,False,Closed
446,172,11,2023-05-26,Breakage,Manufacturing Error,High,True,Closed
447,308,18,2023-05-26,Electrical Failure,Supplier Defect,Medium,False,Closed
448,650,7,2023-05-26,Breakage,Material Failure,High,True,Closed
449,481,28,2023-05-26,Performance Issue,Customer Misuse,High,True,Closed
450,336,18,2023-05-26,Electrical Failure,Manufacturing Error,Critical,True,Closed
451,17,18,2023-05-29,Electrical Failure,Material Failure,High,True,Closed
452,258,7,2023-05-30,Noise,Material Failure,Medium,False,Under Investigation
453,600,30,2023-05-30,Noise,Supplier Defect,Low,True,Closed
454,70,14,2023-05-30,Leakage,Supplier Defect,Low,False,Closed
455,836,7,2023-05-30,Breakage,Material Failure,Critical,False,Closed
456,602,11,2023-05-30,Overheating,Manufacturing Error,Critical,True,Closed
457,176,7,2023-05-30,Leakage,Supplier Defect,High,False,Closed
458,606,24,2023-05-30,Noise,Design Issue,Medium,False,Closed
459,525,22,2023-05-30,Noise,Supplier Defect,Low,False,Closed
460,754,28,2023-05-31,Noise,Material Failure,Low,False,Closed
461,67,16,2023-05-31,Performance Issue,Manufacturing Error,Medium,False,Closed
462,644,12,2023-06-01,Leakage,Supplier Defect,Low,False,Closed
463,365,22,2023-06-01,Performance Issue,Manufacturing Error,Low,False,Closed
464,553,2,2023-06-01,Breakage,Supplier Defect,High,True,Closed
465,803,5,2023-06-01,Performance Issue,Supplier Defect,Low,False,Closed
466,467,12,2023-06-02,Leakage,Assembly Error,Medium,True,Closed
467,890,12,2023-06-02,Leakage,Manufacturing Error,Medium,True,Closed
468,200,5,2023-06-02,Breakage,Design Issue,Low,False,Closed
469,528,20,2023-06-03,Electrical Failure,Manufacturing Error,Critical,True,Closed
470,119,13,2023-06-04,Breakage,Manufacturing Error,Critical,True,Closed
471,433,11,2023-06-04,Overheating,Material Failure,High,True,Closed
472,515,7,2023-06-04,Breakage,Design Issue,Medium,True,Closed
473,23,28,2023-06-04,Performance Issue,Supplier Defect,Low,False,Closed
474,497,14,2023-06-04,Leakage,Customer Misuse,Medium,False,Closed
475,477,19,2023-06-04,Overheating,Supplier Defect,High,True,Closed
476,555,13,2023-06-04,Leakage,Manufacturing Error,Medium,True,Closed
477,842,21,2023-06-05,Electrical Failure,Supplier Defect,High,True,Closed
478,588,27,2023-06-05,Noise,Material Failure,Low,False,Closed
479,354,9,2023-06-05,Noise,Design Issue,Low,False,Closed
480,132,17,2023-06-05,Electrical Failure,Customer Misuse,Medium,False,Closed
481,284,27,2023-06-06,Performance Issue,Assembly Error,Medium,False,Under Investigation
482,360,8,2023-06-07,Breakage,Supplier Defect,High,True,Closed
483,517,27,2023-06-07,Leakage,Unknown,Medium,False,Closed
484,358,13,2023-06-07,Leakage,Manufacturing Error,Critical,True,Closed
485,614,10,2023-06-07,Noise,Supplier Defect,Low,True,Closed
486,627,27,2023-06-08,Leakage,Supplier Defect,Low,False,Closed
487,783,7,2023-06-08,Leakage,Unknown,High,True,Under Investigation
488,469,28,2023-06-08,Incorrect Installation,Assembly Error,Low,False,Closed
489,800,14,2023-06-08,Overheating,Material Failure,Medium,True,Closed
490,11,11,2023-06-08,Leakage,Design Issue,Low,False,Closed
491,208,8,2023-06-09,Noise,Material Failure,Low,False,Closed
492,548,23,2023-06-09,Breakage,Customer Misuse,High,True,Closed
493,598,10,2023-06-09,Performance Issue,Material Failure,High,False,Closed
494,508,11,2023-06-10,Leakage,Supplier Defect,High,True,Closed
495,359,2,2023-06-10,Overheating,Material Failure,Medium,False,Closed
496,41,28,2023-06-10,Noise,Supplier Defect,Low,True,Closed
497,550,20,2023-06-11,Electrical Failure,Manufacturing Error,High,True,Closed
498,163,24,2023-06-11,Performance Issue,Manufacturing Error,Low,False,Closed
499,413,22,2023-06-11,Breakage,Design Issue,Medium,False,Closed
500,300,27,2023-06-11,Performance Issue,Assembly Error,Low,False,Closed
501,743,26,2023-06-11,Breakage,Supplier Defect,Low,True,Closed
502,809,26,2023-06-12,Leakage,Design Issue,Low,True,Closed
503,285,11,2023-06-12,Overheating,Material Failure,High,True,Closed
504,663,14,2023-06-12,Leakage,Customer Misuse,Medium,True,Closed
505,713,4,2023-06-13,Overheating,Manufacturing Error,Medium,False,Closed
506,432,15,2023-06-13,Electrical Failure,Supplier Defect,High,True,Closed
507,132,5,2023-06-13,Leakage,Supplier Defect,Medium,False,Closed
508,562,18,2023-06-13,Software Error,Material Failure,Low,False,Closed
509,434,12,2023-06-14,Leakage,Supplier Defect,Medium,True,Closed
510,412,27,2023-06-14,Performance Issue,Supplier Defect,Medium,False,Closed
511,813,21,2023-06-14,Overheating,Assembly Error,Medium,False,Closed
512,773,28,2023-06-15,Electrical Failure,Assembly Error,Low,True,Closed
513,557,13,2023-06-16,Overheating,Supplier Defect,Critical,False,Closed
514,105,8,2023-06-16,Breakage,Supplier Defect,High,True,Closed
515,830,9,2023-06-16,Incorrect Installation,Assembly Error,Low,False,Closed
516,589,24,2023-06-16,Breakage,Supplier Defect,Medium,True,Closed
517,324,11,2023-06-17,Breakage,Manufacturing Error,Critical,False,Closed
518,362,11,2023-06-18,Leakage,Design Issue,Low,False,Closed
519,174,28,2023-06-18,Incorrect Installation,Assembly Error,Low,False,Closed
520,564,11,2023-06-18,Overheating,Supplier Defect,Critical,True,Closed
521,440,23,2023-06-19,Leakage,Material Failure,High,False,Closed
522,791,30,2023-06-19,Breakage,Supplier Defect,High,True,Closed
523,874,14,2023-06-19,Breakage,Assembly Error,Medium,False,Closed
524,464,27,2023-06-19,Performance Issue,Unknown,Low,True,Closed
525,264,21,2023-06-20,Electrical Failure,Supplier Defect,High,True,Closed
526,471,11,2023-06-20,Leakage,Supplier Defect,Low,False,Closed
527,110,15,2023-06-20,Software Error,Customer Misuse,High,True,Closed
528,159,8,2023-06-21,Breakage,Customer Misuse,High,True,Closed
529,743,10,2023-06-21,Noise,Supplier Defect,Low,False,Closed
530,490,11,2023-06-21,Noise,Supplier Defect,Low,False,Closed
531,660,18,2023-06-21,Electrical Failure,Supplier Defect,Medium,True,Closed
532,819,25,2023-06-21,Noise,Supplier Defect,Low,False,Closed
533,468,13,2023-06-21,Breakage,Design Issue,Medium,False,Closed
534,377,29,2023-06-21,Noise,Customer Misuse,Low,True,Closed
535,603,14,2023-06-22,Breakage,Supplier Defect,High,True,Closed
536,827,11,2023-06-22,Breakage,Supplier Defect,Medium,True,Closed
537,824,10,2023-06-22,Leakage,Manufacturing Error,High,True,Closed
538,889,15,2023-06-22,Electrical Failure,Material Failure,Medium,False,Closed
539,859,5,2023-06-23,Performance Issue,Customer Misuse,Low,False,Closed
540,577,22,2023-06-23,Noise,Supplier Defect,Low,True,Closed
541,626,29,2023-06-23,Incorrect Installation,Assembly Error,Low,True,Closed
542,748,18,2023-06-24,Electrical Failure,Supplier Defect,Medium,True,Closed
543,792,12,2023-06-24,Noise,Design Issue,Low,False,Closed
544,226,30,2023-06-24,Breakage,Design Issue,Critical,True,Closed
545,706,7,2023-06-25,Incorrect Installation,Assembly Error,Low,False,Closed
546,838,11,2023-06-25,Leakage,Material Failure,Medium,False,Closed
547,385,6,2023-06-25,Performance Issue,Design Issue,Low,False,Closed
548,32,24,2023-06-25,Performance Issue,Manufacturing Error,Medium,False,Closed
549,577,13,2023-06-25,Noise,Manufacturing Error,High,True,Closed
550,363,13,2023-06-25,Overheating,Design Issue,Medium,True,Closed
551,772,27,2023-06-25,Performance Issue,Manufacturing Error,Medium,True,Closed
552,249,21,2023-06-25,Electrical Failure,Manufacturing Error,High,False,Closed
553,446,5,2023-06-27,Breakage,Supplier Defect,Critical,True,Closed
554,715,18,2023-06-27,Software Error,Material Failure,Critical,True,Open
555,549,28,2023-06-27,Leakage,Material Failure,Low,False,Closed
556,85,18,2023-06-27,Performance Issue,Design Issue,High,False,Closed
557,883,16,2023-06-27,Performance Issue,Supplier Defect,Low,True,Closed
558,86,14,2023-06-28,Overheating,Supplier Defect,High,False,Closed
559,415,7,2023-06-28,Performance Issue,Manufacturing Error,Medium,False,Closed
560,63,14,2023-06-28,Overheating,Supplier Defect,High,True,Closed
561,419,7,2023-06-28,Noise,Manufacturing Error,Low,False,Closed
562,3,11,2023-06-28,Incorrect Installation,Assembly Error,Medium,True,Closed
563,32,4,2023-06-29,Performance Issue,Manufacturing Error,Medium,False,Closed
564,756,7,2023-06-29,Leakage,Material Failure,Critical,True,Closed
565,481,5,2023-06-29,Leakage,Supplier Defect,Medium,True,Closed
566,804,20,2023-06-29,Electrical Failure,Manufacturing Error,Critical,True,Closed
567,123,11,2023-06-30,Noise,Material Failure,Medium,True,Closed
568,5,16,2023-06-30,Software Error,Design Issue,Low,False,Closed
569,412,22,2023-07-01,Leakage,Manufacturing Error,High,True,Closed
570,259,17,2023-07-01,Electrical Failure,Customer Misuse,High,False,Closed
571,685,13,2023-07-02,Noise,Manufacturing Error,High,True,Closed
572,383,14,2023-07-02,Leakage,Material Failure,Low,True,Under Investigation
573,33,25,2023-07-02,Noise,Supplier Defect,Low,False,Closed
574,47,7,2023-07-03,Incorrect Installation,Assembly Error,Low,True,Closed
575,375,28,2023-07-03,Performance Issue,Material Failure,Medium,False,Closed
576,790,25,2023-07-03,Performance Issue,Supplier Defect,Medium,True,Closed
577,387,30,2023-07-03,Breakage,Material Failure,Medium,True,Closed
578,270,12,2023-07-03,Overheating,Supplier Defect,Critical,True,Closed
579,756,6,2023-07-03,Noise,Supplier Defect,Medium,True,Closed
580,1,22,2023-07-03,Noise,Manufacturing Error,Low,False,Closed
581,471,4,2023-07-04,Performance Issue,Supplier Defect,Medium,True,Closed
582,838,19,2023-07-04,Electrical Failure,Unknown,Low,True,Closed
583,294,16,2023-07-04,Software Error,Material Failure,Medium,False,Closed
584,226,30,2023-07-04,Noise,Material Failure,Medium,False,Closed
585,672,11,2023-07-04,Overheating,Manufacturing Error,High,True,Closed
586,526,16,2023-07-04,Software Error,Supplier Defect,Medium,False,Closed
587,258,29,2023-07-05,Breakage,Supplier Defect,Medium,False,Closed
588,781,27,2023-07-05,Noise,Assembly Error,Medium,False,Closed
589,264,11,2023-07-06,Noise,Material Failure,Low,False,Closed
590,307,26,2023-07-06,Breakage,Design Issue,High,False,Closed
591,377,18,2023-07-06,Software Error,Supplier Defect,Medium,False,Closed
592,214,7,2023-07-06,Performance Issue,Supplier Defect,Medium,True,Open
593,177,5,2023-07-07,Leakage,Manufacturing Error,Medium,True,Closed
594,183,6,2023-07-07,Performance Issue,Manufacturing Error,Medium,True,Closed
595,634,14,2023-07-07,Overheating,Supplier Defect,High,False,Closed
596,475,9,2023-07-08,Noise,Manufacturing Error,Low,False,Closed
597,257,28,2023-07-08,Performance Issue,Manufacturing Error,Medium,True,Open
598,733,4,2023-07-08,Incorrect Installation,Assembly Error,High,True,Closed
599,121,24,2023-07-08,Breakage,Supplier Defect,Low,True,Closed
600,161,7,2023-07-08,Breakage,Assembly Error,Low,False,Closed
601,573,24,2023-07-08,Noise,Design Issue,Medium,False,Closed
602,700,15,2023-07-08,Software Error,Supplier Defect,Low,False,Closed
603,652,11,2023-07-08,Leakage,Manufacturing Error,Critical,True,Closed
604,152,10,2023-07-09,Performance Issue,Supplier Defect,High,True,Closed
605,47,27,2023-07-09,Performance Issue,Manufacturing Error,High,True,Closed
606,82,25,2023-07-09,Noise,Supplier Defect,Low,False,Closed
607,646,14,2023-07-09,Leakage,Supplier Defect,Low,True,Closed
608,88,12,2023-07-10,Leakage,Manufacturing Error,High,True,Closed
609,854,7,2023-07-10,Performance Issue,Supplier Defect,High,True,Closed
610,425,11,2023-07-10,Leakage,Unknown,Low,True,Closed
611,570,26,2023-07-10,Leakage,Manufacturing Error,Medium,False,Closed
612,152,6,2023-07-10,Noise,Unknown,Low,False,Closed
613,844,10,2023-07-11,Noise,Supplier Defect,Medium,False,Closed
614,233,22,2023-07-11,Breakage,Material Failure,Critical,True,Closed
615,570,14,2023-07-12,Leakage,Material Failure,Low,False,Closed
616,653,27,2023-07-12,Electrical Failure,Design Issue,Medium,True,Closed
617,78,21,2023-07-13,Overheating,Manufacturing Error,High,True,Open
618,651,22,2023-07-13,Noise,Manufacturing Error,High,True,Closed
619,260,26,2023-07-13,Noise,Manufacturing Error,Low,True,Closed
620,344,24,2023-07-14,Leakage,Manufacturing Error,Medium,True,Closed
621,717,11,2023-07-14,Overheating,Assembly Error,High,False,Closed
622,499,8,2023-07-14,Performance Issue,Supplier Defect,Low,True,Closed
623,577,13,2023-07-14,Overheating,Manufacturing Error,High,False,Closed
624,98,14,2023-07-15,Overheating,Manufacturing Error,Low,True,Closed
625,272,11,2023-07-15,Leakage,Assembly Error,Medium,False,Closed
626,807,20,2023-07-15,Overheating,Material Failure,Medium,True,Closed
627,300,24,2023-07-16,Noise,Supplier Defect,Low,False,Closed
628,577,9,2023-07-16,Breakage,Supplier Defect,Low,False,Closed
629,550,11,2023-07-16,Leakage,Supplier Defect,High,True,Closed
630,160,24,2023-07-17,Performance Issue,Manufacturing Error,Medium,True,Closed
631,90,9,2023-07-17,Performance Issue,Material Failure,High,False,Open
632,363,24,2023-07-17,Noise,Material Failure,Low,True,Closed
633,419,29,2023-07-17,Incorrect Installation,Assembly Error,Low,False,Closed
634,334,11,2023-07-18,Leakage,Assembly Error,High,True,Closed
635,693,19,2023-07-19,Electrical Failure,Supplier Defect,Low,True,Under Investigation
636,419,23,2023-07-19,Performance Issue,Material Failure,Medium,False,Closed
637,186,12,2023-07-19,Leakage,Design Issue,High,False,Closed
638,33,21,2023-07-19,Electrical Failure,Supplier Defect,High,False,Closed
639,249,5,2023-07-19,Performance Issue,Unknown,Medium,False,Under Investigation
640,109,27,2023-07-19,Leakage,Design Issue,High,False,Closed
641,831,13,2023-07-20,Noise,Supplier Defect,Medium,True,Closed
642,673,27,2023-07-20,Leakage,Manufacturing Error,Low,True,Closed
643,656,5,2023-07-21,Leakage,Assembly Error,Medium,False,Closed
644,473,6,2023-07-21,Performance Issue,Manufacturing Error,Low,False,Closed
645,59,14,2023-07-21,Breakage,Supplier Defect,High,False,Closed
646,582,17,2023-07-21,Software Error,Supplier Defect,Low,False,Closed
647,476,16,2023-07-22,Software Error,Supplier Defect,Low,False,Closed
648,206,15,2023-07-22,Software Error,Supplier Defect,Medium,True,Closed
649,504,27,2023-07-22,Noise,Assembly Error,Medium,False,Closed
650,304,22,2023-07-22,Noise,Supplier Defect,Medium,False,Closed
651,690,13,2023-07-22,Overheating,Manufacturing Error,Medium,False,Closed
652,870,3,2023-07-22,Performance Issue,Manufacturing Error,Medium,False,Closed
653,840,29,2023-07-23,Leakage,Unknown,Medium,False,Closed
654,180,11,2023-07-23,Overheating,Design Issue,Medium,False,Open
655,420,12,2023-07-23,Noise,Manufacturing Error,Low,False,Closed
656,642,2,2023-07-24,Leakage,Customer Misuse,Medium,True,Closed
657,221,12,2023-07-24,Leakage,Supplier Defect,Medium,True,Closed
658,680,7,2023-07-24,Breakage,Supplier Defect,Critical,True,Closed
659,472,24,2023-07-25,Performance Issue,Supplier Defect,Medium,True,Closed
660,696,27,2023-07-25,Noise,Supplier Defect,Low,True,Closed
661,549,15,2023-07-25,Software Error,Unknown,Medium,False,Closed
662,424,22,2023-07-25,Noise,Material Failure,Medium,True,Closed
663,738,22,2023-07-26,Performance Issue,Manufacturing Error,Low,True,Closed
664,743,22,2023-07-26,Performance Issue,Supplier Defect,Critical,True,Closed
665,505,6,2023-07-26,Breakage,Supplier Defect,High,True,Closed
666,144,19,2023-07-27,Electrical Failure,Supplier Defect,Low,False,Closed
667,29,29,2023-07-27,Performance Issue,Supplier Defect,Medium,False,Closed
668,524,20,2023-07-27,Electrical Failure,Material Failure,Medium,False,Closed
669,532,17,2023-07-28,Performance Issue,Design Issue,Medium,False,Closed
670,496,11,2023-07-28,Leakage,Supplier Defect,Low,False,Closed
671,39,3,2023-07-29,Performance Issue,Assembly Error,Medium,True,Closed
672,558,9,2023-07-29,Noise,Manufacturing Error,Low,False,Closed
673,49,12,2023-07-30,Overheating,Supplier Defect,Critical,False,Closed
674,206,21,2023-07-30,Electrical Failure,Supplier Defect,Low,True,Closed
675,36,7,2023-07-30,Breakage,Material Failure,High,False,Closed
676,528,14,2023-07-30,Noise,Manufacturing Error,Low,False,Under Investigation
677,197,14,2023-07-30,Leakage,Assembly Error,Medium,True,Closed
678,351,11,2023-07-31,Leakage,Design Issue,High,True,Closed
679,873,23,2023-07-31,Noise,Unknown,Medium,False,Closed
680,554,21,2023-07-31,Electrical Failure,Supplier Defect,High,True,Closed
681,316,27,2023-07-31,Performance Issue,Design Issue,High,False,Closed
682,145,17,2023-07-31,Electrical Failure,Design Issue,Low,False,Closed
683,124,26,2023-07-31,Performance Issue,Material Failure,High,True,Closed
684,456,15,2023-07-31,Software Error,Material Failure,High,False,Closed
685,70,27,2023-08-01,Performance Issue,Supplier Defect,High,False,Under Investigation
686,273,29,2023-08-01,Breakage,Supplier Defect,Medium,True,Closed
687,510,13,2023-08-02,Overheating,Unknown,Critical,False,Closed
688,75,21,2023-08-02,Electrical Failure,Supplier Defect,High,True,Closed
689,778,16,2023-08-02,Incorrect Installation,Assembly Error,Low,True,Closed
690,270,16,2023-08-03,Incorrect Installation,Assembly Error,Medium,True,Closed
691,676,28,2023-08-03,Noise,Supplier Defect,Low,False,Closed
692,447,22,2023-08-03,Breakage,Material Failure,High,False,Closed
693,844,17,2023-08-03,Electrical Failure,Supplier Defect,Low,False,Closed
694,882,8,2023-08-03,Performance Issue,Customer Misuse,Critical,True,Closed
695,44,4,2023-08-03,Noise,Supplier Defect,Medium,False,Closed
696,638,27,2023-08-04,Incorrect Installation,Assembly Error,Medium,True,Closed
697,23,27,2023-08-04,Incorrect Installation,Assembly Error,High,True,Closed
698,113,27,2023-08-04,Performance Issue,Design Issue,Low,False,Closed
699,672,11,2023-08-05,Noise,Unknown,Low,False,Closed
700,774,3,2023-08-05,Performance Issue,Material Failure,Medium,True,Closed
701,723,11,2023-08-06,Leakage,Assembly Error,Medium,False,Closed
702,697,6,2023-08-06,Breakage,Manufacturing Error,High,True,Closed
703,352,11,2023-08-06,Noise,Supplier Defect,Medium,False,Closed
704,341,15,2023-08-06,Software Error,Supplier Defect,High,True,Closed
705,192,16,2023-08-06,Performance Issue,Supplier Defect,Medium,True,Closed
706,675,25,2023-08-06,Noise,Unknown,Medium,False,Closed
707,837,6,2023-08-06,Performance Issue,Material Failure,Low,False,Closed
708,830,24,2023-08-07,Noise,Design Issue,Low,False,Closed
709,726,5,2023-08-07,Noise,Manufacturing Error,High,True,Under Investigation
710,412,29,2023-08-07,Performance Issue,Customer Misuse,Medium,False,Closed
711,713,1,2023-08-07,Performance Issue,Supplier Defect,Low,False,Closed
712,558,28,2023-08-08,Performance Issue,Assembly Error,Medium,False,Closed
713,311,27,2023-08-08,Leakage,Supplier Defect,Low,True,Closed
714,864,24,2023-08-09,Performance Issue,Supplier Defect,Medium,False,Closed
715,83,29,2023-08-09,Incorrect Installation,Assembly Error,Low,True,Closed
716,356,11,2023-08-09,Overheating,Assembly Error,Critical,True,Open
717,150,8,2023-08-09,Performance Issue,Assembly Error,High,False,Closed
718,845,4,2023-08-09,Breakage,Supplier Defect,High,True,Closed
719,866,7,2023-08-10,Performance Issue,Manufacturing Error,Low,True,Closed
720,236,5,2023-08-10,Performance Issue,Supplier Defect,High,True,Closed
721,179,7,2023-08-10,Performance Issue,Supplier Defect,High,True,Closed
722,290,7,2023-08-11,Performance Issue,Material Failure,Low,True,Closed
723,148,25,2023-08-11,Performance Issue,Material Failure,Low,False,Closed
724,2,22,2023-08-11,Noise,Manufacturing Error,Low,False,Closed
725,519,22,2023-08-12,Noise,Material Failure,Low,False,Closed
726,557,3,2023-08-12,Leakage,Material Failure,Low,True,Closed
727,42,7,2023-08-12,Performance Issue,Supplier Defect,High,True,Closed
728,27,27,2023-08-12,Noise,Material Failure,Medium,False,Closed
729,477,28,2023-08-12,Electrical Failure,Supplier Defect,Medium,True,Closed
730,258,12,2023-08-13,Overheating,Supplier Defect,Medium,False,Closed
731,682,27,2023-08-13,Leakage,Customer Misuse,Critical,False,Closed
732,74,27,2023-08-13,Leakage,Material Failure,High,True,Closed
733,77,27,2023-08-14,Electrical Failure,Supplier Defect,Medium,False,Closed
734,264,11,2023-08-14,Leakage,Supplier Defect,High,True,Closed
735,92,12,2023-08-14,Breakage,Supplier Defect,High,True,Closed
736,157,9,2023-08-14,Noise,Material Failure,Low,True,Closed
737,604,28,2023-08-14,Electrical Failure,Supplier Defect,Low,False,Closed
738,567,29,2023-08-14,Leakage,Assembly Error,High,True,Closed
739,796,19,2023-08-14,Overheating,Supplier Defect,High,True,Closed
740,585,14,2023-08-14,Noise,Design Issue,Low,False,Closed
741,220,27,2023-08-14,Performance Issue,Supplier Defect,Medium,True,Under Investigation
742,50,22,2023-08-14,Noise,Material Failure,Low,False,Closed
743,797,12,2023-08-15,Overheating,Manufacturing Error,High,True,Closed
744,163,23,2023-08-16,Noise,Supplier Defect,Medium,True,Closed
745,620,13,2023-08-16,Overheating,Material Failure,High,True,Closed
746,598,1,2023-08-16,Noise,Supplier Defect,Low,False,Closed
747,329,8,2023-08-16,Noise,Manufacturing Error,Medium,False,Open
748,403,6,2023-08-17,Performance Issue,Supplier Defect,Low,False,Closed
749,288,6,2023-08-17,Noise,Assembly Error,Low,False,Closed
750,1,13,2023-08-17,Leakage,Material Failure,Medium,True,Closed
751,518,5,2023-08-18,Leakage,Material Failure,High,True,Closed
752,18,21,2023-08-19,Electrical Failure,Supplier Defect,Medium,True,Closed
753,357,16,2023-08-19,Electrical Failure,Supplier Defect,Medium,False,Closed
754,884,24,2023-08-19,Performance Issue,Supplier Defect,High,True,Closed
755,284,24,2023-08-19,Breakage,Manufacturing Error,High,True,Closed
756,825,5,2023-08-20,Performance Issue,Supplier Defect,Medium,True,Closed
757,362,8,2023-08-21,Performance Issue,Supplier Defect,Medium,True,Closed
758,823,21,2023-08-21,Electrical Failure,Customer Misuse,Low,True,Closed
759,80,15,2023-08-21,Software Error,Supplier Defect,Low,False,Closed
760,579,1,2023-08-21,Noise,Design Issue,Medium,False,Closed
761,84,24,2023-08-21,Noise,Design Issue,Medium,True,Closed
762,534,18,2023-08-21,Performance Issue,Manufacturing Error,Low,False,Closed
763,126,9,2023-08-21,Leakage,Supplier Defect,Medium,True,Closed
764,507,23,2023-08-22,Noise,Material Failure,Low,False,Closed
765,720,6,2023-08-22,Breakage,Unknown,Medium,True,Closed
766,795,6,2023-08-22,Leakage,Material Failure,High,True,Closed
767,836,22,2023-08-23,Noise,Design Issue,High,True,Closed
768,21,6,2023-08-24,Leakage,Material Failure,Medium,True,Closed
769,810,7,2023-08-24,Breakage,Manufacturing Error,Medium,False,Closed
770,859,16,2023-08-24,Software Error,Design Issue,Medium,True,Closed
771,722,20,2023-08-24,Electrical Failure,Supplier Defect,High,False,Closed
772,705,28,2023-08-25,Performance Issue,Supplier Defect,Low,False,Closed
773,660,13,2023-08-25,Overheating,Manufacturing Error,Medium,True,Closed
774,842,13,2023-08-25,Noise,Material Failure,Low,True,Closed
775,547,11,2023-08-25,Overheating,Supplier Defect,High,True,Closed
776,309,27,2023-08-26,Incorrect Installation,Assembly Error,Low,True,Closed
777,847,1,2023-08-26,Overheating,Supplier Defect,Medium,False,Closed
778,737,22,2023-08-26,Performance Issue,Material Failure,High,True,Closed
779,629,16,2023-08-27,Software Error,Design Issue,Medium,False,Under Investigation
780,636,27,2023-08-27,Noise,Customer Misuse,Medium,True,Closed
781,861,18,2023-08-27,Electrical Failure,Design Issue,High,True,Closed
782,537,6,2023-08-27,Performance Issue,Assembly Error,Medium,True,Closed
783,527,16,2023-08-28,Electrical Failure,Supplier Defect,High,True,Closed
784,304,27,2023-08-28,Noise,Supplier Defect,Low,False,Closed
785,775,3,2023-08-28,Breakage,Supplier Defect,High,True,Under Investigation
786,401,5,2023-08-28,Leakage,Unknown,High,True,Closed
787,433,18,2023-08-29,Electrical Failure,Design Issue,High,True,Closed
788,879,24,2023-08-29,Noise,Design Issue,Low,False,Closed
789,137,22,2023-08-29,Incorrect Installation,Assembly Error,Medium,True,Closed
790,356,19,2023-08-29,Electrical Failure,Material Failure,High,True,Closed
791,349,14,2023-08-30,Breakage,Supplier Defect,Critical,False,Closed
792,280,22,2023-08-30,Noise,Material Failure,Low,True,Closed
793,841,23,2023-08-30,Noise,Material Failure,High,True,Closed
794,506,2,2023-08-30,Performance Issue,Manufacturing Error,Low,True,Closed
795,214,17,2023-08-30,Performance Issue,Supplier Defect,Low,False,Closed
796,703,23,2023-08-30,Breakage,Supplier Defect,Medium,False,Closed
797,557,22,2023-08-30,Incorrect Installation,Assembly Error,Medium,False,Closed
798,545,21,2023-08-30,Electrical Failure,Supplier Defect,Medium,False,Closed
799,263,7,2023-08-30,Noise,Supplier Defect,Low,True,Closed
800,46,11,2023-08-31,Overheating,Supplier Defect,High,True,Closed
801,108,10,2023-08-31,Noise,Material Failure,Critical,True,Closed
802,384,4,2023-09-01,Leakage,Supplier Defect,Medium,True,Closed
803,843,29,2023-09-01,Breakage,Supplier Defect,Critical,True,Closed
804,884,27,2023-09-01,Performance Issue,Design Issue,Medium,False,Closed
805,339,27,2023-09-01,Electrical Failure,Supplier Defect,High,False,Closed
806,120,7,2023-09-01,Breakage,Material Failure,High,True,Closed
807,144,7,2023-09-02,Noise,Design Issue,Medium,False,Closed
808,578,2,2023-09-02,Breakage,Manufacturing Error,High,True,Closed
809,283,20,2023-09-02,Electrical Failure,Design Issue,Medium,True,Closed
810,826,16,2023-09-02,Electrical Failure,Manufacturing Error,High,False,Closed
811,263,18,2023-09-02,Electrical Failure,Customer Misuse,Medium,True,Closed
812,661,15,2023-09-03,Electrical Failure,Supplier Defect,Low,False,Closed
813,36,12,2023-09-04,Overheating,Manufacturing Error,High,False,Closed
814,34,24,2023-09-04,Leakage,Supplier Defect,Medium,True,Under Investigation
815,165,22,2023-09-04,Noise,Supplier Defect,Low,False,Closed
816,73,18,2023-09-05,Electrical Failure,Design Issue,Low,True,Closed
817,627,15,2023-09-05,Electrical Failure,Unknown,Medium,True,Closed
818,386,9,2023-09-05,Breakage,Material Failure,Medium,False,Closed
819,499,9,2023-09-05,Breakage,Material Failure,Critical,False,Closed
820,416,24,2023-09-05,Incorrect Installation,Assembly Error,High,True,Under Investigation
821,715,12,2023-09-06,Overheating,Material Failure,High,True,Closed
822,539,1,2023-09-06,Performance Issue,Material Failure,Low,False,Closed
823,357,9,2023-09-07,Leakage,Material Failure,Medium,True,Closed
824,772,17,2023-09-07,Electrical Failure,Supplier Defect,Low,False,Closed
825,69,7,2023-09-07,Leakage,Manufacturing Error,Medium,True,Closed
826,678,12,2023-09-07,Leakage,Material Failure,High,False,Closed
827,603,22,2023-09-08,Breakage,Supplier Defect,Medium,True,Closed
828,146,14,2023-09-08,Overheating,Assembly Error,High,True,Closed
829,67,6,2023-09-08,Leakage,Manufacturing Error,Medium,True,Closed
830,524,25,2023-09-08,Leakage,Material Failure,High,True,Closed
831,234,4,2023-09-09,Leakage,Supplier Defect,Medium,False,Closed
832,613,16,2023-09-09,Electrical Failure,Supplier Defect,Medium,False,Closed
833,31,10,2023-09-09,Leakage,Material Failure,High,False,Closed
834,254,26,2023-09-10,Leakage,Supplier Defect,High,False,Closed
835,394,27,2023-09-10,Leakage,Customer Misuse,High,True,Closed
836,363,24,2023-09-10,Leakage,Material Failure,High,True,Under Investigation
837,857,18,2023-09-10,Performance Issue,Design Issue,Medium,False,Closed
838,280,8,2023-09-10,Performance Issue,Design Issue,Medium,False,Closed
839,360,2,2023-09-10,Leakage,Material Failure,Medium,True,Closed
840,337,22,2023-09-10,Performance Issue,Design Issue,Medium,False,Closed
841,704,23,2023-09-11,Noise,Assembly Error,Medium,True,Closed
842,705,30,2023-09-11,Noise,Manufacturing Error,Low,False,Closed
843,156,18,2023-09-11,Software Error,Supplier Defect,Medium,True,Closed
844,392,10,2023-09-11,Breakage,Supplier Defect,High,False,Closed
845,92,22,2023-09-11,Performance Issue,Supplier Defect,Critical,True,Closed
846,437,22,2023-09-11,Breakage,Manufacturing Error,Critical,True,Closed
847,785,5,2023-09-12,Breakage,Supplier Defect,High,True,Closed
848,607,14,2023-09-12,Leakage,Supplier Defect,Critical,True,Closed
849,117,16,2023-09-12,Performance Issue,Supplier Defect,Medium,False,Closed
850,59,29,2023-09-13,Noise,Supplier Defect,Low,True,Closed
851,855,11,2023-09-13,Overheating,Design Issue,Medium,False,Closed
852,605,23,2023-09-13,Incorrect Installation,Assembly Error,Low,False,Closed
853,789,27,2023-09-13,Incorrect Installation,Assembly Error,High,True,Closed
854,419,11,2023-09-13,Overheating,Manufacturing Error,Medium,False,Closed
855,429,3,2023-09-14,Noise,Supplier Defect,Medium,False,Closed
856,355,1,2023-09-14,Performance Issue,Material Failure,Medium,False,Closed
857,853,11,2023-09-15,Overheating,Supplier Defect,Critical,True,Closed
858,258,11,2023-09-15,Leakage,Supplier Defect,High,True,Closed
859,116,5,2023-09-16,Leakage,Supplier Defect,Low,False,Closed
860,561,24,2023-09-16,Leakage,Supplier Defect,Critical,True,Closed
861,104,8,2023-09-16,Leakage,Design Issue,High,True,Closed
862,131,30,2023-09-16,Noise,Design Issue,Low,True,Closed
863,577,29,2023-09-16,Incorrect Installation,Assembly Error,Medium,True,Closed
864,830,30,2023-09-17,Incorrect Installation,Assembly Error,High,True,Closed
865,274,12,2023-09-17,Leakage,Supplier Defect,High,True,Closed
866,17,23,2023-09-17,Noise,Design Issue,High,True,Closed
867,523,18,2023-09-18,Software Error,Material Failure,Medium,False,Closed
868,225,27,2023-09-18,Performance Issue,Manufacturing Error,Low,False,Closed
869,345,26,2023-09-18,Performance Issue,Material Failure,Medium,True,Closed
870,723,7,2023-09-18,Breakage,Supplier Defect,High,True,Closed
871,123,26,2023-09-19,Breakage,Customer Misuse,High,True,Closed
872,221,26,2023-09-19,Leakage,Material Failure,Medium,True,Closed
873,491,28,2023-09-19,Leakage,Supplier Defect,Medium,False,Closed
874,567,20,2023-09-20,Overheating,Supplier Defect,High,True,Closed
875,79,25,2023-09-20,Performance Issue,Customer Misuse,Low,False,Closed
876,307,23,2023-09-20,Incorrect Installation,Assembly Error,High,False,Closed
877,227,24,2023-09-20,Noise,Unknown,Low,False,Closed
878,283,13,2023-09-20,Leakage,Material Failure,Low,False,Closed
879,345,27,2023-09-21,Performance Issue,Supplier Defect,Medium,True,Closed
880,852,26,2023-09-22,Performance Issue,Manufacturing Error,Low,False,Closed
881,419,18,2023-09-22,Software Error,Supplier Defect,Medium,False,Closed
882,436,18,2023-09-22,Software Error,Customer Misuse,Low,True,Closed
883,701,9,2023-09-22,Performance Issue,Supplier Defect,Medium,True,Under Investigation
884,265,13,2023-09-22,Breakage,Manufacturing Error,High,True,Closed
885,789,23,2023-09-22,Leakage,Customer Misuse,Medium,False,Closed
886,782,30,2023-09-22,Breakage,Material Failure,Critical,True,Closed
887,552,30,2023-09-23,Incorrect Installation,Assembly Error,Critical,True,Closed
888,796,19,2023-09-23,Overheating,Manufacturing Error,Medium,False,Closed
889,83,24,2023-09-23,Breakage,Assembly Error,Medium,False,Closed
890,449,22,2023-09-23,Noise,Supplier Defect,Low,True,Closed
891,739,27,2023-09-24,Incorrect Installation,Assembly Error,Medium,False,Closed
892,185,16,2023-09-24,Performance Issue,Supplier Defect,High,False,Closed
893,605,20,2023-09-24,Electrical Failure,Supplier Defect,Medium,True,Closed
894,165,26,2023-09-24,Leakage,Manufacturing Error,Low,True,Closed
895,558,28,2023-09-25,Electrical Failure,Design Issue,Medium,True,Closed
896,816,29,2023-09-25,Breakage,Design Issue,High,True,Closed
897,213,26,2023-09-26,Breakage,Material Failure,Medium,True,Closed
898,721,30,2023-09-27,Noise,Design Issue,Low,False,Closed
899,230,9,2023-09-27,Noise,Material Failure,Low,False,Closed
900,586,14,2023-09-27,Leakage,Unknown,High,True,Closed
901,876,18,2023-09-27,Performance Issue,Design Issue,High,False,Closed
902,660,17,2023-09-27,Electrical Failure,Supplier Defect,Medium,False,Closed
903,850,7,2023-09-27,Breakage,Supplier Defect,Medium,False,Closed
904,513,16,2023-09-27,Electrical Failure,Manufacturing Error,High,True,Closed
905,413,7,2023-09-27,Performance Issue,Customer Misuse,High,True,Closed
906,36,5,2023-09-28,Breakage,Manufacturing Error,Medium,False,Closed
907,871,7,2023-09-28,Noise,Customer Misuse,Medium,True,Closed
908,646,15,2023-09-28,Electrical Failure,Supplier Defect,High,False,Closed
909,386,7,2023-09-28,Performance Issue,Supplier Defect,Medium,True,Closed
910,63,21,2023-09-29,Incorrect Installation,Assembly Error,Medium,False,Closed
911,43,27,2023-09-29,Leakage,Manufacturing Error,Medium,False,Closed
912,511,24,2023-09-29,Noise,Manufacturing Error,Medium,True,Closed
913,890,17,2023-09-29,Performance Issue,Material Failure,Medium,False,Closed
914,663,4,2023-09-29,Leakage,Unknown,Low,False,Closed
915,889,23,2023-09-30,Incorrect Installation,Assembly Error,Medium,True,Closed
916,8,13,2023-09-30,Leakage,Design Issue,High,False,Closed
917,474,16,2023-10-01,Electrical Failure,Unknown,Medium,True,Closed
918,477,24,2023-10-01,Noise,Supplier Defect,Medium,True,Closed
919,559,7,2023-10-01,Noise,Unknown,Low,False,Closed
920,125,19,2023-10-01,Overheating,Supplier Defect,High,False,Closed
921,276,22,2023-10-01,Performance Issue,Material Failure,Critical,True,Closed
922,661,5,2023-10-01,Incorrect Installation,Assembly Error,Low,False,Under Investigation
923,264,4,2023-10-01,Breakage,Material Failure,Medium,False,Closed
924,55,6,2023-10-01,Leakage,Manufacturing Error,High,False,Closed
925,9,13,2023-10-02,Breakage,Assembly Error,Medium,False,Closed
926,267,11,2023-10-02,Noise,Supplier Defect,Medium,True,Closed
927,537,8,2023-10-02,Leakage,Material Failure,High,True,Closed
928,744,27,2023-10-02,Leakage,Supplier Defect,Medium,False,Closed
929,692,12,2023-10-02,Noise,Supplier Defect,Low,False,Closed
930,430,18,2023-10-03,Electrical Failure,Supplier Defect,Medium,True,Closed
931,876,14,2023-10-03,Leakage,Assembly Error,Medium,True,Closed
932,496,2,2023-10-03,Overheating,Supplier Defect,High,False,Closed
933,427,21,2023-10-03,Electrical Failure,Supplier Defect,Low,False,Closed
934,199,25,2023-10-03,Performance Issue,Manufacturing Error,Medium,False,Closed
935,176,6,2023-10-04,Breakage,Assembly Error,Medium,False,Closed
936,359,6,2023-10-04,Leakage,Supplier Defect,Low,False,Closed
937,88,5,2023-10-04,Performance Issue,Customer Misuse,Low,False,Closed
938,860,22,2023-10-05,Noise,Supplier Defect,Low,False,Closed
939,837,9,2023-10-05,Performance Issue,Supplier Defect,Medium,False,Closed
940,482,18,2023-10-05,Electrical Failure,Manufacturing Error,High,True,Closed
941,678,28,2023-10-05,Performance Issue,Supplier Defect,Low,False,Closed
942,791,6,2023-10-06,Breakage,Supplier Defect,Medium,False,Closed
943,262,24,2023-10-06,Noise,Material Failure,Medium,False,Closed
944,11,8,2023-10-06,Performance Issue,Manufacturing Error,Medium,False,Closed
945,244,17,2023-10-06,Electrical Failure,Manufacturing Error,Medium,True,Closed
946,247,7,2023-10-06,Leakage,Supplier Defect,Medium,True,Closed
947,761,11,2023-10-06,Overheating,Supplier Defect,High,False,Closed
948,21,16,2023-10-06,Electrical Failure,Supplier Defect,Medium,False,Closed
949,19,25,2023-10-07,Performance Issue,Supplier Defect,Medium,True,Closed
950,56,5,2023-10-07,Noise,Supplier Defect,Low,True,Closed
951,579,9,2023-10-07,Noise,Supplier Defect,High,False,Closed
952,376,9,2023-10-07,Leakage,Customer Misuse,High,True,Closed
953,673,8,2023-10-07,Incorrect Installation,Assembly Error,High,True,Closed
954,256,7,2023-10-08,Incorrect Installation,Assembly Error,Low,False,Closed
955,799,27,2023-10-08,Incorrect Installation,Assembly Error,Medium,False,Closed
956,863,22,2023-10-08,Noise,Material Failure,Low,True,Closed
957,809,23,2023-10-08,Noise,Manufacturing Error,Medium,False,Closed
958,35,7,2023-10-09,Leakage,Supplier Defect,Medium,False,Closed
959,170,21,2023-10-09,Overheating,Supplier Defect,High,True,Closed
960,891,10,2023-10-10,Performance Issue,Supplier Defect,High,True,Closed
961,561,11,2023-10-10,Leakage,Material Failure,High,False,Closed
962,787,15,2023-10-10,Software Error,Supplier Defect,Low,True,Closed
963,513,7,2023-10-10,Performance Issue,Manufacturing Error,High,True,Closed
964,763,20,2023-10-11,Overheating,Customer Misuse,High,False,Closed
965,802,2,2023-10-11,Breakage,Design Issue,Critical,True,Closed
966,96,24,2023-10-12,Noise,Manufacturing Error,Medium,False,Closed
967,786,6,2023-10-12,Performance Issue,Supplier Defect,Low,False,Closed
968,140,4,2023-10-12,Overheating,Manufacturing Error,High,True,Closed
969,314,12,2023-10-12,Noise,Customer Misuse,Low,False,Closed
970,668,22,2023-10-13,Noise,Design Issue,Low,False,Closed
971,677,23,2023-10-13,Incorrect Installation,Assembly Error,Medium,False,Closed
972,682,28,2023-10-13,Performance Issue,Manufacturing Error,Low,False,Closed
973,562,13,2023-10-13,Breakage,Material Failure,Medium,False,Closed
974,175,23,2023-10-13,Breakage,Supplier Defect,Critical,True,Closed
975,3,7,2023-10-14,Noise,Material Failure,Low,False,Closed
976,428,18,2023-10-14,Software Error,Design Issue,High,False,Closed
977,189,24,2023-10-15,Noise,Material Failure,Low,False,Closed
978,523,23,2023-10-15,Noise,Material Failure,Low,True,Closed
979,80,5,2023-10-15,Performance Issue,Manufacturing Error,High,False,Closed
980,144,16,2023-10-16,Software Error,Unknown,Low,False,Closed
981,380,18,2023-10-16,Software Error,Design Issue,Medium,False,Closed
982,94,9,2023-10-16,Noise,Manufacturing Error,Low,False,Closed
983,129,15,2023-10-16,Electrical Failure,Design Issue,Low,False,Closed
984,30,13,2023-10-16,Overheating,Design Issue,High,True,Closed
985,213,13,2023-10-16,Incorrect Installation,Assembly Error,Low,False,Closed
986,415,27,2023-10-16,Incorrect Installation,Assembly Error,Low,False,Closed
987,144,18,2023-10-18,Electrical Failure,Supplier Defect,Medium,True,Under Investigation
988,162,11,2023-10-18,Leakage,Manufacturing Error,Medium,False,Closed
989,639,24,2023-10-18,Leakage,Material Failure,Medium,True,Closed
990,691,21,2023-10-18,Electrical Failure,Supplier Defect,High,True,Closed
991,114,4,2023-10-18,Performance Issue,Customer Misuse,High,True,Closed
992,34,12,2023-10-19,Noise,Supplier Defect,High,False,Closed
993,376,6,2023-10-19,Noise,Customer Misuse,Medium,True,Under Investigation
994,633,10,2023-10-19,Incorrect Installation,Assembly Error,High,True,Closed
995,336,2,2023-10-19,Incorrect Installation,Assembly Error,Medium,True,Closed
996,23,11,2023-10-19,Leakage,Material Failure,Low,False,Closed
997,643,1,2023-10-19,Noise,Customer Misuse,Low,False,Closed
998,205,12,2023-10-19,Leakage,Material Failure,Medium,False,Closed
999,255,17,2023-10-20,Electrical Failure,Unknown,High,False,Closed
1000,558,24,2023-10-20,Performance Issue,Supplier Defect,Medium,True,Closed
1001,209,10,2023-10-20,Noise,Manufacturing Error,Medium,False,Closed
1002,518,6,2023-10-20,Breakage,Material Failure,Medium,False,Closed
1003,624,23,2023-10-20,Noise,Design Issue,Medium,False,Closed
1004,562,22,2023-10-21,Noise,Assembly Error,Low,False,Closed
1005,638,7,2023-10-21,Performance Issue,Material Failure,High,True,Closed
1006,886,6,2023-10-21,Performance Issue,Unknown,Medium,True,Closed
1007,889,22,2023-10-22,Noise,Supplier Defect,Low,True,Closed
1008,439,15,2023-10-22,Software Error,Supplier Defect,High,True,Closed
1009,70,16,2023-10-22,Software Error,Manufacturing Error,Medium,False,Closed
1010,49,30,2023-10-23,Breakage,Unknown,High,False,Closed
1011,866,8,2023-10-24,Performance Issue,Material Failure,High,True,Closed
1012,211,15,2023-10-24,Electrical Failure,Manufacturing Error,High,False,Closed
1013,745,27,2023-10-24,Leakage,Supplier Defect,Medium,True,Closed
1014,349,27,2023-10-24,Leakage,Design Issue,High,False,Closed
1015,170,2,2023-10-26,Leakage,Supplier Defect,High,True,Closed
1016,583,16,2023-10-26,Performance Issue,Supplier Defect,Medium,False,Closed
1017,803,22,2023-10-26,Leakage,Supplier Defect,High,True,Closed
1018,556,7,2023-10-27,Breakage,Supplier Defect,High,True,Closed
1019,860,8,2023-10-27,Noise,Design Issue,Medium,True,Closed
1020,362,16,2023-10-27,Software Error,Material Failure,Medium,False,Closed
1021,701,11,2023-10-27,Leakage,Manufacturing Error,Low,False,Closed
1022,467,4,2023-10-27,Breakage,Material Failure,High,True,Closed
1023,76,25,2023-10-27,Performance Issue,Customer Misuse,Critical,True,Closed
1024,20,11,2023-10-27,Overheating,Unknown,Medium,False,Closed
1025,325,27,2023-10-27,Performance Issue,Supplier Defect,Medium,False,Closed
1026,214,19,2023-10-28,Electrical Failure,Material Failure,High,True,Closed
1027,576,6,2023-10-28,Leakage,Manufacturing Error,Low,False,Closed
1028,830,28,2023-10-29,Performance Issue,Supplier Defect,Medium,False,Closed
1029,183,15,2023-10-29,Software Error,Material Failure,Medium,True,Closed
1030,198,7,2023-10-30,Noise,Design Issue,Low,False,Closed
1031,407,12,2023-10-30,Leakage,Manufacturing Error,High,True,Closed
1032,315,20,2023-10-30,Electrical Failure,Manufacturing Error,High,False,Closed
1033,52,10,2023-10-30,Leakage,Manufacturing Error,High,True,Closed
1034,248,16,2023-10-30,Software Error,Supplier Defect,Low,False,Closed
1035,766,25,2023-10-30,Noise,Material Failure,Low,False,Closed
1036,160,18,2023-10-31,Software Error,Supplier Defect,High,True,Closed
1037,603,27,2023-10-31,Incorrect Installation,Assembly Error,Medium,True,Closed
1038,726,21,2023-10-31,Electrical Failure,Customer Misuse,Medium,True,Closed
1039,608,10,2023-11-01,Breakage,Design Issue,Medium,True,Closed
1040,363,17,2023-11-01,Software Error,Supplier Defect,High,True,Closed
1041,75,9,2023-11-02,Performance Issue,Material Failure,High,True,Closed
1042,696,2,2023-11-02,Leakage,Manufacturing Error,Medium,False,Closed
1043,360,27,2023-11-02,Performance Issue,Supplier Defect,Low,True,Closed
1044,753,29,2023-11-02,Noise,Supplier Defect,Low,False,Closed
1045,574,24,2023-11-03,Breakage,Unknown,Medium,False,Closed
1046,11,26,2023-11-03,Noise,Supplier Defect,Low,False,Closed
1047,86,13,2023-11-04,Leakage,Assembly Error,Medium,True,Closed
1048,715,14,2023-11-04,Overheating,Supplier Defect,Medium,True,Closed
1049,164,28,2023-11-04,Leakage,Manufacturing Error,Medium,False,Closed
1050,268,16,2023-11-04,Performance Issue,Supplier Defect,Low,False,Closed
1051,773,21,2023-11-04,Electrical Failure,Supplier Defect,High,False,Closed
1052,292,11,2023-11-04,Leakage,Material Failure,Medium,True,Closed
1053,758,17,2023-11-04,Performance Issue,Assembly Error,Low,True,Closed
1054,396,3,2023-11-05,Breakage,Customer Misuse,Medium,True,Closed
1055,175,24,2023-11-05,Noise,Assembly Error,Medium,True,Closed
1056,451,9,2023-11-05,Noise,Supplier Defect,Low,False,Closed
1057,360,12,2023-11-05,Overheating,Supplier Defect,High,True,Closed
1058,141,16,2023-11-06,Software Error,Supplier Defect,Medium,False,Closed
1059,126,1,2023-11-06,Breakage,Design Issue,Medium,True,Closed
1060,184,11,2023-11-07,Overheating,Supplier Defect,High,True,Closed
1061,671,29,2023-11-07,Noise,Material Failure,Low,False,Closed
1062,552,24,2023-11-07,Incorrect Installation,Assembly Error,Medium,False,Closed
1063,710,20,2023-11-07,Electrical Failure,Manufacturing Error,Medium,True,Closed
1064,213,2,2023-11-08,Breakage,Manufacturing Error,High,True,Closed
1065,233,22,2023-11-08,Performance Issue,Design Issue,Critical,True,Closed
1066,546,11,2023-11-08,Breakage,Supplier Defect,High,True,Closed
1067,547,15,2023-11-09,Software Error,Design Issue,Medium,False,Closed
1068,340,23,2023-11-09,Breakage,Unknown,Medium,False,Closed
1069,723,12,2023-11-09,Incorrect Installation,Assembly Error,Medium,False,Closed
1070,381,6,2023-11-10,Incorrect Installation,Assembly Error,High,True,Closed
1071,21,14,2023-11-10,Incorrect Installation,Assembly Error,Medium,True,Closed
1072,771,24,2023-11-10,Leakage,Material Failure,Medium,False,Closed
1073,437,18,2023-11-11,Performance Issue,Unknown,High,True,Closed
1074,46,17,2023-11-11,Performance Issue,Customer Misuse,Medium,True,Closed
1075,248,12,2023-11-11,Overheating,Manufacturing Error,High,True,Closed
1076,704,11,2023-11-11,Overheating,Design Issue,Medium,True,Closed
1077,673,15,2023-11-12,Electrical Failure,Material Failure,Critical,False,Closed
1078,414,16,2023-11-12,Software Error,Supplier Defect,High,False,Closed
1079,258,2,2023-11-12,Incorrect Installation,Assembly Error,Medium,True,Closed
1080,26,16,2023-11-13,Incorrect Installation,Assembly Error,Critical,True,Closed
1081,87,10,2023-11-13,Performance Issue,Supplier Defect,High,False,Closed
1082,367,26,2023-11-13,Leakage,Manufacturing Error,Medium,False,Closed
1083,289,26,2023-11-13,Noise,Design Issue,High,True,Closed
1084,265,9,2023-11-14,Noise,Unknown,Medium,True,Closed
1085,110,27,2023-11-14,Electrical Failure,Manufacturing Error,Medium,True,Closed
1086,712,22,2023-11-14,Breakage,Design Issue,High,False,Closed
1087,22,22,2023-11-15,Noise,Assembly Error,Medium,False,Closed
1088,627,16,2023-11-15,Software Error,Supplier Defect,Medium,True,Closed
1089,738,24,2023-11-15,Performance Issue,Supplier Defect,Low,True,Closed
1090,805,14,2023-11-15,Leakage,Customer Misuse,High,False,Closed
1091,121,4,2023-11-15,Noise,Supplier Defect,Low,True,Closed
1092,555,8,2023-11-16,Breakage,Supplier Defect,High,False,Closed
1093,350,4,2023-11-16,Overheating,Supplier Defect,Medium,True,Closed
1094,390,13,2023-11-16,Overheating,Material Failure,High,True,Closed
1095,197,6,2023-11-16,Noise,Supplier Defect,Low,False,Closed
1096,631,10,2023-11-16,Breakage,Supplier Defect,High,True,Closed
1097,367,15,2023-11-16,Incorrect Installation,Assembly Error,Low,False,Closed
1098,676,15,2023-11-17,Performance Issue,Manufacturing Error,Medium,True,Closed
1099,246,27,2023-11-17,Leakage,Manufacturing Error,High,True,Closed
1100,613,15,2023-11-17,Electrical Failure,Supplier Defect,High,False,Closed
1101,205,27,2023-11-18,Noise,Supplier Defect,Medium,False,Closed
1102,397,11,2023-11-18,Leakage,Assembly Error,Low,False,Closed
1103,517,22,2023-11-19,Breakage,Unknown,Low,True,Under Investigation
1104,336,25,2023-11-19,Breakage,Supplier Defect,Medium,True,Closed
1105,79,29,2023-11-19,Noise,Material Failure,Low,False,Closed
1106,288,24,2023-11-19,Breakage,Manufacturing Error,Medium,True,Closed
1107,140,9,2023-11-20,Performance Issue,Customer Misuse,Low,True,Closed
1108,250,27,2023-11-20,Noise,Supplier Defect,Medium,False,Closed
1109,659,20,2023-11-21,Performance Issue,Manufacturing Error,High,True,Closed
1110,74,14,2023-11-21,Overheating,Supplier Defect,High,True,Closed
1111,790,12,2023-11-21,Overheating,Supplier Defect,High,True,Closed
1112,728,2,2023-11-22,Breakage,Supplier Defect,High,False,Closed
1113,679,5,2023-11-22,Incorrect Installation,Assembly Error,Medium,False,Closed
1114,147,8,2023-11-22,Noise,Assembly Error,High,True,Closed
1115,408,8,2023-11-22,Performance Issue,Customer Misuse,Medium,True,Closed
1116,623,23,2023-11-22,Breakage,Supplier Defect,Critical,True,Closed
1117,488,24,2023-11-22,Performance Issue,Assembly Error,Low,False,Closed
1118,94,9,2023-11-22,Performance Issue,Unknown,Medium,False,Closed
1119,315,13,2023-11-22,Noise,Manufacturing Error,Medium,True,Closed
1120,476,9,2023-11-23,Noise,Material Failure,Medium,True,Closed
1121,310,7,2023-11-24,Performance Issue,Supplier Defect,Medium,True,Closed
1122,393,7,2023-11-24,Noise,Design Issue,Medium,False,Closed
1123,49,24,2023-11-24,Performance Issue,Manufacturing Error,Medium,True,Closed
1124,642,3,2023-11-24,Leakage,Supplier Defect,Low,False,Closed
1125,509,27,2023-11-24,Incorrect Installation,Assembly Error,Medium,True,Closed
1126,288,6,2023-11-24,Leakage,Supplier Defect,Medium,True,Closed
1127,546,9,2023-11-25,Noise,Supplier Defect,Medium,False,Closed
1128,318,7,2023-11-25,Performance Issue,Supplier Defect,Medium,True,Closed
1129,358,13,2023-11-25,Leakage,Supplier Defect,High,True,Closed
1130,855,7,2023-11-25,Breakage,Supplier Defect,High,False,Closed
1131,671,8,2023-11-25,Noise,Supplier Defect,Medium,False,Closed
1132,381,8,2023-11-26,Performance Issue,Unknown,Medium,True,Closed
1133,305,23,2023-11-26,Breakage,Unknown,Medium,False,Closed
1134,285,15,2023-11-26,Electrical Failure,Assembly Error,High,True,Closed
1135,761,26,2023-11-26,Leakage,Manufacturing Error,High,True,Under Investigation
1136,346,11,2023-11-27,Breakage,Supplier Defect,Medium,False,Closed
1137,694,7,2023-11-27,Performance Issue,Supplier Defect,Medium,True,Closed
1138,194,16,2023-11-27,Electrical Failure,Material Failure,Medium,True,Closed
1139,250,8,2023-11-27,Noise,Manufacturing Error,Low,True,Closed
1140,707,13,2023-11-28,Leakage,Manufacturing Error,High,True,Closed
1141,798,20,2023-11-28,Electrical Failure,Material Failure,Low,False,Closed
1142,476,18,2023-11-28,Software Error,Supplier Defect,Medium,True,Closed
1143,745,8,2023-11-28,Performance Issue,Supplier Defect,Low,False,Closed
1144,85,16,2023-11-28,Software Error,Assembly Error,Low,False,Closed
1145,847,13,2023-11-28,Incorrect Installation,Assembly Error,Medium,False,Closed
1146,685,16,2023-11-28,Electrical Failure,Supplier Defect,Medium,False,Closed
1147,811,21,2023-11-29,Overheating,Supplier Defect,High,False,Closed
1148,758,1,2023-11-29,Leakage,Design Issue,Medium,False,Closed
1149,26,23,2023-11-29,Breakage,Unknown,Medium,False,Closed
1150,751,10,2023-11-29,Performance Issue,Material Failure,Medium,True,Closed
1151,336,3,2023-11-30,Breakage,Supplier Defect,Critical,True,Closed
1152,289,27,2023-11-30,Performance Issue,Design Issue,Critical,True,Closed
1153,869,24,2023-11-30,Performance Issue,Supplier Defect,Medium,False,Closed
1154,651,22,2023-11-30,Noise,Material Failure,Low,False,Closed
1155,300,8,2023-11-30,Incorrect Installation,Assembly Error,Low,False,Closed
1156,790,13,2023-11-30,Noise,Design Issue,Low,True,Closed
1157,823,3,2023-11-30,Breakage,Manufacturing Error,High,True,Closed
1158,149,5,2023-11-30,Breakage,Supplier Defect,High,True,Closed
1159,257,7,2023-12-01,Breakage,Customer Misuse,Medium,False,Closed
1160,490,5,2023-12-01,Noise,Manufacturing Error,Medium,False,Closed
1161,298,7,2023-12-01,Breakage,Supplier Defect,Critical,True,Closed
1162,777,13,2023-12-01,Leakage,Design Issue,Medium,True,Closed
1163,421,30,2023-12-01,Noise,Supplier Defect,Medium,False,Closed
1164,190,24,2023-12-01,Performance Issue,Supplier Defect,Critical,True,Closed
1165,113,20,2023-12-01,Performance Issue,Design Issue,Low,False,Closed
1166,248,7,2023-12-02,Performance Issue,Customer Misuse,Low,False,Closed
1167,531,29,2023-12-03,Performance Issue,Material Failure,Low,True,Closed
1168,72,28,2023-12-03,Leakage,Design Issue,Critical,True,Closed
1169,632,11,2023-12-03,Leakage,Design Issue,High,False,Closed
1170,642,12,2023-12-03,Leakage,Supplier Defect,High,False,Closed
1171,469,25,2023-12-03,Leakage,Assembly Error,High,False,Closed
1172,393,24,2023-12-04,Breakage,Supplier Defect,Low,False,Closed
1173,576,21,2023-12-04,Electrical Failure,Design Issue,Medium,True,Closed
1174,442,27,2023-12-04,Electrical Failure,Supplier Defect,High,True,Closed
1175,62,28,2023-12-04,Performance Issue,Manufacturing Error,Medium,True,Closed
1176,687,13,2023-12-04,Noise,Supplier Defect,Medium,False,Closed
1177,522,23,2023-12-05,Noise,Manufacturing Error,Medium,False,Closed
1178,630,16,2023-12-05,Software Error,Material Failure,Low,False,Closed
1179,780,21,2023-12-06,Electrical Failure,Manufacturing Error,Medium,True,Closed
1180,409,5,2023-12-06,Leakage,Supplier Defect,Medium,False,Closed
1181,80,21,2023-12-06,Electrical Failure,Customer Misuse,Medium,False,Closed
1182,517,21,2023-12-06,Overheating,Supplier Defect,Medium,False,Closed
1183,558,14,2023-12-06,Overheating,Supplier Defect,High,True,Closed
1184,515,8,2023-12-07,Breakage,Supplier Defect,Critical,True,Closed
1185,876,10,2023-12-07,Performance Issue,Manufacturing Error,Low,False,Closed
1186,32,28,2023-12-07,Performance Issue,Design Issue,Medium,False,Closed
1187,821,27,2023-12-07,Leakage,Supplier Defect,Medium,False,Closed
1188,577,21,2023-12-08,Electrical Failure,Supplier Defect,High,True,Closed
1189,201,4,2023-12-08,Overheating,Material Failure,High,True,Closed
1190,849,24,2023-12-08,Performance Issue,Assembly Error,Low,True,Closed
1191,394,20,2023-12-08,Electrical Failure,Supplier Defect,Medium,True,Closed
1192,579,15,2023-12-09,Performance Issue,Material Failure,High,False,Closed
1193,86,27,2023-12-09,Performance Issue,Customer Misuse,Low,False,Closed
1194,536,18,2023-12-09,Performance Issue,Manufacturing Error,High,True,Closed
1195,808,9,2023-12-09,Performance Issue,Customer Misuse,Medium,True,Closed
1196,253,16,2023-12-09,Software Error,Unknown,Medium,True,Closed
1197,438,25,2023-12-09,Breakage,Material Failure,High,False,Closed
1198,686,23,2023-12-10,Performance Issue,Supplier Defect,Medium,False,Closed
1199,750,13,2023-12-10,Breakage,Customer Misuse,Medium,False,Closed
1200,713,22,2023-12-10,Noise,Assembly Error,Medium,False,Closed
1201,822,16,2023-12-10,Electrical Failure,Supplier Defect,Low,True,Closed
1202,678,5,2023-12-10,Leakage,Material Failure,Medium,False,Closed
1203,517,15,2023-12-10,Electrical Failure,Supplier Defect,Medium,False,Closed
1204,737,11,2023-12-10,Leakage,Customer Misuse,Low,False,Closed
1205,674,3,2023-12-10,Overheating,Supplier Defect,High,True,Closed
1206,607,7,2023-12-11,Leakage,Supplier Defect,Medium,True,Closed
1207,545,8,2023-12-11,Breakage,Customer Misuse,Medium,True,Closed
1208,805,18,2023-12-11,Software Error,Material Failure,Medium,True,Closed
1209,259,14,2023-12-11,Leakage,Manufacturing Error,Medium,True,Closed
1210,568,5,2023-12-11,Incorrect Installation,Assembly Error,Medium,False,Closed
1211,268,6,2023-12-11,Performance Issue,Assembly Error,Medium,True,Closed
1212,560,26,2023-12-11,Performance Issue,Material Failure,Medium,False,Closed
1213,225,23,2023-12-12,Noise,Supplier Defect,Medium,True,Closed
1214,159,8,2023-12-12,Noise,Supplier Defect,Low,False,Closed
1215,858,24,2023-12-13,Leakage,Design Issue,Medium,False,Closed
1216,267,25,2023-12-13,Noise,Design Issue,Medium,True,Closed
1217,846,1,2023-12-14,Performance Issue,Supplier Defect,Medium,False,Closed
1218,433,27,2023-12-14,Performance Issue,Assembly Error,Low,True,Closed
1219,235,7,2023-12-14,Breakage,Supplier Defect,High,True,Closed
1220,56,13,2023-12-15,Leakage,Supplier Defect,High,True,Closed
1221,818,27,2023-12-15,Leakage,Supplier Defect,Low,False,Closed
1222,698,19,2023-12-15,Electrical Failure,Design Issue,Medium,True,Closed
1223,175,3,2023-12-15,Performance Issue,Manufacturing Error,Medium,False,Closed
1224,870,15,2023-12-15,Software Error,Assembly Error,Medium,True,Closed
1225,18,21,2023-12-15,Overheating,Design Issue,Medium,False,Closed
1226,228,10,2023-12-15,Noise,Manufacturing Error,Low,True,Closed
1227,690,30,2023-12-16,Noise,Supplier Defect,Low,False,Closed
1228,890,13,2023-12-16,Leakage,Manufacturing Error,Low,True,Closed
1229,163,9,2023-12-16,Noise,Supplier Defect,Low,False,Closed
1230,139,30,2023-12-17,Breakage,Customer Misuse,High,True,Closed
1231,666,1,2023-12-17,Incorrect Installation,Assembly Error,Medium,False,Closed
1232,531,9,2023-12-17,Breakage,Manufacturing Error,High,False,Open
1233,780,16,2023-12-17,Performance Issue,Supplier Defect,Medium,False,Closed
1234,465,20,2023-12-17,Overheating,Design Issue,High,False,Closed
1235,242,7,2023-12-17,Leakage,Manufacturing Error,High,True,Closed
1236,376,5,2023-12-17,Leakage,Manufacturing Error,Medium,True,Closed
1237,891,6,2023-12-18,Noise,Material Failure,Medium,True,Closed
1238,395,4,2023-12-18,Performance Issue,Unknown,Medium,True,Closed
1239,524,6,2023-12-18,Performance Issue,Material Failure,Low,False,Closed
1240,862,6,2023-12-18,Performance Issue,Material Failure,High,False,Closed
1241,464,19,2023-12-18,Electrical Failure,Assembly Error,Low,False,Closed
1242,126,15,2023-12-18,Software Error,Design Issue,Low,True,Closed
1243,54,7,2023-12-18,Performance Issue,Supplier Defect,Medium,True,Closed
1244,121,23,2023-12-18,Incorrect Installation,Assembly Error,Medium,True,Closed
1245,119,24,2023-12-18,Incorrect Installation,Assembly Error,Low,True,Closed
1246,77,30,2023-12-19,Noise,Assembly Error,Medium,False,Closed
1247,573,30,2023-12-19,Noise,Manufacturing Error,Medium,False,Closed
1248,45,10,2023-12-19,Performance Issue,Supplier Defect,High,True,Closed
1249,824,7,2023-12-19,Leakage,Supplier Defect,Medium,True,Closed
1250,221,27,2023-12-19,Leakage,Manufacturing Error,High,True,Closed
1251,406,20,2023-12-19,Electrical Failure,Supplier Defect,High,True,Closed
1252,737,7,2023-12-20,Incorrect Installation,Assembly Error,Low,True,Closed
1253,839,27,2023-12-20,Noise,Customer Misuse,Low,False,Closed
1254,352,18,2023-12-20,Performance Issue,Material Failure,High,True,Closed
1255,682,28,2023-12-20,Performance Issue,Supplier Defect,Medium,True,Closed
1256,419,19,2023-12-21,Electrical Failure,Material Failure,High,False,Closed
1257,229,16,2023-12-21,Software Error,Supplier Defect,High,True,Closed
1258,876,20,2023-12-21,Electrical Failure,Customer Misuse,Medium,False,Closed
1259,695,19,2023-12-23,Electrical Failure,Supplier Defect,High,True,Closed
1260,552,7,2023-12-23,Breakage,Supplier Defect,High,True,Closed
1261,86,5,2023-12-23,Breakage,Assembly Error,High,False,Open
1262,228,23,2023-12-23,Incorrect Installation,Assembly Error,High,True,Closed
1263,673,8,2023-12-24,Noise,Supplier Defect,Low,False,Closed
1264,710,26,2023-12-24,Leakage,Assembly Error,Low,False,Closed
1265,249,30,2023-12-25,Noise,Manufacturing Error,Low,True,Closed
1266,199,18,2023-12-25,Software Error,Manufacturing Error,Low,False,Closed
1267,810,21,2023-12-25,Electrical Failure,Design Issue,Low,False,Closed
1268,623,24,2023-12-25,Performance Issue,Manufacturing Error,Medium,True,Closed
1269,40,21,2023-12-26,Overheating,Supplier Defect,High,True,Closed
1270,35,24,2023-12-26,Noise,Material Failure,Medium,False,Closed
1271,74,24,2023-12-26,Noise,Supplier Defect,Low,False,Closed
1272,505,2,2023-12-26,Noise,Manufacturing Error,Medium,True,Closed
1273,766,11,2023-12-26,Overheating,Manufacturing Error,High,True,Closed
1274,375,24,2023-12-27,Breakage,Supplier Defect,High,True,Open
1275,871,27,2023-12-27,Performance Issue,Unknown,Medium,False,Closed
1276,185,15,2023-12-27,Performance Issue,Supplier Defect,Medium,True,Closed
1277,548,8,2023-12-27,Noise,Manufacturing Error,High,False,Closed
1278,790,7,2023-12-28,Noise,Assembly Error,Low,False,Closed
1279,180,22,2023-12-28,Noise,Supplier Defect,Low,False,Closed
1280,26,25,2023-12-28,Performance Issue,Material Failure,Low,True,Closed
1281,549,24,2023-12-29,Breakage,Material Failure,Medium,False,Closed
1282,232,5,2023-12-29,Leakage,Material Failure,Medium,False,Closed
1283,677,6,2023-12-29,Leakage,Supplier Defect,Medium,True,Closed
1284,789,22,2023-12-31,Leakage,Material Failure,High,True,Closed
1285,511,18,2023-12-31,Electrical Failure,Material Failure,High,True,Closed
1286,874,24,2023-12-31,Performance Issue,Supplier Defect,High,True,Closed
1287,727,1,2024-01-01,Breakage,Supplier Defect,High,True,Closed
1288,92,16,2024-01-01,Electrical Failure,Supplier Defect,High,False,Closed
1289,206,27,2024-01-02,Noise,Unknown,Low,True,Closed
1290,795,4,2024-01-02,Noise,Supplier Defect,Medium,True,Closed
1291,8,21,2024-01-03,Electrical Failure,Customer Misuse,Medium,False,Closed
1292,454,12,2024-01-03,Overheating,Assembly Error,High,True,Closed
1293,830,12,2024-01-03,Overheating,Manufacturing Error,Critical,True,Under Investigation
1294,116,13,2024-01-03,Leakage,Supplier Defect,Medium,False,Closed
1295,728,8,2024-01-04,Performance Issue,Supplier Defect,High,True,Closed
1296,493,19,2024-01-04,Performance Issue,Material Failure,High,True,Closed
1297,638,13,2024-01-04,Leakage,Manufacturing Error,Medium,False,Closed
1298,296,21,2024-01-05,Electrical Failure,Supplier Defect,High,True,Closed
1299,294,20,2024-01-05,Electrical Failure,Customer Misuse,Medium,False,Closed
1300,539,13,2024-01-05,Leakage,Supplier Defect,Critical,False,Closed
1301,250,11,2024-01-05,Leakage,Design Issue,Medium,True,Closed
1302,328,17,2024-01-07,Performance Issue,Supplier Defect,Low,False,Closed
1303,430,15,2024-01-07,Software Error,Manufacturing Error,Low,True,Closed
1304,363,24,2024-01-07,Performance Issue,Supplier Defect,Medium,False,Closed
1305,185,6,2024-01-07,Breakage,Supplier Defect,High,True,Closed
1306,313,16,2024-01-08,Performance Issue,Material Failure,High,False,Closed
1307,519,11,2024-01-08,Leakage,Supplier Defect,Low,True,Closed
1308,857,12,2024-01-08,Leakage,Supplier Defect,Medium,False,Closed
1309,870,22,2024-01-08,Performance Issue,Material Failure,Low,True,Closed
1310,173,7,2024-01-09,Breakage,Material Failure,High,False,Closed
1311,778,24,2024-01-09,Breakage,Manufacturing Error,Critical,True,Closed
1312,526,22,2024-01-09,Noise,Assembly Error,Low,True,Closed
1313,871,24,2024-01-10,Incorrect Installation,Assembly Error,Critical,True,Closed
1314,573,23,2024-01-10,Performance Issue,Manufacturing Error,Low,False,Closed
1315,384,7,2024-01-10,Performance Issue,Supplier Defect,High,True,Closed
1316,14,6,2024-01-10,Incorrect Installation,Assembly Error,Low,False,Closed
1317,602,6,2024-01-10,Leakage,Material Failure,Low,False,Closed
1318,842,30,2024-01-10,Noise,Assembly Error,High,False,Closed
1319,156,7,2024-01-11,Breakage,Unknown,Medium,True,Closed
1320,491,27,2024-01-11,Noise,Customer Misuse,Medium,False,Closed
1321,544,29,2024-01-11,Performance Issue,Supplier Defect,Low,False,Closed
1322,883,13,2024-01-11,Overheating,Material Failure,High,False,Closed
1323,40,5,2024-01-11,Leakage,Manufacturing Error,Low,False,Closed
1324,358,17,2024-01-11,Electrical Failure,Supplier Defect,High,True,Closed
1325,451,18,2024-01-12,Software Error,Supplier Defect,Low,False,Closed
1326,574,13,2024-01-12,Leakage,Manufacturing Error,Medium,False,Closed
1327,422,30,2024-01-13,Breakage,Supplier Defect,Medium,True,Closed
1328,138,1,2024-01-13,Overheating,Design Issue,High,False,Closed
1329,110,6,2024-01-14,Performance Issue,Assembly Error,Medium,False,Closed
1330,165,8,2024-01-14,Performance Issue,Supplier Defect,Medium,True,Closed
1331,1,7,2024-01-15,Noise,Material Failure,Low,False,Closed
1332,189,5,2024-01-15,Incorrect Installation,Assembly Error,Medium,False,Closed
1333,234,24,2024-01-16,Breakage,Supplier Defect,Medium,False,Open
1334,463,27,2024-01-16,Performance Issue,Material Failure,High,True,Closed
1335,530,24,2024-01-16,Breakage,Material Failure,High,True,Closed
1336,769,16,2024-01-17,Performance Issue,Manufacturing Error,Medium,False,Closed
1337,261,21,2024-01-17,Electrical Failure,Material Failure,High,True,Closed
1338,468,22,2024-01-18,Noise,Design Issue,Medium,False,Closed
1339,179,8,2024-01-18,Performance Issue,Unknown,Medium,False,Closed
1340,391,5,2024-01-18,Performance Issue,Manufacturing Error,Medium,True,Closed
1341,352,24,2024-01-19,Noise,Material Failure,Medium,False,Closed
1342,131,23,2024-01-19,Noise,Design Issue,Low,False,Closed
1343,416,24,2024-01-20,Noise,Assembly Error,Medium,False,Closed
1344,327,16,2024-01-20,Electrical Failure,Material Failure,Medium,False,Closed
1345,559,8,2024-01-20,Leakage,Material Failure,Low,False,Closed
1346,664,24,2024-01-20,Noise,Unknown,High,True,Closed
1347,11,18,2024-01-20,Electrical Failure,Material Failure,High,False,Closed
1348,577,29,2024-01-21,Performance Issue,Supplier Defect,Low,False,Closed
1349,302,11,2024-01-21,Incorrect Installation,Assembly Error,Medium,True,Closed
1350,791,23,2024-01-21,Noise,Supplier Defect,Low,False,Closed
1351,448,12,2024-01-21,Leakage,Design Issue,High,True,Closed
1352,630,9,2024-01-22,Noise,Assembly Error,Low,False,Closed
1353,561,16,2024-01-22,Electrical Failure,Supplier Defect,Medium,False,Closed
1354,800,18,2024-01-23,Electrical Failure,Supplier Defect,Medium,False,Closed
1355,815,22,2024-01-23,Noise,Unknown,Low,False,Closed
1356,344,15,2024-01-24,Electrical Failure,Customer Misuse,High,False,Closed
1357,652,17,2024-01-24,Software Error,Supplier Defect,Medium,True,Closed
1358,347,28,2024-01-25,Performance Issue,Supplier Defect,Low,False,Closed
1359,790,27,2024-01-25,Incorrect Installation,Assembly Error,Medium,True,Closed
1360,436,16,2024-01-25,Software Error,Manufacturing Error,Low,False,Closed
1361,296,5,2024-01-25,Breakage,Material Failure,Low,False,Closed
1362,150,20,2024-01-27,Overheating,Manufacturing Error,High,False,Closed
1363,197,25,2024-01-27,Performance Issue,Manufacturing Error,Low,False,Closed
1364,96,13,2024-01-27,Leakage,Unknown,Medium,True,Closed
1365,248,10,2024-01-27,Incorrect Installation,Assembly Error,Medium,False,Closed
1366,734,11,2024-01-28,Breakage,Unknown,Critical,True,Closed
1367,153,7,2024-01-29,Noise,Unknown,Low,False,Closed
1368,215,3,2024-01-29,Performance Issue,Supplier Defect,Low,False,Under Investigation
1369,342,22,2024-01-29,Noise,Supplier Defect,Medium,False,Closed
1370,609,23,2024-01-29,Leakage,Supplier Defect,High,True,Closed
1371,683,24,2024-01-29,Performance Issue,Supplier Defect,Medium,True,Closed
1372,284,8,2024-01-30,Noise,Manufacturing Error,High,False,Closed
1373,466,26,2024-01-31,Incorrect Installation,Assembly Error,High,True,Closed
1374,191,2,2024-01-31,Performance Issue,Material Failure,Low,True,Closed
1375,525,27,2024-02-01,Noise,Material Failure,Low,False,Closed
1376,647,14,2024-02-01,Overheating,Material Failure,Critical,True,Closed
1377,717,3,2024-02-01,Leakage,Supplier Defect,Medium,True,Closed
1378,134,4,2024-02-02,Overheating,Supplier Defect,Critical,False,Closed
1379,303,16,2024-02-02,Performance Issue,Manufacturing Error,Medium,True,Closed
1380,684,5,2024-02-03,Noise,Supplier Defect,Low,False,Under Investigation
1381,305,13,2024-02-03,Incorrect Installation,Assembly Error,Medium,False,Closed
1382,475,29,2024-02-04,Leakage,Customer Misuse,Low,False,Closed
1383,421,14,2024-02-04,Overheating,Material Failure,High,True,Closed
1384,628,29,2024-02-05,Incorrect Installation,Assembly Error,Medium,False,Closed
1385,850,5,2024-02-06,Breakage,Material Failure,Medium,False,Closed
1386,532,4,2024-02-06,Noise,Supplier Defect,Low,False,Closed
1387,246,15,2024-02-06,Software Error,Manufacturing Error,Medium,True,Closed
1388,291,21,2024-02-06,Electrical Failure,Supplier Defect,Medium,False,Closed
1389,618,7,2024-02-06,Incorrect Installation,Assembly Error,Low,False,Closed
1390,157,11,2024-02-06,Leakage,Supplier Defect,High,False,Closed
1391,253,9,2024-02-06,Noise,Supplier Defect,High,True,Closed
1392,22,7,2024-02-07,Noise,Customer Misuse,Low,True,Closed
1393,687,19,2024-02-07,Electrical Failure,Supplier Defect,Medium,False,Closed
1394,313,21,2024-02-07,Electrical Failure,Supplier Defect,Medium,False,Closed
1395,664,19,2024-02-07,Electrical Failure,Supplier Defect,High,False,Closed
1396,459,9,2024-02-07,Noise,Customer Misuse,Low,True,Closed
1397,7,23,2024-02-08,Noise,Material Failure,Medium,False,Closed
1398,112,27,2024-02-08,Performance Issue,Manufacturing Error,Medium,True,Closed
1399,577,27,2024-02-08,Performance Issue,Supplier Defect,High,True,Closed
1400,562,18,2024-02-09,Electrical Failure,Manufacturing Error,High,True,Closed
1401,336,7,2024-02-09,Breakage,Design Issue,Critical,True,Closed
1402,779,25,2024-02-10,Breakage,Customer Misuse,High,True,Closed
1403,79,7,2024-02-10,Performance Issue,Material Failure,Medium,False,Closed
1404,338,24,2024-02-11,Breakage,Supplier Defect,Medium,True,Closed
1405,209,19,2024-02-11,Performance Issue,Supplier Defect,Medium,False,Closed
1406,90,15,2024-02-11,Electrical Failure,Unknown,High,True,Closed
1407,203,23,2024-02-11,Breakage,Design Issue,Low,True,Closed
1408,481,7,2024-02-11,Noise,Material Failure,Low,False,Closed
1409,201,1,2024-02-11,Leakage,Manufacturing Error,Medium,True,Closed
1410,149,8,2024-02-11,Noise,Manufacturing Error,High,True,Closed
1411,114,7,2024-02-11,Performance Issue,Supplier Defect,Low,True,Closed
1412,856,2,2024-02-12,Performance Issue,Manufacturing Error,Medium,False,Closed
1413,653,9,2024-02-12,Performance Issue,Supplier Defect,High,True,Closed
1414,77,1,2024-02-12,Leakage,Manufacturing Error,Medium,True,Closed
1415,364,22,2024-02-12,Breakage,Material Failure,High,True,Closed
1416,353,29,2024-02-12,Performance Issue,Supplier Defect,Medium,True,Closed
1417,51,18,2024-02-12,Electrical Failure,Supplier Defect,Medium,False,Closed
1418,461,9,2024-02-13,Performance Issue,Manufacturing Error,Low,False,Closed
1419,133,27,2024-02-13,Leakage,Material Failure,Low,False,Closed
1420,92,25,2024-02-14,Performance Issue,Manufacturing Error,Medium,True,Closed
1421,582,30,2024-02-14,Incorrect Installation,Assembly Error,High,True,Closed
1422,161,3,2024-02-14,Breakage,Assembly Error,Low,True,Closed
1423,523,15,2024-02-14,Electrical Failure,Material Failure,Critical,True,Closed
1424,148,10,2024-02-14,Noise,Design Issue,Low,False,Closed
1425,286,2,2024-02-15,Overheating,Supplier Defect,Critical,True,Closed
1426,775,18,2024-02-15,Electrical Failure,Design Issue,High,True,Closed
1427,841,9,2024-02-15,Performance Issue,Material Failure,Medium,False,Closed
1428,785,1,2024-02-15,Breakage,Manufacturing Error,Low,True,Closed
1429,396,29,2024-02-15,Performance Issue,Assembly Error,Low,False,Closed
1430,177,15,2024-02-16,Software Error,Customer Misuse,Medium,True,Closed
1431,526,27,2024-02-16,Leakage,Supplier Defect,Low,False,Closed
1432,514,27,2024-02-16,Performance Issue,Supplier Defect,Medium,True,Closed
1433,528,18,2024-02-16,Electrical Failure,Supplier Defect,Low,False,Closed
1434,837,18,2024-02-16,Electrical Failure,Supplier Defect,High,False,Closed
1435,193,28,2024-02-17,Noise,Supplier Defect,Low,True,Closed
1436,119,21,2024-02-17,Electrical Failure,Supplier Defect,Medium,False,Closed
1437,60,14,2024-02-17,Leakage,Supplier Defect,Low,False,Closed
1438,499,8,2024-02-17,Leakage,Manufacturing Error,Low,False,Closed
1439,421,6,2024-02-19,Leakage,Supplier Defect,Low,True,Under Investigation
1440,382,28,2024-02-20,Performance Issue,Manufacturing Error,Medium,False,Closed
1441,709,13,2024-02-20,Overheating,Supplier Defect,High,False,Closed
1442,397,8,2024-02-21,Breakage,Supplier Defect,Critical,False,Open
1443,474,25,2024-02-21,Performance Issue,Customer Misuse,Medium,False,Closed
1444,553,20,2024-02-21,Electrical Failure,Supplier Defect,Critical,True,Closed
1445,765,5,2024-02-21,Leakage,Manufacturing Error,High,True,Closed
1446,659,8,2024-02-21,Noise,Material Failure,Low,False,Closed
1447,292,9,2024-02-21,Breakage,Unknown,Low,True,Closed
1448,325,20,2024-02-21,Performance Issue,Supplier Defect,Medium,False,Closed
1449,208,11,2024-02-21,Overheating,Design Issue,Low,False,Closed
1450,822,7,2024-02-22,Leakage,Manufacturing Error,Medium,True,Closed
1451,638,24,2024-02-22,Noise,Supplier Defect,Medium,False,Closed
1452,481,2,2024-02-22,Overheating,Supplier Defect,High,False,Closed
1453,520,20,2024-02-22,Electrical Failure,Customer Misuse,Critical,True,Closed
1454,310,27,2024-02-22,Performance Issue,Manufacturing Error,High,True,Closed
1455,533,8,2024-02-23,Breakage,Design Issue,Low,False,Closed
1456,222,7,2024-02-23,Breakage,Material Failure,Critical,True,Closed
1457,532,30,2024-02-23,Noise,Supplier Defect,Low,False,Closed
1458,682,11,2024-02-23,Overheating,Supplier Defect,High,True,Closed
1459,548,9,2024-02-23,Breakage,Material Failure,High,True,Closed
1460,816,1,2024-02-24,Breakage,Manufacturing Error,High,True,Closed
1461,390,23,2024-02-24,Noise,Assembly Error,Low,False,Closed
1462,339,8,2024-02-24,Performance Issue,Design Issue,Medium,False,Closed
1463,454,27,2024-02-24,Noise,Material Failure,Low,False,Closed
1464,94,18,2024-02-24,Electrical Failure,Supplier Defect,Low,True,Closed
1465,460,9,2024-02-25,Noise,Supplier Defect,Low,True,Closed
1466,857,19,2024-02-25,Electrical Failure,Manufacturing Error,High,True,Closed
1467,777,8,2024-02-25,Breakage,Manufacturing Error,High,True,Closed
1468,430,11,2024-02-26,Leakage,Supplier Defect,Medium,False,Closed
1469,201,7,2024-02-26,Noise,Assembly Error,Low,False,Closed
1470,122,8,2024-02-26,Performance Issue,Material Failure,High,True,Closed
1471,3,8,2024-02-26,Performance Issue,Manufacturing Error,Low,False,Closed
1472,111,15,2024-02-26,Electrical Failure,Supplier Defect,Low,False,Under Investigation
1473,498,14,2024-02-26,Leakage,Assembly Error,Low,False,Closed
1474,514,18,2024-02-27,Software Error,Design Issue,Medium,True,Closed
1475,555,25,2024-02-27,Noise,Supplier Defect,Low,True,Closed
1476,303,14,2024-02-28,Overheating,Design Issue,Low,False,Closed
1477,682,18,2024-02-28,Electrical Failure,Supplier Defect,High,False,Closed
1478,155,28,2024-02-28,Noise,Material Failure,Low,False,Closed
1479,667,20,2024-02-28,Electrical Failure,Design Issue,High,False,Closed
1480,681,27,2024-02-29,Performance Issue,Assembly Error,Low,False,Closed
1481,61,15,2024-02-29,Electrical Failure,Design Issue,Medium,True,Closed
1482,217,7,2024-02-29,Performance Issue,Supplier Defect,Medium,False,Closed
1483,177,6,2024-02-29,Incorrect Installation,Assembly Error,Medium,True,Closed
1484,517,30,2024-02-29,Noise,Manufacturing Error,Low,False,Closed
1485,726,8,2024-02-29,Incorrect Installation,Assembly Error,Low,False,Closed
1486,295,11,2024-03-01,Breakage,Manufacturing Error,High,False,Closed
1487,675,16,2024-03-01,Performance Issue,Supplier Defect,Low,True,Closed
1488,628,15,2024-03-01,Performance Issue,Material Failure,High,False,Closed
1489,745,15,2024-03-01,Electrical Failure,Supplier Defect,High,True,Closed
1490,139,24,2024-03-02,Performance Issue,Material Failure,Medium,True,Closed
1491,542,30,2024-03-02,Incorrect Installation,Assembly Error,Low,False,Closed
1492,480,25,2024-03-02,Breakage,Material Failure,High,True,Closed
1493,217,15,2024-03-02,Electrical Failure,Manufacturing Error,High,True,Closed
1494,151,18,2024-03-02,Electrical Failure,Supplier Defect,Medium,True,Closed
1495,599,15,2024-03-02,Electrical Failure,Supplier Defect,High,True,Closed
1496,516,16,2024-03-02,Electrical Failure,Material Failure,Low,False,Closed
1497,618,15,2024-03-02,Software Error,Unknown,Medium,True,Closed
1498,521,15,2024-03-02,Performance Issue,Supplier Defect,Medium,False,Closed
1499,806,15,2024-03-02,Software Error,Supplier Defect,Low,False,Closed
1500,598,16,2024-03-03,Performance Issue,Supplier Defect,High,True,Closed
1501,528,20,2024-03-04,Electrical Failure,Customer Misuse,Low,True,Closed
1502,318,2,2024-03-04,Breakage,Design Issue,Low,True,Closed
1503,700,14,2024-03-04,Overheating,Supplier Defect,Medium,False,Closed
1504,622,14,2024-03-04,Leakage,Unknown,High,False,Closed
1505,836,15,2024-03-04,Electrical Failure,Material Failure,High,True,Closed
1506,845,15,2024-03-04,Software Error,Supplier Defect,Low,False,Closed
1507,763,16,2024-03-04,Electrical Failure,Supplier Defect,Low,False,Closed
1508,473,24,2024-03-05,Performance Issue,Manufacturing Error,Medium,True,Closed
1509,196,15,2024-03-05,Performance Issue,Supplier Defect,High,True,Closed
1510,850,15,2024-03-05,Electrical Failure,Supplier Defect,High,True,Open
1511,642,27,2024-03-05,Performance Issue,Manufacturing Error,High,True,Closed
1512,419,13,2024-03-05,Leakage,Material Failure,Medium,False,Closed
1513,514,16,2024-03-05,Software Error,Unknown,Low,False,Closed
1514,661,15,2024-03-05,Electrical Failure,Supplier Defect,Critical,True,Closed
1515,793,15,2024-03-05,Electrical Failure,Material Failure,High,False,Closed
1516,529,15,2024-03-05,Electrical Failure,Supplier Defect,High,False,Closed
1517,692,16,2024-03-05,Performance Issue,Supplier Defect,High,True,Closed
1518,627,6,2024-03-06,Performance Issue,Supplier Defect,Medium,False,Closed
1519,861,15,2024-03-06,Electrical Failure,Design Issue,High,True,Closed
1520,506,17,2024-03-06,Software Error,Supplier Defect,Medium,True,Closed
1521,305,13,2024-03-06,Breakage,Supplier Defect,Medium,True,Closed
1522,596,14,2024-03-06,Breakage,Unknown,High,True,Closed
1523,857,11,2024-03-06,Incorrect Installation,Assembly Error,Medium,True,Closed
1524,722,15,2024-03-06,Electrical Failure,Supplier Defect,Critical,True,Closed
1525,807,16,2024-03-06,Electrical Failure,Supplier Defect,Medium,False,Closed
1526,681,17,2024-03-06,Performance Issue,Supplier Defect,High,False,Closed
1527,615,16,2024-03-06,Performance Issue,Supplier Defect,Medium,False,Closed
1528,722,13,2024-03-07,Leakage,Manufacturing Error,Low,False,Closed
1529,419,30,2024-03-07,Noise,Material Failure,Medium,True,Closed
1530,382,23,2024-03-07,Noise,Assembly Error,High,True,Closed
1531,769,17,2024-03-07,Electrical Failure,Supplier Defect,High,True,Under Investigation
1532,714,15,2024-03-07,Software Error,Supplier Defect,Low,False,Closed
1533,148,22,2024-03-08,Noise,Material Failure,Low,True,Closed
1534,406,7,2024-03-08,Performance Issue,Supplier Defect,Low,True,Closed
1535,86,17,2024-03-08,Software Error,Material Failure,High,False,Closed
1536,190,7,2024-03-08,Performance Issue,Assembly Error,Medium,False,Closed
1537,886,13,2024-03-08,Noise,Supplier Defect,Medium,True,Closed
1538,726,16,2024-03-08,Electrical Failure,Supplier Defect,Critical,True,Closed
1539,570,15,2024-03-08,Software Error,Supplier Defect,Low,False,Closed
1540,45,25,2024-03-09,Performance Issue,Supplier Defect,Low,False,Closed
1541,584,17,2024-03-09,Electrical Failure,Material Failure,High,False,Closed
1542,706,16,2024-03-09,Performance Issue,Supplier Defect,Low,False,Closed
1543,761,15,2024-03-10,Performance Issue,Supplier Defect,Low,False,Closed
1544,195,22,2024-03-10,Leakage,Design Issue,Medium,False,Closed
1545,853,11,2024-03-10,Leakage,Material Failure,Low,True,Closed
1546,176,6,2024-03-10,Noise,Supplier Defect,Low,False,Closed
1547,805,15,2024-03-10,Performance Issue,Supplier Defect,Low,True,Closed
1548,2,28,2024-03-11,Performance Issue,Design Issue,Medium,True,Open
1549,489,11,2024-03-11,Leakage,Material Failure,Medium,False,Closed
1550,175,7,2024-03-11,Performance Issue,Material Failure,Low,False,Closed
1551,189,7,2024-03-11,Performance Issue,Manufacturing Error,High,True,Closed
1552,454,15,2024-03-11,Software Error,Manufacturing Error,High,True,Closed
1553,28,9,2024-03-11,Incorrect Installation,Assembly Error,Medium,False,Closed
1554,55,17,2024-03-11,Performance Issue,Design Issue,High,False,Closed
1555,819,15,2024-03-11,Performance Issue,Supplier Defect,Low,False,Closed
1556,552,5,2024-03-12,Leakage,Supplier Defect,Medium,False,Closed
1557,623,24,2024-03-12,Noise,Manufacturing Error,Low,False,Closed
1558,566,13,2024-03-12,Incorrect Installation,Assembly Error,High,True,Closed
1559,690,16,2024-03-12,Electrical Failure,Supplier Defect,Medium,True,Closed
1560,850,17,2024-03-12,Electrical Failure,Material Failure,Critical,True,Closed
1561,711,16,2024-03-12,Electrical Failure,Supplier Defect,Critical,True,Closed
1562,881,15,2024-03-12,Electrical Failure,Supplier Defect,High,True,Closed
1563,544,15,2024-03-12,Performance Issue,Supplier Defect,Medium,True,Closed
1564,656,18,2024-03-13,Electrical Failure,Supplier Defect,High,True,Closed
1565,868,7,2024-03-13,Noise,Supplier Defect,High,True,Closed
1566,601,22,2024-03-13,Breakage,Material Failure,High,True,Closed
1567,533,22,2024-03-13,Performance Issue,Design Issue,Low,True,Closed
1568,826,16,2024-03-13,Electrical Failure,Unknown,High,False,Closed
1569,127,22,2024-03-14,Noise,Supplier Defect,Low,False,Closed
1570,64,15,2024-03-14,Software Error,Supplier Defect,Medium,False,Closed
1571,286,4,2024-03-14,Overheating,Manufacturing Error,Low,True,Closed
1572,701,13,2024-03-14,Noise,Supplier Defect,Low,False,Closed
1573,844,15,2024-03-14,Software Error,Supplier Defect,Medium,True,Closed
1574,831,16,2024-03-14,Electrical Failure,Supplier Defect,Medium,True,Closed
1575,848,16,2024-03-14,Performance Issue,Supplier Defect,Low,True,Closed
1576,644,7,2024-03-15,Performance Issue,Customer Misuse,High,False,Closed
1577,262,11,2024-03-15,Overheating,Material Failure,High,False,Closed
1578,689,24,2024-03-15,Noise,Material Failure,Medium,True,Closed
1579,447,15,2024-03-15,Electrical Failure,Supplier Defect,High,True,Closed
1580,887,18,2024-03-15,Software Error,Supplier Defect,Low,False,Closed
1581,706,16,2024-03-15,Software Error,Supplier Defect,High,True,Closed
1582,800,15,2024-03-15,Performance Issue,Supplier Defect,Medium,True,Closed
1583,482,26,2024-03-16,Leakage,Supplier Defect,Medium,True,Closed
1584,775,4,2024-03-16,Noise,Assembly Error,Medium,False,Closed
1585,618,7,2024-03-16,Performance Issue,Unknown,High,False,Closed
1586,612,7,2024-03-16,Leakage,Customer Misuse,High,True,Closed
1587,803,16,2024-03-16,Electrical Failure,Supplier Defect,High,False,Closed
1588,701,17,2024-03-16,Performance Issue,Unknown,High,True,Closed
1589,481,11,2024-03-17,Overheating,Supplier Defect,Low,False,Closed
1590,72,1,2024-03-17,Breakage,Material Failure,High,True,Closed
1591,387,7,2024-03-17,Performance Issue,Material Failure,Low,False,Closed
1592,551,14,2024-03-17,Leakage,Supplier Defect,Medium,False,Closed
1593,861,16,2024-03-17,Electrical Failure,Unknown,High,False,Closed
1594,677,17,2024-03-17,Electrical Failure,Unknown,Medium,False,Closed
1595,580,15,2024-03-17,Electrical Failure,Unknown,Medium,False,Closed
1596,530,27,2024-03-18,Leakage,Supplier Defect,Critical,True,Closed
1597,606,16,2024-03-18,Electrical Failure,Supplier Defect,High,True,Closed
1598,813,15,2024-03-18,Electrical Failure,Supplier Defect,Medium,False,Closed
1599,760,17,2024-03-18,Software Error,Supplier Defect,High,False,Closed
1600,73,24,2024-03-19,Noise,Material Failure,Low,False,Closed
1601,591,5,2024-03-19,Incorrect Installation,Assembly Error,Medium,True,Closed
1602,247,19,2024-03-19,Performance Issue,Design Issue,Medium,True,Open
1603,490,14,2024-03-19,Breakage,Assembly Error,High,True,Closed
1604,836,17,2024-03-19,Electrical Failure,Supplier Defect,Critical,True,Closed
1605,849,16,2024-03-20,Performance Issue,Manufacturing Error,Medium,False,Closed
1606,340,30,2024-03-20,Breakage,Supplier Defect,Medium,False,Closed
1607,376,6,2024-03-20,Noise,Supplier Defect,Medium,False,Closed
1608,630,16,2024-03-20,Software Error,Material Failure,Medium,False,Closed
1609,766,15,2024-03-20,Electrical Failure,Supplier Defect,High,True,Closed
1610,606,12,2024-03-21,Incorrect Installation,Assembly Error,Medium,True,Closed
1611,667,26,2024-03-21,Performance Issue,Manufacturing Error,Low,False,Closed
1612,613,27,2024-03-21,Leakage,Material Failure,Medium,True,Closed
1613,652,27,2024-03-21,Leakage,Supplier Defect,Medium,True,Open
1614,70,25,2024-03-21,Performance Issue,Material Failure,Low,False,Closed
1615,369,13,2024-03-21,Overheating,Supplier Defect,Low,False,Closed
1616,823,15,2024-03-21,Electrical Failure,Supplier Defect,Low,False,Closed
1617,799,11,2024-03-22,Incorrect Installation,Assembly Error,High,True,Closed
1618,128,18,2024-03-22,Software Error,Supplier Defect,High,True,Closed
1619,812,19,2024-03-22,Electrical Failure,Customer Misuse,High,True,Closed
1620,565,17,2024-03-22,Electrical Failure,Supplier Defect,Critical,True,Closed
1621,558,15,2024-03-23,Electrical Failure,Material Failure,Medium,True,Closed
1622,104,11,2024-03-23,Leakage,Material Failure,High,False,Closed
1623,533,11,2024-03-23,Overheating,Unknown,High,True,Closed
1624,591,15,2024-03-23,Electrical Failure,Supplier Defect,High,True,Closed
1625,607,16,2024-03-23,Software Error,Supplier Defect,High,True,Closed
1626,637,2,2024-03-24,Noise,Design Issue,Low,False,Closed
1627,234,24,2024-03-24,Breakage,Supplier Defect,Critical,True,Closed
1628,489,5,2024-03-24,Noise,Manufacturing Error,Medium,False,Closed
1629,872,15,2024-03-24,Software Error,Material Failure,Medium,False,Closed
1630,543,15,2024-03-24,Electrical Failure,Supplier Defect,High,False,Closed
1631,840,16,2024-03-24,Performance Issue,Unknown,Low,False,Closed
1632,66,29,2024-03-25,Performance Issue,Supplier Defect,High,False,Closed
1633,357,13,2024-03-25,Leakage,Design Issue,Medium,True,Closed
1634,395,4,2024-03-25,Leakage,Assembly Error,High,True,Closed
1635,720,15,2024-03-25,Performance Issue,Supplier Defect,Low,False,Closed
1636,788,15,2024-03-25,Performance Issue,Supplier Defect,Low,False,Closed
1637,174,4,2024-03-26,Noise,Supplier Defect,Low,False,Closed
1638,3,20,2024-03-26,Electrical Failure,Supplier Defect,Medium,True,Closed
1639,810,16,2024-03-26,Electrical Failure,Supplier Defect,Medium,True,Closed
1640,704,15,2024-03-26,Electrical Failure,Supplier Defect,High,True,Closed
1641,581,15,2024-03-26,Electrical Failure,Supplier Defect,High,True,Under Investigation
1642,10,23,2024-03-27,Noise,Supplier Defect,Medium,False,Closed
1643,522,30,2024-03-27,Breakage,Supplier Defect,High,True,Closed
1644,547,16,2024-03-27,Performance Issue,Supplier Defect,Low,False,Closed
1645,689,15,2024-03-27,Software Error,Supplier Defect,Medium,True,Closed
1646,882,15,2024-03-27,Electrical Failure,Supplier Defect,Medium,True,Closed
1647,524,29,2024-03-28,Leakage,Supplier Defect,Medium,False,Closed
1648,872,24,2024-03-28,Performance Issue,Material Failure,Medium,False,Closed
1649,842,3,2024-03-28,Performance Issue,Manufacturing Error,Medium,False,Closed
1650,891,12,2024-03-28,Leakage,Unknown,High,True,Under Investigation
1651,724,15,2024-03-28,Electrical Failure,Supplier Defect,Medium,False,Closed
1652,754,15,2024-03-28,Electrical Failure,Supplier Defect,Low,False,Closed
1653,889,17,2024-03-28,Software Error,Supplier Defect,High,False,Closed
1654,704,17,2024-03-28,Performance Issue,Supplier Defect,Medium,False,Closed
1655,209,23,2024-03-29,Leakage,Design Issue,High,True,Closed
1656,786,8,2024-03-29,Incorrect Installation,Assembly Error,High,True,Closed
1657,233,8,2024-03-29,Noise,Supplier Defect,Low,True,Closed
1658,292,27,2024-03-29,Performance Issue,Supplier Defect,Low,False,Closed
1659,91,27,2024-03-29,Incorrect Installation,Assembly Error,Low,False,Closed
1660,444,2,2024-03-29,Breakage,Manufacturing Error,Low,False,Closed
1661,804,17,2024-03-29,Software Error,Supplier Defect,Medium,True,Closed
1662,626,15,2024-03-29,Electrical Failure,Supplier Defect,Medium,False,Closed
1663,586,16,2024-03-29,Software Error,Supplier Defect,High,True,Open
1664,606,4,2024-03-30,Performance Issue,Supplier Defect,Medium,False,Closed
1665,190,30,2024-03-30,Noise,Material Failure,Medium,True,Closed
1666,580,17,2024-03-30,Electrical Failure,Supplier Defect,Medium,False,Closed
1667,637,17,2024-03-30,Performance Issue,Supplier Defect,Low,False,Closed
1668,866,15,2024-03-30,Electrical Failure,Supplier Defect,Low,False,Closed
1669,205,9,2024-03-31,Noise,Material Failure,Medium,True,Closed
1670,174,30,2024-03-31,Noise,Supplier Defect,Low,False,Closed
1671,204,25,2024-03-31,Noise,Customer Misuse,Low,False,Closed
1672,655,16,2024-03-31,Software Error,Supplier Defect,Medium,False,Closed
1673,680,16,2024-03-31,Electrical Failure,Supplier Defect,Critical,True,Closed
1674,631,17,2024-03-31,Performance Issue,Unknown,High,True,Closed
1675,260,22,2024-04-01,Incorrect Installation,Assembly Error,Medium,False,Closed
1676,577,15,2024-04-01,Electrical Failure,Supplier Defect,High,False,Closed
1677,854,16,2024-04-01,Electrical Failure,Supplier Defect,High,True,Open
1678,195,3,2024-04-02,Incorrect Installation,Assembly Error,Medium,False,Closed
1679,1362,15,2024-04-02,Electrical Failure,Manufacturing Error,High,True,Closed
1680,468,29,2024-04-02,Performance Issue,Supplier Defect,Low,False,Under Investigation
1681,675,15,2024-04-02,Electrical Failure,Supplier Defect,Medium,True,Closed
1682,729,15,2024-04-02,Electrical Failure,Supplier Defect,High,True,Closed
1683,869,10,2024-04-03,Performance Issue,Material Failure,High,False,Closed
1684,1216,18,2024-04-03,Electrical Failure,Supplier Defect,Medium,True,Closed
1685,376,18,2024-04-03,Software Error,Supplier Defect,Medium,False,Closed
1686,323,15,2024-04-03,Electrical Failure,Material Failure,Medium,False,Closed
1687,1360,16,2024-04-03,Electrical Failure,Supplier Defect,Medium,False,Closed
1688,810,16,2024-04-03,Electrical Failure,Supplier Defect,Medium,True,Closed
1689,874,15,2024-04-03,Software Error,Supplier Defect,Medium,True,Closed
1690,531,15,2024-04-03,Software Error,Unknown,Low,False,Closed
1691,750,15,2024-04-03,Electrical Failure,Supplier Defect,Medium,False,Closed
1692,1145,10,2024-04-04,Breakage,Manufacturing Error,High,False,Closed
1693,1145,16,2024-04-04,Electrical Failure,Material Failure,Medium,False,Closed
1694,1421,12,2024-04-04,Breakage,Material Failure,Low,False,Closed
1695,1024,20,2024-04-04,Electrical Failure,Supplier Defect,High,True,Closed
1696,621,16,2024-04-04,Software Error,Supplier Defect,High,True,Closed
1697,584,15,2024-04-04,Software Error,Supplier Defect,High,False,Closed
1698,821,16,2024-04-04,Software Error,Supplier Defect,Medium,True,Closed
1699,783,15,2024-04-04,Electrical Failure,Supplier Defect,Medium,True,Closed
1700,724,17,2024-04-04,Performance Issue,Supplier Defect,Low,False,Closed
1701,873,8,2024-04-05,Breakage,Design Issue,High,True,Closed
1702,1290,17,2024-04-05,Software Error,Manufacturing Error,Medium,False,Closed
1703,92,30,2024-04-05,Noise,Customer Misuse,Low,True,Closed
1704,1289,24,2024-04-05,Performance Issue,Design Issue,Medium,False,Closed
1705,639,16,2024-04-05,Electrical Failure,Supplier Defect,Critical,True,Closed
1706,123,8,2024-04-05,Incorrect Installation,Assembly Error,Medium,True,Closed
1707,983,30,2024-04-05,Breakage,Assembly Error,Medium,True,Closed
1708,565,16,2024-04-05,Performance Issue,Supplier Defect,Low,False,Closed
1709,589,16,2024-04-05,Performance Issue,Supplier Defect,Medium,False,Closed
1710,652,16,2024-04-05,Software Error,Supplier Defect,Medium,True,Closed
1711,790,15,2024-04-05,Software Error,Supplier Defect,Medium,False,Closed
1712,245,11,2024-04-06,Incorrect Installation,Assembly Error,Low,False,Closed
1713,1107,16,2024-04-06,Electrical Failure,Assembly Error,Critical,True,Closed
1714,771,17,2024-04-06,Software Error,Supplier Defect,Low,False,Closed
1715,451,16,2024-04-07,Electrical Failure,Supplier Defect,High,True,Closed
1716,254,13,2024-04-07,Overheating,Assembly Error,High,True,Closed
1717,648,7,2024-04-07,Performance Issue,Manufacturing Error,Medium,False,Closed
1718,1413,4,2024-04-07,Overheating,Design Issue,Low,False,Closed
1719,1047,22,2024-04-07,Incorrect Installation,Assembly Error,Medium,True,Closed
1720,289,24,2024-04-07,Leakage,Design Issue,Low,False,Closed
1721,591,27,2024-04-07,Incorrect Installation,Assembly Error,High,True,Closed
1722,186,27,2024-04-07,Performance Issue,Manufacturing Error,High,True,Closed
1723,948,29,2024-04-07,Performance Issue,Material Failure,High,True,Closed
1724,1359,7,2024-04-07,Leakage,Manufacturing Error,Medium,True,Closed
1725,586,17,2024-04-07,Performance Issue,Supplier Defect,High,True,Closed
1726,762,16,2024-04-07,Software Error,Supplier Defect,Low,False,Closed
1727,720,15,2024-04-07,Electrical Failure,Supplier Defect,Medium,True,Closed
1728,880,15,2024-04-07,Software Error,Supplier Defect,Medium,False,Closed
1729,109,27,2024-04-08,Performance Issue,Supplier Defect,Medium,False,Closed
1730,539,8,2024-04-08,Performance Issue,Supplier Defect,Low,True,Closed
1731,746,8,2024-04-08,Performance Issue,Supplier Defect,Low,True,Closed
1732,975,15,2024-04-08,Electrical Failure,Supplier Defect,Medium,False,Closed
1733,132,7,2024-04-08,Noise,Material Failure,Low,False,Closed
1734,1054,29,2024-04-08,Performance Issue,Unknown,Low,False,Closed
1735,462,18,2024-04-08,Electrical Failure,Supplier Defect,Critical,True,Closed
1736,728,16,2024-04-08,Software Error,Supplier Defect,Critical,True,Closed
1737,879,18,2024-04-09,Electrical Failure,Supplier Defect,Critical,True,Closed
1738,388,30,2024-04-09,Breakage,Manufacturing Error,Medium,False,Closed
1739,1157,9,2024-04-09,Performance Issue,Supplier Defect,High,True,Closed
1740,520,16,2024-04-09,Electrical Failure,Supplier Defect,High,True,Closed
1741,766,16,2024-04-09,Electrical Failure,Supplier Defect,Medium,False,Closed
1742,870,11,2024-04-10,Overheating,Assembly Error,Medium,False,Closed
1743,351,18,2024-04-10,Performance Issue,Manufacturing Error,Medium,False,Closed
1744,543,21,2024-04-11,Performance Issue,Supplier Defect,High,False,Closed
1745,632,1,2024-04-11,Overheating,Material Failure,Medium,False,Closed
1746,990,22,2024-04-11,Breakage,Manufacturing Error,Medium,False,Closed
1747,818,17,2024-04-11,Software Error,Supplier Defect,Low,True,Closed
1748,724,17,2024-04-11,Performance Issue,Supplier Defect,Low,False,Closed
1749,175,9,2024-04-12,Leakage,Manufacturing Error,Medium,False,Under Investigation
1750,433,20,2024-04-12,Incorrect Installation,Assembly Error,Medium,True,Closed
1751,402,9,2024-04-12,Performance Issue,Customer Misuse,Low,False,Closed
1752,1441,12,2024-04-13,Incorrect Installation,Assembly Error,High,True,Closed
1753,352,28,2024-04-13,Performance Issue,Material Failure,Low,False,Closed
1754,628,29,2024-04-13,Leakage,Manufacturing Error,Low,True,Closed
1755,1053,8,2024-04-13,Noise,Manufacturing Error,Low,False,Closed
1756,819,8,2024-04-13,Leakage,Manufacturing Error,High,True,Closed
1757,1271,6,2024-04-13,Leakage,Supplier Defect,High,False,Closed
1758,545,17,2024-04-13,Electrical Failure,Supplier Defect,Medium,False,Closed
1759,659,17,2024-04-13,Electrical Failure,Supplier Defect,High,True,Closed
1760,899,27,2024-04-14,Leakage,Manufacturing Error,Medium,False,Closed
1761,568,17,2024-04-14,Electrical Failure,Supplier Defect,Medium,False,Closed
1762,160,15,2024-04-14,Incorrect Installation,Assembly Error,Medium,False,Closed
1763,1163,6,2024-04-14,Performance Issue,Design Issue,Low,False,Closed
1764,1394,9,2024-04-14,Leakage,Material Failure,Medium,False,Closed
1765,806,15,2024-04-14,Software Error,Supplier Defect,Medium,True,Closed
1766,794,17,2024-04-14,Electrical Failure,Supplier Defect,Low,False,Closed
1767,728,23,2024-04-15,Performance Issue,Unknown,Critical,True,Closed
1768,159,11,2024-04-15,Leakage,Customer Misuse,Medium,False,Closed
1769,561,16,2024-04-15,Software Error,Supplier Defect,Medium,True,Closed
1770,835,15,2024-04-15,Software Error,Supplier Defect,Medium,True,Closed
1771,209,7,2024-04-16,Breakage,Material Failure,High,True,Closed
1772,422,1,2024-04-16,Performance Issue,Supplier Defect,Medium,False,Closed
1773,971,22,2024-04-16,Performance Issue,Design Issue,Medium,False,Closed
1774,577,17,2024-04-16,Software Error,Supplier Defect,Low,True,Closed
1775,533,17,2024-04-16,Software Error,Supplier Defect,Low,False,Closed
1776,769,16,2024-04-16,Electrical Failure,Supplier Defect,Medium,False,Closed
1777,927,10,2024-04-17,Leakage,Supplier Defect,Low,False,Closed
1778,1276,9,2024-04-17,Noise,Manufacturing Error,Low,True,Closed
1779,1091,3,2024-04-17,Leakage,Material Failure,Low,False,Closed
1780,648,1,2024-04-18,Noise,Material Failure,Low,False,Closed
1781,158,8,2024-04-18,Breakage,Design Issue,Medium,True,Closed
1782,680,15,2024-04-18,Electrical Failure,Supplier Defect,High,False,Closed
1783,662,16,2024-04-18,Electrical Failure,Supplier Defect,Low,False,Closed
1784,612,16,2024-04-18,Performance Issue,Supplier Defect,Medium,True,Closed
1785,1267,5,2024-04-19,Noise,Customer Misuse,Low,False,Closed
1786,1170,5,2024-04-19,Breakage,Material Failure,High,True,Closed
1787,487,9,2024-04-19,Breakage,Design Issue,Critical,True,Closed
1788,1162,9,2024-04-19,Performance Issue,Supplier Defect,Medium,True,Closed
1789,515,16,2024-04-19,Software Error,Supplier Defect,Medium,True,Closed
1790,621,16,2024-04-19,Electrical Failure,Supplier Defect,High,True,Closed
1791,567,16,2024-04-19,Electrical Failure,Supplier Defect,Medium,True,Closed
1792,516,15,2024-04-19,Software Error,Supplier Defect,High,True,Closed
1793,486,18,2024-04-20,Software Error,Material Failure,Medium,False,Closed
1794,541,16,2024-04-20,Electrical Failure,Supplier Defect,Critical,True,Closed
1795,756,15,2024-04-20,Electrical Failure,Supplier Defect,Critical,True,Closed
1796,656,17,2024-04-20,Performance Issue,Unknown,Medium,True,Closed
1797,1275,21,2024-04-21,Electrical Failure,Manufacturing Error,Medium,False,Closed
1798,273,22,2024-04-21,Noise,Customer Misuse,Low,False,Closed
1799,843,16,2024-04-21,Electrical Failure,Supplier Defect,Critical,True,Closed
1800,354,18,2024-04-22,Software Error,Manufacturing Error,Low,False,Closed
1801,761,17,2024-04-22,Electrical Failure,Customer Misuse,High,False,Closed
1802,885,24,2024-04-22,Performance Issue,Assembly Error,Critical,True,Closed
1803,288,15,2024-04-22,Electrical Failure,Supplier Defect,Medium,False,Closed
1804,1064,9,2024-04-22,Performance Issue,Material Failure,Low,False,Closed
1805,658,15,2024-04-22,Electrical Failure,Supplier Defect,Medium,False,Closed
1806,536,15,2024-04-22,Electrical Failure,Supplier Defect,Medium,True,Closed
1807,636,15,2024-04-22,Electrical Failure,Supplier Defect,High,True,Closed
1808,577,15,2024-04-22,Electrical Failure,Supplier Defect,Low,False,Closed
1809,600,16,2024-04-22,Electrical Failure,Supplier Defect,Medium,False,Closed
1810,474,1,2024-04-23,Overheating,Material Failure,Critical,True,Closed
1811,636,15,2024-04-23,Electrical Failure,Supplier Defect,High,True,Closed
1812,635,24,2024-04-23,Leakage,Unknown,Medium,False,Closed
1813,213,30,2024-04-23,Breakage,Supplier Defect,Critical,True,Closed
1814,1288,12,2024-04-23,Leakage,Manufacturing Error,Medium,False,Closed
1815,1422,9,2024-04-23,Incorrect Installation,Assembly Error,Low,False,Closed
1816,278,16,2024-04-23,Electrical Failure,Supplier Defect,Critical,True,Closed
1817,702,16,2024-04-23,Performance Issue,Supplier Defect,Low,True,Closed
1818,603,14,2024-04-24,Leakage,Manufacturing Error,High,True,Closed
1819,354,15,2024-04-24,Software Error,Supplier Defect,Low,True,Closed
1820,703,13,2024-04-24,Overheating,Supplier Defect,High,False,Closed
1821,76,10,2024-04-24,Performance Issue,Design Issue,High,True,Closed
1822,1090,28,2024-04-24,Leakage,Customer Misuse,Medium,True,Closed
1823,631,11,2024-04-24,Leakage,Design Issue,High,False,Closed
1824,1136,4,2024-04-24,Noise,Supplier Defect,Low,False,Under Investigation
1825,606,16,2024-04-24,Electrical Failure,Supplier Defect,Medium,False,Closed
1826,384,24,2024-04-25,Noise,Supplier Defect,Low,False,Closed
1827,880,29,2024-04-25,Noise,Supplier Defect,Low,False,Closed
1828,783,29,2024-04-25,Leakage,Material Failure,Medium,False,Closed
1829,359,22,2024-04-25,Breakage,Customer Misuse,High,True,Closed
1830,758,7,2024-04-25,Leakage,Supplier Defect,Low,False,Closed
1831,612,15,2024-04-25,Performance Issue,Supplier Defect,Low,False,Closed
1832,65,5,2024-04-26,Noise,Supplier Defect,Medium,False,Closed
1833,478,10,2024-04-26,Leakage,Customer Misuse,High,True,Closed
1834,1190,10,2024-04-26,Noise,Assembly Error,Low,False,Closed
1835,159,30,2024-04-26,Noise,Manufacturing Error,Low,True,Closed
1836,518,16,2024-04-26,Electrical Failure,Supplier Defect,Medium,False,Closed
1837,597,15,2024-04-26,Performance Issue,Supplier Defect,Medium,False,Closed
1838,746,15,2024-04-26,Electrical Failure,Supplier Defect,Low,False,Closed
1839,382,5,2024-04-27,Leakage,Material Failure,Medium,True,Closed
1840,500,9,2024-04-27,Noise,Manufacturing Error,Medium,True,Closed
1841,683,15,2024-04-27,Electrical Failure,Supplier Defect,Low,True,Closed
1842,674,15,2024-04-27,Performance Issue,Supplier Defect,Medium,True,Closed
1843,806,15,2024-04-27,Electrical Failure,Supplier Defect,High,True,Closed
1844,524,20,2024-04-28,Electrical Failure,Design Issue,High,True,Closed
1845,418,9,2024-04-28,Breakage,Material Failure,Medium,True,Closed
1846,1314,30,2024-04-28,Breakage,Unknown,High,False,Closed
1847,627,11,2024-04-28,Noise,Assembly Error,Low,False,Closed
1848,1259,17,2024-04-28,Performance Issue,Customer Misuse,Low,False,Closed
1849,841,16,2024-04-28,Software Error,Supplier Defect,Low,True,Closed
1850,620,17,2024-04-28,Electrical Failure,Supplier Defect,Critical,True,Closed
1851,449,2,2024-04-29,Overheating,Design Issue,Medium,True,Closed
1852,27,24,2024-04-29,Performance Issue,Material Failure,Low,False,Closed
1853,604,16,2024-04-29,Software Error,Supplier Defect,Medium,False,Closed
1854,712,15,2024-04-29,Electrical Failure,Supplier Defect,Medium,False,Closed
1855,617,16,2024-04-29,Electrical Failure,Supplier Defect,High,True,Closed
1856,565,16,2024-04-29,Electrical Failure,Supplier Defect,High,False,Closed
1857,779,16,2024-04-29,Electrical Failure,Supplier Defect,Medium,False,Closed
1858,552,17,2024-04-29,Electrical Failure,Supplier Defect,Medium,False,Closed
1859,663,7,2024-04-30,Performance Issue,Assembly Error,Medium,False,Closed
1860,1059,6,2024-04-30,Noise,Design Issue,Low,False,Closed
1861,1004,27,2024-04-30,Noise,Supplier Defect,Medium,True,Closed
1862,618,15,2024-04-30,Electrical Failure,Supplier Defect,High,True,Closed
1863,598,15,2024-04-30,Electrical Failure,Supplier Defect,Medium,True,Closed
1864,823,15,2024-04-30,Software Error,Supplier Defect,Medium,True,Closed
1865,667,16,2024-04-30,Performance Issue,Material Failure,Medium,False,Closed
1866,1256,8,2024-05-01,Performance Issue,Design Issue,Low,False,Closed
1867,173,24,2024-05-01,Performance Issue,Manufacturing Error,Medium,False,Closed
1868,864,11,2024-05-01,Overheating,Manufacturing Error,High,False,Closed
1869,245,22,2024-05-01,Noise,Design Issue,High,False,Closed
1870,566,17,2024-05-01,Software Error,Unknown,High,True,Under Investigation
1871,805,29,2024-05-02,Noise,Supplier Defect,Low,False,Closed
1872,1334,29,2024-05-02,Breakage,Assembly Error,High,True,Closed
1873,830,7,2024-05-02,Incorrect Installation,Assembly Error,Medium,False,Closed
1874,191,8,2024-05-02,Breakage,Design Issue,High,True,Closed
1875,560,17,2024-05-02,Electrical Failure,Unknown,High,True,Closed
1876,549,28,2024-05-03,Leakage,Manufacturing Error,Low,True,Closed
1877,8,6,2024-05-03,Breakage,Supplier Defect,High,True,Closed
1878,1079,23,2024-05-03,Leakage,Assembly Error,High,False,Closed
1879,280,23,2024-05-03,Noise,Material Failure,High,False,Closed
1880,563,15,2024-05-03,Electrical Failure,Supplier Defect,Medium,False,Closed
1881,765,16,2024-05-03,Electrical Failure,Supplier Defect,Medium,False,Closed
1882,665,17,2024-05-03,Electrical Failure,Supplier Defect,Medium,False,Closed
1883,541,17,2024-05-03,Electrical Failure,Unknown,High,True,Closed
1884,844,29,2024-05-04,Performance Issue,Supplier Defect,High,True,Closed
1885,355,27,2024-05-04,Performance Issue,Supplier Defect,Medium,True,Closed
1886,107,14,2024-05-04,Leakage,Assembly Error,Medium,False,Closed
1887,499,8,2024-05-04,Performance Issue,Manufacturing Error,High,True,Closed
1888,823,16,2024-05-04,Software Error,Unknown,Medium,False,Closed
1889,750,15,2024-05-04,Electrical Failure,Supplier Defect,Medium,False,Closed
1890,656,16,2024-05-04,Electrical Failure,Unknown,Medium,True,Closed
1891,603,24,2024-05-05,Noise,Customer Misuse,High,True,Closed
1892,362,29,2024-05-05,Noise,Manufacturing Error,Low,False,Closed
1893,781,16,2024-05-05,Electrical Failure,Unknown,Low,False,Closed
1894,98,24,2024-05-06,Breakage,Supplier Defect,High,False,Closed
1895,1170,27,2024-05-06,Noise,Assembly Error,Low,False,Closed
1896,1121,18,2024-05-06,Electrical Failure,Supplier Defect,Medium,False,Closed
1897,199,4,2024-05-06,Breakage,Customer Misuse,Critical,True,Closed
1898,127,7,2024-05-06,Leakage,Manufacturing Error,Critical,True,Closed
1899,477,24,2024-05-06,Noise,Material Failure,Medium,False,Closed
1900,556,28,2024-05-06,Leakage,Assembly Error,Medium,False,Closed
1901,767,28,2024-05-06,Performance Issue,Design Issue,Medium,True,Closed
1902,67,30,2024-05-06,Breakage,Assembly Error,Critical,True,Closed
1903,586,16,2024-05-06,Software Error,Supplier Defect,Low,True,Closed
1904,545,17,2024-05-06,Software Error,Supplier Defect,High,True,Closed
1905,431,9,2024-05-07,Noise,Material Failure,Low,False,Closed
1906,1291,26,2024-05-07,Leakage,Design Issue,Medium,False,Closed
1907,120,22,2024-05-08,Noise,Manufacturing Error,High,True,Closed
1908,750,26,2024-05-08,Noise,Supplier Defect,Low,False,Closed
1909,226,28,2024-05-08,Electrical Failure,Supplier Defect,Medium,False,Closed
1910,558,6,2024-05-08,Leakage,Manufacturing Error,Medium,True,Open
1911,785,15,2024-05-08,Performance Issue,Unknown,Low,False,Closed
1912,519,7,2024-05-09,Incorrect Installation,Assembly Error,Low,False,Closed
1913,860,8,2024-05-09,Leakage,Manufacturing Error,Medium,False,Closed
1914,246,24,2024-05-09,Noise,Customer Misuse,Low,False,Closed
1915,386,10,2024-05-09,Breakage,Material Failure,Low,True,Closed
1916,437,9,2024-05-09,Performance Issue,Material Failure,Low,False,Closed
1917,14,27,2024-05-09,Performance Issue,Supplier Defect,Low,False,Closed
1918,1260,27,2024-05-09,Electrical Failure,Assembly Error,Medium,True,Closed
1919,525,6,2024-05-09,Performance Issue,Supplier Defect,Medium,False,Closed
1920,547,28,2024-05-09,Performance Issue,Manufacturing Error,Low,False,Closed
1921,581,25,2024-05-09,Breakage,Supplier Defect,Low,False,Closed
1922,662,16,2024-05-09,Electrical Failure,Supplier Defect,High,True,Closed
1923,659,15,2024-05-09,Electrical Failure,Supplier Defect,Medium,False,Closed
1924,859,29,2024-05-10,Leakage,Unknown,Low,False,Closed
1925,1387,13,2024-05-10,Noise,Assembly Error,Low,True,Closed
1926,44,27,2024-05-10,Performance Issue,Manufacturing Error,Medium,False,Closed
1927,213,16,2024-05-10,Software Error,Supplier Defect,Low,True,Closed
1928,989,30,2024-05-11,Breakage,Assembly Error,Critical,False,Closed
1929,1221,6,2024-05-11,Leakage,Manufacturing Error,Low,False,Closed
1930,119,14,2024-05-11,Overheating,Manufacturing Error,Medium,False,Closed
1931,549,24,2024-05-11,Performance Issue,Supplier Defect,Medium,True,Closed
1932,614,16,2024-05-11,Electrical Failure,Supplier Defect,Medium,False,Closed
1933,867,17,2024-05-11,Performance Issue,Supplier Defect,Low,False,Closed
1934,612,15,2024-05-11,Software Error,Unknown,High,True,Under Investigation
1935,468,19,2024-05-12,Electrical Failure,Material Failure,Medium,False,Closed
1936,611,15,2024-05-12,Performance Issue,Material Failure,Medium,False,Closed
1937,730,17,2024-05-12,Software Error,Supplier Defect,Low,False,Closed
1938,945,18,2024-05-13,Software Error,Supplier Defect,Medium,False,Closed
1939,1306,18,2024-05-13,Software Error,Unknown,Medium,False,Closed
1940,590,30,2024-05-13,Noise,Assembly Error,High,False,Closed
1941,707,30,2024-05-13,Breakage,Material Failure,High,False,Closed
1942,1165,16,2024-05-13,Performance Issue,Customer Misuse,Medium,False,Closed
1943,185,22,2024-05-13,Leakage,Manufacturing Error,Medium,False,Closed
1944,1385,8,2024-05-13,Leakage,Manufacturing Error,Medium,True,Closed
1945,649,7,2024-05-13,Performance Issue,Material Failure,High,False,Closed
1946,1018,24,2024-05-13,Noise,Assembly Error,Medium,False,Closed
1947,890,11,2024-05-13,Leakage,Material Failure,High,True,Closed
1948,534,16,2024-05-13,Electrical Failure,Unknown,Low,True,Closed
1949,647,17,2024-05-13,Software Error,Supplier Defect,Medium,True,Closed
1950,716,15,2024-05-13,Electrical Failure,Material Failure,Low,False,Closed
1951,845,16,2024-05-13,Software Error,Supplier Defect,Medium,False,Closed
1952,583,15,2024-05-13,Electrical Failure,Supplier Defect,Medium,False,Closed
1953,779,16,2024-05-13,Electrical Failure,Supplier Defect,Medium,False,Closed
1954,883,15,2024-05-13,Software Error,Supplier Defect,Low,False,Closed
1955,538,11,2024-05-14,Overheating,Assembly Error,High,True,Closed
1956,620,20,2024-05-14,Electrical Failure,Material Failure,Medium,True,Closed
1957,704,26,2024-05-14,Leakage,Supplier Defect,Low,True,Closed
1958,1390,22,2024-05-14,Breakage,Material Failure,Critical,True,Closed
1959,1242,23,2024-05-14,Leakage,Design Issue,High,True,Closed
1960,867,6,2024-05-14,Leakage,Supplier Defect,High,True,Closed
1961,969,27,2024-05-15,Performance Issue,Supplier Defect,High,True,Closed
1962,704,17,2024-05-15,Software Error,Supplier Defect,High,False,Closed
1963,709,15,2024-05-15,Electrical Failure,Supplier Defect,Medium,True,Closed
1964,552,15,2024-05-15,Electrical Failure,Supplier Defect,Medium,True,Closed
1965,876,15,2024-05-15,Electrical Failure,Supplier Defect,Critical,True,Open
1966,730,16,2024-05-15,Electrical Failure,Supplier Defect,Critical,False,Closed
1967,435,16,2024-05-16,Electrical Failure,Supplier Defect,Critical,True,Closed
1968,807,22,2024-05-16,Noise,Material Failure,Medium,False,Closed
1969,330,30,2024-05-16,Incorrect Installation,Assembly Error,Medium,True,Under Investigation
1970,645,15,2024-05-16,Software Error,Supplier Defect,Critical,True,Closed
1971,758,16,2024-05-16,Electrical Failure,Supplier Defect,Medium,True,Closed
1972,837,10,2024-05-17,Breakage,Material Failure,Medium,True,Closed
1973,596,18,2024-05-17,Electrical Failure,Supplier Defect,High,True,Closed
1974,830,8,2024-05-17,Breakage,Customer Misuse,High,False,Closed
1975,927,22,2024-05-17,Performance Issue,Design Issue,Low,False,Closed
1976,862,15,2024-05-17,Electrical Failure,Supplier Defect,High,True,Closed
1977,1191,16,2024-05-18,Electrical Failure,Manufacturing Error,High,True,Closed
1978,98,26,2024-05-18,Breakage,Design Issue,Medium,True,Closed
1979,1039,13,2024-05-18,Leakage,Supplier Defect,High,True,Closed
1980,1271,7,2024-05-18,Breakage,Design Issue,Medium,False,Closed
1981,980,24,2024-05-18,Noise,Supplier Defect,Low,False,Closed
1982,784,16,2024-05-18,Software Error,Supplier Defect,Medium,True,Closed
1983,729,16,2024-05-18,Electrical Failure,Supplier Defect,Medium,False,Closed
1984,514,15,2024-05-18,Software Error,Supplier Defect,Medium,True,Closed
1985,639,17,2024-05-18,Electrical Failure,Supplier Defect,Medium,False,Closed
1986,614,17,2024-05-18,Electrical Failure,Supplier Defect,High,False,Closed
1987,680,16,2024-05-18,Software Error,Material Failure,High,True,Closed
1988,695,17,2024-05-18,Software Error,Supplier Defect,High,False,Closed
1989,984,13,2024-05-19,Overheating,Customer Misuse,Critical,True,Closed
1990,219,17,2024-05-19,Electrical Failure,Manufacturing Error,High,True,Closed
1991,553,21,2024-05-19,Electrical Failure,Manufacturing Error,High,True,Closed
1992,1312,25,2024-05-19,Incorrect Installation,Assembly Error,High,True,Closed
1993,62,23,2024-05-19,Performance Issue,Supplier Defect,High,True,Closed
1994,666,16,2024-05-19,Electrical Failure,Supplier Defect,High,False,Closed
1995,1337,26,2024-05-20,Leakage,Customer Misuse,High,True,Closed
1996,711,5,2024-05-20,Leakage,Manufacturing Error,Low,True,Closed
1997,606,17,2024-05-20,Software Error,Supplier Defect,Low,False,Closed
1998,1436,10,2024-05-21,Noise,Customer Misuse,Low,False,Closed
1999,1030,24,2024-05-21,Leakage,Design Issue,Low,False,Closed
2000,1241,10,2024-05-21,Noise,Design Issue,Medium,False,Closed
2001,225,11,2024-05-21,Noise,Supplier Defect,Low,False,Closed
2002,813,16,2024-05-21,Electrical Failure,Supplier Defect,High,True,Closed
2003,1423,11,2024-05-22,Leakage,Supplier Defect,High,False,Closed
2004,637,8,2024-05-22,Breakage,Supplier Defect,Critical,True,Closed
2005,1220,8,2024-05-22,Breakage,Manufacturing Error,High,True,Closed
2006,160,11,2024-05-22,Incorrect Installation,Assembly Error,Medium,True,Closed
2007,647,16,2024-05-22,Electrical Failure,Supplier Defect,High,True,Closed
2008,811,16,2024-05-22,Electrical Failure,Supplier Defect,Medium,False,Closed
2009,640,16,2024-05-22,Electrical Failure,Supplier Defect,Medium,False,Closed
2010,888,16,2024-05-22,Software Error,Supplier Defect,High,False,Under Investigation
2011,700,15,2024-05-22,Performance Issue,Supplier Defect,Low,False,Closed
2012,227,22,2024-05-23,Noise,Unknown,Low,True,Closed
2013,296,25,2024-05-23,Performance Issue,Unknown,Medium,True,Closed
2014,755,15,2024-05-23,Electrical Failure,Supplier Defect,High,True,Closed
2015,609,17,2024-05-23,Software Error,Unknown,High,True,Closed
2016,785,17,2024-05-23,Electrical Failure,Supplier Defect,High,True,Closed
2017,833,16,2024-05-23,Performance Issue,Supplier Defect,Low,False,Closed
2018,557,5,2024-05-24,Noise,Assembly Error,Low,False,Closed
2019,776,5,2024-05-24,Performance Issue,Supplier Defect,Low,True,Closed
2020,834,7,2024-05-24,Incorrect Installation,Assembly Error,Medium,True,Closed
2021,438,7,2024-05-24,Leakage,Manufacturing Error,Low,False,Closed
2022,563,10,2024-05-24,Noise,Manufacturing Error,Low,True,Closed
2023,201,22,2024-05-24,Leakage,Assembly Error,High,True,Closed
2024,438,11,2024-05-24,Overheating,Supplier Defect,Medium,True,Closed
2025,624,17,2024-05-24,Electrical Failure,Supplier Defect,Medium,True,Closed
2026,776,16,2024-05-24,Electrical Failure,Supplier Defect,Medium,True,Closed
2027,818,16,2024-05-24,Electrical Failure,Supplier Defect,Critical,True,Closed
2028,611,17,2024-05-24,Performance Issue,Supplier Defect,Low,True,Closed
2029,711,15,2024-05-24,Electrical Failure,Material Failure,High,True,Closed
2030,680,15,2024-05-24,Electrical Failure,Supplier Defect,High,True,Closed
2031,717,18,2024-05-25,Incorrect Installation,Assembly Error,Critical,True,Closed
2032,1374,17,2024-05-25,Software Error,Supplier Defect,High,False,Closed
2033,341,9,2024-05-25,Performance Issue,Material Failure,Low,False,Closed
2034,941,20,2024-05-25,Incorrect Installation,Assembly Error,Medium,True,Closed
2035,1080,25,2024-05-25,Leakage,Supplier Defect,Medium,False,Closed
2036,1337,9,2024-05-25,Breakage,Material Failure,High,True,Closed
2037,1291,7,2024-05-25,Noise,Design Issue,High,False,Closed
2038,598,17,2024-05-25,Electrical Failure,Supplier Defect,Low,True,Closed
2039,717,15,2024-05-25,Electrical Failure,Supplier Defect,Critical,True,Closed
2040,1371,22,2024-05-26,Breakage,Design Issue,High,False,Closed
2041,688,16,2024-05-26,Software Error,Supplier Defect,High,False,Closed
2042,633,16,2024-05-26,Performance Issue,Supplier Defect,Medium,True,Closed
2043,478,27,2024-05-27,Leakage,Supplier Defect,Medium,True,Closed
2044,838,7,2024-05-27,Performance Issue,Manufacturing Error,High,False,Closed
2045,128,20,2024-05-27,Performance Issue,Supplier Defect,Medium,False,Closed
2046,728,15,2024-05-27,Electrical Failure,Supplier Defect,High,True,Closed
2047,862,15,2024-05-27,Electrical Failure,Unknown,Low,False,Closed
2048,1133,30,2024-05-28,Noise,Supplier Defect,Medium,True,Closed
2049,402,3,2024-05-28,Overheating,Material Failure,Medium,True,Closed
2050,156,27,2024-05-28,Leakage,Supplier Defect,High,True,Closed
2051,564,22,2024-05-28,Leakage,Material Failure,Medium,False,Closed
2052,740,27,2024-05-28,Performance Issue,Supplier Defect,Medium,True,Closed
2053,168,5,2024-05-28,Breakage,Supplier Defect,Medium,False,Closed
2054,641,15,2024-05-28,Electrical Failure,Supplier Defect,High,True,Closed
2055,597,17,2024-05-28,Electrical Failure,Unknown,Medium,False,Closed
2056,694,15,2024-05-28,Software Error,Supplier Defect,Medium,True,Closed
2057,686,15,2024-05-28,Software Error,Supplier Defect,Medium,True,Closed
2058,852,23,2024-05-29,Leakage,Customer Misuse,Medium,True,Closed
2059,45,12,2024-05-29,Noise,Material Failure,Low,False,Closed
2060,769,2,2024-05-29,Noise,Supplier Defect,Medium,True,Closed
2061,675,15,2024-05-29,Software Error,Supplier Defect,Low,True,Closed
2062,860,15,2024-05-29,Electrical Failure,Supplier Defect,Medium,True,Closed
2063,1254,20,2024-05-30,Electrical Failure,Customer Misuse,High,True,Closed
2064,939,16,2024-05-30,Performance Issue,Supplier Defect,Medium,False,Closed
2065,955,27,2024-05-30,Leakage,Supplier Defect,Medium,True,Closed
2066,1256,19,2024-05-30,Electrical Failure,Design Issue,Medium,True,Closed
2067,1324,23,2024-05-30,Leakage,Material Failure,Medium,False,Closed
2068,428,7,2024-05-30,Leakage,Supplier Defect,High,False,Closed
2069,658,15,2024-05-30,Electrical Failure,Supplier Defect,Medium,False,Closed
2070,606,16,2024-05-30,Software Error,Supplier Defect,Medium,False,Closed
2071,744,22,2024-05-31,Noise,Supplier Defect,Medium,False,Closed
2072,889,2,2024-05-31,Overheating,Material Failure,Medium,True,Closed
2073,82,9,2024-05-31,Noise,Manufacturing Error,Medium,False,Closed
2074,497,25,2024-05-31,Noise,Customer Misuse,Medium,False,Closed
2075,1405,1,2024-05-31,Leakage,Supplier Defect,Critical,True,Closed
2076,155,22,2024-05-31,Noise,Material Failure,Low,True,Closed
2077,826,17,2024-05-31,Software Error,Supplier Defect,Low,False,Closed
2078,753,15,2024-05-31,Performance Issue,Material Failure,Low,True,Closed
2079,762,15,2024-05-31,Electrical Failure,Supplier Defect,Medium,False,Closed
2080,225,30,2024-06-01,Breakage,Assembly Error,Medium,False,Closed
2081,612,16,2024-06-01,Software Error,Unknown,Medium,False,Closed
2082,843,15,2024-06-01,Performance Issue,Supplier Defect,Low,False,Closed
2083,768,16,2024-06-01,Software Error,Supplier Defect,Medium,False,Closed
2084,745,17,2024-06-01,Software Error,Supplier Defect,Medium,False,Closed
2085,655,15,2024-06-01,Electrical Failure,Supplier Defect,High,True,Closed
2086,511,26,2024-06-02,Noise,Material Failure,Medium,True,Closed
2087,1393,9,2024-06-02,Noise,Design Issue,Low,True,Closed
2088,1165,24,2024-06-02,Noise,Design Issue,Low,True,Closed
2089,445,11,2024-06-02,Leakage,Material Failure,Medium,True,Closed
2090,573,15,2024-06-02,Electrical Failure,Supplier Defect,High,True,Closed
2091,794,15,2024-06-02,Electrical Failure,Unknown,High,True,Closed
2092,733,16,2024-06-02,Performance Issue,Supplier Defect,Medium,False,Closed
2093,836,17,2024-06-02,Electrical Failure,Supplier Defect,Critical,True,Closed
2094,710,17,2024-06-02,Software Error,Material Failure,Low,False,Closed
2095,725,15,2024-06-02,Electrical Failure,Unknown,Medium,False,Closed
2096,778,16,2024-06-02,Electrical Failure,Supplier Defect,High,False,Closed
2097,679,15,2024-06-02,Performance Issue,Supplier Defect,Low,True,Closed
2098,583,16,2024-06-02,Electrical Failure,Supplier Defect,High,True,Closed
2099,657,15,2024-06-02,Software Error,Supplier Defect,Medium,False,Closed
2100,96,11,2024-06-03,Incorrect Installation,Assembly Error,Medium,False,Closed
2101,567,20,2024-06-03,Performance Issue,Customer Misuse,Low,False,Closed
2102,70,14,2024-06-03,Leakage,Supplier Defect,Medium,True,Closed
2103,473,19,2024-06-03,Incorrect Installation,Assembly Error,Medium,False,Closed
2104,821,13,2024-06-03,Breakage,Material Failure,Medium,False,Closed
2105,814,25,2024-06-03,Breakage,Manufacturing Error,Low,True,Closed
2106,766,15,2024-06-03,Software Error,Supplier Defect,High,True,Closed
2107,1017,26,2024-06-04,Performance Issue,Material Failure,Critical,True,Closed
2108,591,9,2024-06-04,Performance Issue,Customer Misuse,Medium,True,Closed
2109,520,2,2024-06-04,Performance Issue,Material Failure,Medium,False,Closed
2110,339,22,2024-06-04,Noise,Unknown,Low,False,Closed
2111,1004,21,2024-06-04,Overheating,Supplier Defect,Medium,False,Closed
2112,1429,18,2024-06-04,Performance Issue,Supplier Defect,Medium,False,Closed
2113,1165,11,2024-06-04,Breakage,Supplier Defect,Medium,False,Closed
2114,1039,26,2024-06-04,Performance Issue,Design Issue,Low,False,Closed
2115,520,15,2024-06-04,Electrical Failure,Supplier Defect,Medium,True,Closed
2116,707,15,2024-06-04,Electrical Failure,Supplier Defect,Medium,False,Closed
2117,659,15,2024-06-04,Electrical Failure,Supplier Defect,Critical,True,Closed
2118,880,17,2024-06-04,Software Error,Supplier Defect,Medium,False,Closed
2119,1102,23,2024-06-05,Performance Issue,Supplier Defect,Medium,True,Closed
2120,285,19,2024-06-05,Overheating,Supplier Defect,Medium,True,Closed
2121,514,15,2024-06-05,Electrical Failure,Unknown,Medium,True,Closed
2122,574,17,2024-06-05,Software Error,Supplier Defect,Medium,False,Closed
2123,712,15,2024-06-05,Electrical Failure,Supplier Defect,Medium,True,Closed
2124,790,16,2024-06-05,Electrical Failure,Supplier Defect,High,True,Closed
2125,1047,27,2024-06-06,Electrical Failure,Customer Misuse,Medium,False,Closed
2126,1082,11,2024-06-06,Leakage,Material Failure,Medium,True,Closed
2127,770,9,2024-06-06,Incorrect Installation,Assembly Error,Medium,True,Closed
2128,592,15,2024-06-06,Performance Issue,Supplier Defect,Low,False,Closed
2129,889,15,2024-06-06,Performance Issue,Supplier Defect,Medium,True,Closed
2130,667,16,2024-06-06,Electrical Failure,Supplier Defect,Low,False,Closed
2131,1125,12,2024-06-07,Leakage,Material Failure,Critical,True,Under Investigation
2132,1379,19,2024-06-07,Electrical Failure,Manufacturing Error,Low,False,Closed
2133,133,27,2024-06-07,Performance Issue,Supplier Defect,Critical,True,Closed
2134,595,11,2024-06-07,Leakage,Supplier Defect,High,True,Closed
2135,668,15,2024-06-07,Performance Issue,Supplier Defect,Low,False,Closed
2136,819,15,2024-06-07,Performance Issue,Supplier Defect,Low,False,Closed
2137,790,15,2024-06-07,Electrical Failure,Supplier Defect,High,True,Closed
2138,645,15,2024-06-08,Software Error,Supplier Defect,Low,True,Closed
2139,1175,21,2024-06-08,Electrical Failure,Supplier Defect,High,False,Closed
2140,722,13,2024-06-08,Overheating,Supplier Defect,Medium,True,Closed
2141,753,15,2024-06-08,Software Error,Supplier Defect,Low,False,Closed
2142,685,15,2024-06-08,Electrical Failure,Supplier Defect,Medium,True,Closed
2143,766,15,2024-06-08,Software Error,Supplier Defect,Critical,True,Closed
2144,820,16,2024-06-08,Performance Issue,Supplier Defect,Medium,True,Closed
2145,705,15,2024-06-08,Electrical Failure,Supplier Defect,Medium,False,Closed
2146,98,16,2024-06-09,Performance Issue,Supplier Defect,Medium,False,Closed
2147,688,15,2024-06-09,Software Error,Supplier Defect,High,True,Closed
2148,439,27,2024-06-10,Leakage,Assembly Error,Medium,False,Closed
2149,311,24,2024-06-10,Leakage,Material Failure,Low,False,Closed
2150,797,18,2024-06-10,Electrical Failure,Assembly Error,High,True,Closed
2151,237,23,2024-06-10,Performance Issue,Manufacturing Error,Low,True,Closed
2152,876,16,2024-06-10,Performance Issue,Supplier Defect,Low,False,Closed
2153,660,16,2024-06-10,Electrical Failure,Supplier Defect,Medium,False,Closed
2154,899,28,2024-06-11,Noise,Material Failure,Medium,True,Closed
2155,538,12,2024-06-11,Overheating,Supplier Defect,High,True,Closed
2156,690,16,2024-06-11,Software Error,Supplier Defect,Low,False,Closed
2157,749,17,2024-06-11,Electrical Failure,Unknown,Low,True,Closed
2158,721,16,2024-06-11,Electrical Failure,Supplier Defect,Critical,False,Closed
2159,771,16,2024-06-11,Software Error,Supplier Defect,Low,False,Closed
2160,723,16,2024-06-11,Electrical Failure,Supplier Defect,Critical,True,Closed
2161,160,16,2024-06-12,Software Error,Manufacturing Error,Low,True,Closed
2162,1112,8,2024-06-12,Performance Issue,Supplier Defect,Low,True,Closed
2163,121,11,2024-06-12,Leakage,Supplier Defect,Medium,False,Closed
2164,1015,20,2024-06-12,Electrical Failure,Manufacturing Error,Medium,False,Closed
2165,767,24,2024-06-12,Noise,Design Issue,Low,True,Closed
2166,299,12,2024-06-13,Overheating,Assembly Error,High,True,Closed
2167,419,27,2024-06-13,Leakage,Manufacturing Error,Critical,True,Closed
2168,476,23,2024-06-13,Incorrect Installation,Assembly Error,Low,False,Closed
2169,449,9,2024-06-13,Noise,Manufacturing Error,Medium,False,Closed
2170,436,22,2024-06-13,Breakage,Manufacturing Error,Low,False,Open
2171,130,20,2024-06-13,Electrical Failure,Supplier Defect,Critical,True,Closed
2172,134,30,2024-06-13,Noise,Supplier Defect,Low,False,Closed
2173,712,16,2024-06-13,Performance Issue,Supplier Defect,Medium,False,Closed
2174,701,17,2024-06-13,Electrical Failure,Supplier Defect,Critical,True,Closed
2175,859,15,2024-06-13,Software Error,Supplier Defect,Low,False,Closed
2176,777,16,2024-06-13,Electrical Failure,Supplier Defect,High,False,Closed
2177,704,17,2024-06-13,Electrical Failure,Supplier Defect,Medium,False,Closed
2178,734,15,2024-06-13,Software Error,Unknown,Medium,True,Closed
2179,662,15,2024-06-14,Electrical Failure,Supplier Defect,Low,True,Closed
2180,160,4,2024-06-14,Incorrect Installation,Assembly Error,Low,False,Closed
2181,516,29,2024-06-14,Performance Issue,Supplier Defect,Medium,False,Closed
2182,758,27,2024-06-14,Noise,Design Issue,Low,False,Closed
2183,561,15,2024-06-14,Electrical Failure,Material Failure,High,True,Closed
2184,660,17,2024-06-14,Electrical Failure,Supplier Defect,High,True,Closed
2185,534,15,2024-06-14,Electrical Failure,Supplier Defect,High,False,Closed
2186,517,16,2024-06-14,Electrical Failure,Supplier Defect,High,True,Closed
2187,1251,11,2024-06-15,Overheating,Supplier Defect,Critical,True,Closed
2188,149,15,2024-06-15,Electrical Failure,Supplier Defect,Critical,True,Closed
2189,265,13,2024-06-15,Incorrect Installation,Assembly Error,Low,False,Closed
2190,188,11,2024-06-15,Breakage,Material Failure,High,True,Closed
2191,189,20,2024-06-15,Electrical Failure,Manufacturing Error,High,True,Closed
2192,1156,24,2024-06-15,Noise,Assembly Error,Low,False,Closed
2193,677,15,2024-06-15,Electrical Failure,Supplier Defect,Low,True,Closed
2194,881,17,2024-06-15,Software Error,Unknown,Medium,False,Closed
2195,538,15,2024-06-15,Software Error,Supplier Defect,Medium,True,Closed
2196,921,13,2024-06-16,Breakage,Supplier Defect,Medium,True,Closed
2197,220,15,2024-06-16,Electrical Failure,Design Issue,High,False,Closed
2198,714,14,2024-06-16,Leakage,Supplier Defect,Medium,False,Closed
2199,926,27,2024-06-16,Noise,Design Issue,Low,True,Closed
2200,206,29,2024-06-16,Incorrect Installation,Assembly Error,Low,True,Closed
2201,507,9,2024-06-16,Noise,Manufacturing Error,Medium,False,Closed
2202,563,18,2024-06-16,Software Error,Manufacturing Error,Medium,True,Closed
2203,335,27,2024-06-16,Performance Issue,Manufacturing Error,Low,False,Closed
2204,554,7,2024-06-16,Performance Issue,Material Failure,Medium,True,Closed
2205,1200,4,2024-06-16,Breakage,Supplier Defect,Medium,True,Closed
2206,748,15,2024-06-16,Performance Issue,Unknown,Medium,False,Closed
2207,863,15,2024-06-16,Software Error,Supplier Defect,Medium,True,Closed
2208,667,15,2024-06-16,Software Error,Unknown,Low,False,Closed
2209,816,16,2024-06-17,Performance Issue,Design Issue,Medium,False,Open
2210,1427,2,2024-06-17,Noise,Supplier Defect,Low,True,Closed
2211,638,22,2024-06-17,Breakage,Supplier Defect,High,True,Closed
2212,784,27,2024-06-17,Leakage,Supplier Defect,High,True,Closed
2213,66,7,2024-06-17,Noise,Assembly Error,Low,False,Closed
2214,295,9,2024-06-17,Noise,Supplier Defect,Low,False,Closed
2215,347,20,2024-06-17,Electrical Failure,Material Failure,High,True,Closed
2216,474,8,2024-06-17,Leakage,Supplier Defect,Medium,False,Closed
2217,676,13,2024-06-17,Leakage,Assembly Error,Critical,True,Closed
2218,802,21,2024-06-17,Electrical Failure,Assembly Error,High,True,Closed
2219,718,15,2024-06-17,Performance Issue,Supplier Defect,Low,False,Closed
2220,766,15,2024-06-17,Software Error,Supplier Defect,Medium,False,Closed
2221,749,16,2024-06-17,Software Error,Supplier Defect,High,False,Closed
2222,79,23,2024-06-18,Leakage,Supplier Defect,Low,True,Closed
2223,171,28,2024-06-18,Leakage,Supplier Defect,Medium,False,Closed
2224,187,6,2024-06-18,Incorrect Installation,Assembly Error,Low,False,Closed
2225,523,16,2024-06-18,Electrical Failure,Supplier Defect,Critical,True,Closed
2226,834,16,2024-06-18,Electrical Failure,Supplier Defect,Medium,False,Closed
2227,754,11,2024-06-19,Overheating,Unknown,High,True,Closed
2228,161,28,2024-06-19,Performance Issue,Design Issue,Medium,False,Closed
2229,1035,19,2024-06-19,Electrical Failure,Material Failure,High,False,Closed
2230,637,15,2024-06-19,Electrical Failure,Supplier Defect,Medium,False,Closed
2231,147,28,2024-06-20,Incorrect Installation,Assembly Error,Medium,True,Closed
2232,1361,15,2024-06-20,Software Error,Design Issue,Medium,False,Closed
2233,258,11,2024-06-20,Leakage,Supplier Defect,Low,False,Closed
2234,762,27,2024-06-20,Leakage,Assembly Error,High,True,Closed
2235,968,14,2024-06-20,Overheating,Material Failure,Medium,False,Closed
2236,885,16,2024-06-20,Performance Issue,Unknown,Low,False,Closed
2237,695,16,2024-06-20,Electrical Failure,Supplier Defect,Medium,False,Closed
2238,424,27,2024-06-21,Performance Issue,Assembly Error,Critical,True,Closed
2239,875,12,2024-06-21,Overheating,Manufacturing Error,High,True,Closed
2240,393,11,2024-06-21,Leakage,Supplier Defect,Low,False,Closed
2241,605,15,2024-06-21,Electrical Failure,Supplier Defect,Critical,False,Closed
2242,738,16,2024-06-21,Software Error,Supplier Defect,High,False,Closed
2243,652,15,2024-06-21,Electrical Failure,Supplier Defect,Medium,True,Closed
2244,1398,7,2024-06-22,Noise,Supplier Defect,Low,False,Closed
2245,1237,5,2024-06-22,Leakage,Supplier Defect,Medium,True,Closed
2246,835,11,2024-06-22,Leakage,Supplier Defect,Medium,False,Closed
2247,1148,8,2024-06-22,Performance Issue,Manufacturing Error,High,False,Closed
2248,668,15,2024-06-22,Software Error,Supplier Defect,Low,True,Closed
2249,876,15,2024-06-22,Electrical Failure,Supplier Defect,Critical,True,Closed
2250,286,6,2024-06-23,Incorrect Installation,Assembly Error,Low,True,Closed
2251,1018,24,2024-06-23,Noise,Supplier Defect,Low,False,Closed
2252,337,11,2024-06-23,Leakage,Assembly Error,Medium,True,Closed
2253,170,14,2024-06-23,Leakage,Supplier Defect,High,True,Closed
2254,1089,11,2024-06-23,Overheating,Supplier Defect,High,False,Closed
2255,612,24,2024-06-24,Noise,Unknown,Low,False,Closed
2256,348,15,2024-06-24,Electrical Failure,Material Failure,Medium,False,Closed
2257,711,27,2024-06-24,Noise,Supplier Defect,Low,False,Closed
2258,688,15,2024-06-24,Electrical Failure,Supplier Defect,Low,False,Closed
2259,381,1,2024-06-25,Breakage,Material Failure,Critical,True,Under Investigation
2260,385,13,2024-06-25,Leakage,Customer Misuse,Medium,True,Closed
2261,512,9,2024-06-25,Noise,Supplier Defect,Low,False,Closed
2262,535,5,2024-06-25,Leakage,Manufacturing Error,Medium,False,Closed
2263,880,7,2024-06-25,Performance Issue,Material Failure,Low,False,Closed
2264,688,15,2024-06-25,Electrical Failure,Supplier Defect,Low,False,Closed
2265,602,16,2024-06-25,Electrical Failure,Supplier Defect,Medium,False,Closed
2266,249,11,2024-06-26,Incorrect Installation,Assembly Error,High,False,Closed
2267,309,11,2024-06-26,Leakage,Supplier Defect,High,False,Closed
2268,447,28,2024-06-26,Electrical Failure,Design Issue,High,True,Closed
2269,376,13,2024-06-26,Noise,Assembly Error,Low,False,Closed
2270,583,30,2024-06-26,Breakage,Manufacturing Error,Medium,False,Closed
2271,254,14,2024-06-26,Incorrect Installation,Assembly Error,Medium,True,Closed
2272,334,1,2024-06-26,Overheating,Supplier Defect,Medium,False,Closed
2273,95,12,2024-06-26,Leakage,Material Failure,High,True,Closed
2274,557,16,2024-06-26,Performance Issue,Supplier Defect,Medium,False,Closed
2275,797,15,2024-06-26,Electrical Failure,Supplier Defect,High,True,Closed
2276,665,16,2024-06-26,Electrical Failure,Supplier Defect,Critical,True,Closed
2277,464,27,2024-06-27,Performance Issue,Customer Misuse,Medium,False,Closed
2278,496,4,2024-06-27,Performance Issue,Assembly Error,Low,False,Closed
2279,660,3,2024-06-27,Noise,Material Failure,Low,False,Closed
2280,1083,18,2024-06-27,Electrical Failure,Supplier Defect,Medium,False,Closed
2281,922,23,2024-06-27,Noise,Unknown,Low,False,Closed
2282,128,18,2024-06-27,Electrical Failure,Supplier Defect,High,True,Closed
2283,546,15,2024-06-27,Performance Issue,Supplier Defect,Medium,False,Closed
2284,596,15,2024-06-27,Electrical Failure,Supplier Defect,High,False,Closed
2285,696,16,2024-06-27,Electrical Failure,Supplier Defect,High,True,Closed
2286,745,15,2024-06-27,Software Error,Supplier Defect,Medium,False,Closed
2287,1174,18,2024-06-28,Performance Issue,Material Failure,Low,True,Closed
2288,636,18,2024-06-28,Electrical Failure,Material Failure,Medium,True,Closed
2289,1362,22,2024-06-28,Breakage,Supplier Defect,Critical,True,Closed
2290,693,10,2024-06-28,Noise,Assembly Error,Medium,False,Closed
2291,256,10,2024-06-28,Breakage,Material Failure,High,True,Closed
2292,601,11,2024-06-28,Overheating,Design Issue,High,False,Closed
2293,574,15,2024-06-28,Electrical Failure,Supplier Defect,High,True,Closed
2294,857,16,2024-06-28,Electrical Failure,Supplier Defect,Low,True,Closed
2295,299,18,2024-06-29,Electrical Failure,Supplier Defect,Medium,False,Closed
2296,699,8,2024-06-29,Leakage,Material Failure,Low,True,Closed
2297,1258,7,2024-06-29,Noise,Manufacturing Error,Medium,True,Closed
2298,667,15,2024-06-29,Performance Issue,Supplier Defect,Low,True,Closed
2299,880,15,2024-06-29,Software Error,Supplier Defect,Low,False,Closed
2300,825,16,2024-06-29,Software Error,Supplier Defect,Medium,True,Closed
2301,835,15,2024-06-29,Software Error,Supplier Defect,Medium,False,Closed
2302,670,16,2024-06-29,Software Error,Supplier Defect,Medium,False,Closed
2303,853,16,2024-06-30,Electrical Failure,Supplier Defect,High,True,Closed
2304,1095,18,2024-06-30,Electrical Failure,Manufacturing Error,Critical,True,Closed
2305,1298,6,2024-06-30,Noise,Design Issue,Medium,False,Under Investigation
2306,1286,27,2024-06-30,Noise,Supplier Defect,Medium,False,Closed
2307,725,17,2024-06-30,Software Error,Supplier Defect,Medium,True,Closed
2308,738,17,2024-06-30,Electrical Failure,Supplier Defect,Medium,False,Closed
2309,747,15,2024-06-30,Performance Issue,Supplier Defect,Low,True,Closed
2310,532,16,2024-06-30,Electrical Failure,Supplier Defect,Low,True,Closed
2311,336,27,2024-07-01,Leakage,Assembly Error,Medium,True,Closed
2312,891,6,2024-07-01,Leakage,Manufacturing Error,Low,False,Closed
2313,823,24,2024-07-01,Incorrect Installation,Assembly Error,High,True,Closed
2314,138,21,2024-07-02,Overheating,Design Issue,High,False,Closed
2315,196,18,2024-07-02,Software Error,Manufacturing Error,Medium,False,Closed
2316,1212,12,2024-07-02,Leakage,Supplier Defect,Critical,True,Closed
2317,864,12,2024-07-02,Leakage,Supplier Defect,Medium,True,Closed
2318,1096,28,2024-07-02,Electrical Failure,Supplier Defect,Low,True,Closed
2319,9,11,2024-07-02,Leakage,Material Failure,Low,False,Closed
2320,292,15,2024-07-02,Electrical Failure,Material Failure,High,False,Closed
2321,1109,15,2024-07-03,Incorrect Installation,Assembly Error,High,True,Open
2322,1235,13,2024-07-03,Leakage,Assembly Error,Low,False,Closed
2323,1418,4,2024-07-03,Noise,Manufacturing Error,Low,False,Closed
2324,284,18,2024-07-03,Electrical Failure,Design Issue,High,True,Open
2325,1055,16,2024-07-03,Performance Issue,Customer Misuse,Low,False,Closed
2326,1377,9,2024-07-04,Breakage,Supplier Defect,Medium,True,Closed
2327,351,27,2024-07-04,Noise,Unknown,Medium,False,Closed
2328,251,1,2024-07-04,Breakage,Supplier Defect,High,True,Closed
2329,828,14,2024-07-04,Leakage,Design Issue,Medium,True,Closed
2330,533,24,2024-07-04,Noise,Supplier Defect,Low,True,Closed
2331,122,27,2024-07-05,Leakage,Material Failure,Low,True,Closed
2332,549,21,2024-07-05,Electrical Failure,Supplier Defect,Medium,True,Closed
2333,164,6,2024-07-05,Leakage,Unknown,Medium,False,Closed
2334,1433,8,2024-07-05,Noise,Supplier Defect,Low,False,Closed
2335,208,15,2024-07-05,Electrical Failure,Design Issue,High,True,Closed
2336,1020,20,2024-07-05,Electrical Failure,Material Failure,High,True,Closed
2337,1369,24,2024-07-05,Breakage,Supplier Defect,Critical,True,Closed
2338,1089,24,2024-07-05,Performance Issue,Supplier Defect,High,True,Closed
2339,158,16,2024-07-06,Electrical Failure,Supplier Defect,Critical,True,Closed
2340,11,13,2024-07-06,Overheating,Material Failure,Critical,True,Closed
2341,1270,11,2024-07-06,Overheating,Supplier Defect,Critical,False,Closed
2342,637,13,2024-07-07,Leakage,Supplier Defect,High,True,Closed
2343,1327,15,2024-07-08,Electrical Failure,Manufacturing Error,Low,True,Closed
2344,80,18,2024-07-08,Performance Issue,Supplier Defect,Medium,True,Closed
2345,951,7,2024-07-08,Breakage,Material Failure,High,False,Closed
2346,1235,7,2024-07-08,Leakage,Manufacturing Error,Low,False,Closed
2347,1110,17,2024-07-08,Software Error,Customer Misuse,Low,True,Closed
2348,1114,8,2024-07-08,Noise,Manufacturing Error,Low,True,Closed
2349,742,7,2024-07-08,Noise,Assembly Error,Low,False,Closed
2350,838,12,2024-07-09,Overheating,Manufacturing Error,High,True,Closed
2351,1430,10,2024-07-09,Incorrect Installation,Assembly Error,Medium,False,Closed
2352,1125,9,2024-07-10,Performance Issue,Design Issue,Medium,True,Closed
2353,417,17,2024-07-10,Software Error,Design Issue,Medium,True,Closed
2354,1098,5,2024-07-11,Performance Issue,Manufacturing Error,High,True,Closed
2355,907,7,2024-07-11,Performance Issue,Unknown,High,False,Closed
2356,1165,24,2024-07-11,Noise,Supplier Defect,Low,False,Closed
2357,1392,8,2024-07-11,Performance Issue,Manufacturing Error,High,True,Closed
2358,391,5,2024-07-11,Breakage,Supplier Defect,High,False,Closed
2359,491,14,2024-07-11,Leakage,Supplier Defect,High,True,Under Investigation
2360,821,14,2024-07-12,Leakage,Material Failure,Medium,False,Closed
2361,777,13,2024-07-12,Leakage,Material Failure,High,False,Closed
2362,1021,12,2024-07-13,Noise,Material Failure,Medium,False,Closed
2363,497,8,2024-07-13,Incorrect Installation,Assembly Error,Critical,True,Closed
2364,357,25,2024-07-13,Noise,Supplier Defect,Medium,False,Closed
2365,415,12,2024-07-13,Noise,Supplier Defect,Low,False,Closed
2366,440,14,2024-07-13,Noise,Customer Misuse,Medium,False,Closed
2367,104,15,2024-07-13,Performance Issue,Design Issue,High,True,Under Investigation
2368,984,5,2024-07-13,Leakage,Manufacturing Error,Low,True,Closed
2369,179,1,2024-07-13,Noise,Manufacturing Error,Medium,True,Closed
2370,1405,11,2024-07-14,Leakage,Supplier Defect,Low,False,Closed
2371,87,21,2024-07-14,Overheating,Customer Misuse,High,False,Closed
2372,927,7,2024-07-14,Noise,Material Failure,Low,False,Closed
2373,477,14,2024-07-14,Incorrect Installation,Assembly Error,Low,False,Closed
2374,600,18,2024-07-14,Performance Issue,Supplier Defect,Medium,True,Closed
2375,693,18,2024-07-15,Electrical Failure,Supplier Defect,Medium,False,Closed
2376,1112,11,2024-07-15,Leakage,Supplier Defect,Medium,False,Open
2377,642,30,2024-07-15,Breakage,Supplier Defect,Critical,True,Closed
2378,981,30,2024-07-16,Breakage,Customer Misuse,High,True,Closed
2379,60,1,2024-07-16,Leakage,Manufacturing Error,Medium,True,Closed
2380,1208,27,2024-07-16,Electrical Failure,Design Issue,Medium,False,Closed
2381,234,28,2024-07-16,Performance Issue,Manufacturing Error,Low,False,Closed
2382,621,27,2024-07-17,Leakage,Material Failure,Critical,True,Closed
2383,15,16,2024-07-17,Electrical Failure,Supplier Defect,High,True,Closed
2384,1417,7,2024-07-18,Noise,Manufacturing Error,Low,False,Closed
2385,424,8,2024-07-18,Performance Issue,Material Failure,Critical,True,Closed
2386,892,11,2024-07-18,Overheating,Supplier Defect,Medium,False,Closed
2387,687,7,2024-07-18,Breakage,Assembly Error,High,True,Closed
2388,214,14,2024-07-19,Leakage,Unknown,Medium,False,Closed
2389,54,11,2024-07-20,Leakage,Supplier Defect,Medium,False,Closed
2390,970,7,2024-07-20,Noise,Manufacturing Error,Low,True,Closed
2391,126,13,2024-07-20,Leakage,Supplier Defect,High,True,Closed
2392,389,18,2024-07-20,Electrical Failure,Supplier Defect,Medium,True,Closed
2393,1431,27,2024-07-21,Performance Issue,Customer Misuse,High,True,Closed
2394,1204,11,2024-07-21,Breakage,Design Issue,High,True,Closed
2395,1157,15,2024-07-21,Software Error,Supplier Defect,Low,False,Closed
2396,29,6,2024-07-22,Performance Issue,Design Issue,Low,False,Closed
2397,1041,13,2024-07-22,Breakage,Manufacturing Error,High,True,Closed
2398,339,27,2024-07-22,Electrical Failure,Manufacturing Error,Low,False,Closed
2399,378,25,2024-07-23,Performance Issue,Supplier Defect,Medium,False,Closed
2400,703,15,2024-07-23,Software Error,Supplier Defect,Medium,True,Closed
2401,531,18,2024-07-23,Software Error,Design Issue,Medium,False,Closed
2402,614,12,2024-07-23,Overheating,Assembly Error,Critical,True,Closed
2403,356,27,2024-07-24,Noise,Customer Misuse,Medium,False,Closed
2404,1387,9,2024-07-24,Noise,Manufacturing Error,Medium,True,Closed
2405,274,13,2024-07-24,Overheating,Manufacturing Error,Medium,True,Closed
2406,818,18,2024-07-24,Electrical Failure,Supplier Defect,Low,True,Closed
2407,1335,6,2024-07-24,Incorrect Installation,Assembly Error,Low,False,Closed
2408,208,11,2024-07-25,Overheating,Supplier Defect,Medium,False,Under Investigation
2409,508,14,2024-07-25,Overheating,Material Failure,Low,False,Closed
2410,1207,14,2024-07-25,Overheating,Manufacturing Error,High,True,Closed
2411,1353,24,2024-07-25,Leakage,Design Issue,High,True,Under Investigation
2412,124,16,2024-07-25,Software Error,Supplier Defect,Medium,False,Closed
2413,153,26,2024-07-25,Incorrect Installation,Assembly Error,Low,False,Closed
2414,833,12,2024-07-26,Leakage,Customer Misuse,Low,False,Closed
2415,68,15,2024-07-26,Software Error,Supplier Defect,Medium,False,Closed
2416,738,22,2024-07-26,Performance Issue,Customer Misuse,Medium,False,Closed
2417,840,4,2024-07-26,Breakage,Supplier Defect,High,True,Closed
2418,427,18,2024-07-26,Electrical Failure,Supplier Defect,Medium,True,Closed
2419,182,21,2024-07-27,Performance Issue,Supplier Defect,High,True,Closed
2420,1092,11,2024-07-27,Leakage,Supplier Defect,Medium,False,Closed
2421,524,27,2024-07-27,Performance Issue,Material Failure,High,False,Closed
2422,1284,13,2024-07-28,Noise,Manufacturing Error,Low,False,Closed
2423,484,24,2024-07-28,Breakage,Material Failure,Medium,False,Closed
2424,548,30,2024-07-28,Noise,Design Issue,Low,False,Closed
2425,721,27,2024-07-28,Leakage,Supplier Defect,Low,False,Closed
2426,827,11,2024-07-28,Breakage,Assembly Error,High,False,Closed
2427,332,15,2024-07-28,Electrical Failure,Supplier Defect,Medium,True,Closed
2428,601,8,2024-07-28,Performance Issue,Supplier Defect,Low,False,Closed
2429,890,19,2024-07-29,Electrical Failure,Unknown,Medium,True,Closed
2430,886,21,2024-07-29,Electrical Failure,Material Failure,High,False,Closed
2431,869,17,2024-07-30,Software Error,Design Issue,High,False,Closed
2432,189,16,2024-07-30,Electrical Failure,Material Failure,High,False,Closed
2433,340,11,2024-07-31,Incorrect Installation,Assembly Error,Medium,False,Closed
2434,77,4,2024-07-31,Performance Issue,Material Failure,Low,True,Closed
2435,1390,1,2024-07-31,Noise,Supplier Defect,Medium,True,Closed
2436,150,28,2024-07-31,Leakage,Material Failure,Medium,False,Closed
2437,381,15,2024-07-31,Electrical Failure,Design Issue,Medium,False,Closed
2438,1316,23,2024-07-31,Noise,Supplier Defect,High,False,Closed
2439,165,3,2024-07-31,Leakage,Manufacturing Error,Medium,True,Closed
2440,241,28,2024-08-01,Performance Issue,Supplier Defect,Medium,False,Closed
2441,505,23,2024-08-01,Noise,Supplier Defect,Low,True,Closed
2442,400,18,2024-08-02,Software Error,Assembly Error,Medium,False,Closed
2443,318,24,2024-08-02,Leakage,Supplier Defect,Medium,False,Closed
2444,323,9,2024-08-02,Noise,Supplier Defect,Medium,False,Closed
2445,988,24,2024-08-02,Breakage,Supplier Defect,Medium,False,Closed
2446,94,14,2024-08-03,Overheating,Supplier Defect,High,False,Closed
2447,1218,11,2024-08-03,Overheating,Material Failure,High,True,Under Investigation
2448,1047,28,2024-08-03,Noise,Manufacturing Error,Low,True,Closed
2449,973,15,2024-08-04,Software Error,Manufacturing Error,Medium,False,Closed
2450,1275,30,2024-08-04,Breakage,Assembly Error,Medium,False,Closed
2451,1326,12,2024-08-04,Breakage,Material Failure,Low,False,Closed
2452,387,9,2024-08-05,Breakage,Design Issue,High,True,Closed
2453,208,15,2024-08-05,Software Error,Material Failure,Medium,True,Closed
2454,520,30,2024-08-05,Noise,Supplier Defect,Medium,False,Closed
2455,1397,10,2024-08-05,Noise,Unknown,Low,False,Closed
2456,332,16,2024-08-06,Software Error,Design Issue,Medium,False,Closed
2457,388,26,2024-08-06,Performance Issue,Supplier Defect,Medium,True,Closed
2458,948,24,2024-08-06,Noise,Assembly Error,Low,False,Closed
2459,1107,24,2024-08-06,Performance Issue,Manufacturing Error,Low,False,Closed
2460,736,18,2024-08-06,Performance Issue,Manufacturing Error,Medium,True,Closed
2461,533,17,2024-08-07,Electrical Failure,Supplier Defect,High,True,Closed
2462,251,8,2024-08-07,Performance Issue,Supplier Defect,Medium,True,Closed
2463,278,6,2024-08-07,Performance Issue,Manufacturing Error,Low,False,Closed
2464,1223,9,2024-08-08,Leakage,Supplier Defect,Medium,False,Closed
2465,1283,24,2024-08-09,Performance Issue,Design Issue,Medium,False,Closed
2466,37,26,2024-08-09,Noise,Design Issue,Medium,False,Closed
2467,411,24,2024-08-09,Incorrect Installation,Assembly Error,Medium,False,Closed
2468,1100,27,2024-08-09,Leakage,Customer Misuse,Medium,True,Closed
2469,217,11,2024-08-09,Overheating,Assembly Error,High,False,Closed
2470,296,21,2024-08-10,Performance Issue,Supplier Defect,Medium,False,Closed
2471,1232,24,2024-08-10,Breakage,Supplier Defect,High,False,Closed
2472,831,3,2024-08-10,Performance Issue,Customer Misuse,Low,False,Closed
2473,502,8,2024-08-10,Noise,Material Failure,High,False,Closed
2474,251,8,2024-08-10,Leakage,Design Issue,Low,False,Closed
2475,292,14,2024-08-10,Incorrect Installation,Assembly Error,Medium,True,Closed
2476,649,7,2024-08-11,Noise,Material Failure,Low,False,Closed
2477,1064,14,2024-08-11,Leakage,Manufacturing Error,Medium,False,Open
2478,42,16,2024-08-11,Electrical Failure,Supplier Defect,Medium,False,Closed
2479,470,25,2024-08-11,Breakage,Manufacturing Error,High,True,Closed
2480,952,2,2024-08-11,Overheating,Manufacturing Error,Medium,True,Closed
2481,251,11,2024-08-11,Leakage,Material Failure,Low,True,Closed
2482,346,15,2024-08-12,Electrical Failure,Manufacturing Error,Medium,False,Closed
2483,1116,10,2024-08-12,Breakage,Manufacturing Error,Critical,True,Closed
2484,220,9,2024-08-12,Breakage,Design Issue,Medium,True,Closed
2485,705,26,2024-08-12,Leakage,Material Failure,Medium,False,Closed
2486,1234,12,2024-08-12,Leakage,Supplier Defect,Low,False,Closed
2487,469,4,2024-08-12,Noise,Manufacturing Error,Medium,True,Closed
2488,712,30,2024-08-13,Breakage,Unknown,Critical,True,Closed
2489,193,16,2024-08-13,Software Error,Supplier Defect,High,True,Closed
2490,1185,27,2024-08-13,Leakage,Supplier Defect,Low,False,Closed
2491,1209,5,2024-08-14,Breakage,Customer Misuse,Medium,False,Closed
2492,1361,1,2024-08-14,Breakage,Assembly Error,Medium,False,Under Investigation
2493,640,15,2024-08-14,Electrical Failure,Design Issue,High,False,Closed
2494,1366,7,2024-08-14,Leakage,Customer Misuse,Low,False,Closed
2495,596,24,2024-08-14,Performance Issue,Material Failure,Low,False,Closed
2496,1074,22,2024-08-15,Noise,Customer Misuse,Low,False,Closed
2497,446,12,2024-08-15,Overheating,Supplier Defect,Medium,False,Closed
2498,558,11,2024-08-15,Breakage,Manufacturing Error,Low,False,Closed
2499,38,15,2024-08-15,Software Error,Supplier Defect,Low,False,Closed
2500,314,15,2024-08-15,Electrical Failure,Supplier Defect,High,True,Closed
2501,148,23,2024-08-15,Breakage,Customer Misuse,Low,False,Closed
2502,97,16,2024-08-16,Performance Issue,Manufacturing Error,Low,False,Closed
2503,1379,18,2024-08-16,Electrical Failure,Design Issue,High,True,Closed
2504,52,29,2024-08-16,Noise,Material Failure,Low,True,Closed
2505,369,27,2024-08-16,Incorrect Installation,Assembly Error,Critical,True,Closed
2506,391,2,2024-08-16,Performance Issue,Design Issue,Medium,True,Closed
2507,1354,11,2024-08-16,Leakage,Material Failure,High,True,Closed
2508,688,3,2024-08-17,Performance Issue,Supplier Defect,Low,False,Closed
2509,424,9,2024-08-17,Performance Issue,Customer Misuse,Medium,True,Closed
2510,359,7,2024-08-17,Leakage,Supplier Defect,Low,False,Closed
2511,1168,14,2024-08-18,Overheating,Supplier Defect,High,True,Closed
2512,1166,23,2024-08-18,Performance Issue,Supplier Defect,Low,False,Closed
2513,237,7,2024-08-18,Performance Issue,Manufacturing Error,Low,False,Closed
2514,1022,26,2024-08-19,Noise,Assembly Error,High,False,Closed
2515,1401,8,2024-08-19,Breakage,Material Failure,Medium,False,Closed
2516,1438,13,2024-08-19,Overheating,Supplier Defect,Medium,False,Closed
2517,1331,30,2024-08-19,Noise,Supplier Defect,Low,False,Closed
2518,139,4,2024-08-20,Overheating,Supplier Defect,Critical,True,Closed
2519,801,11,2024-08-20,Overheating,Manufacturing Error,Medium,False,Closed
2520,264,19,2024-08-20,Performance Issue,Supplier Defect,Medium,True,Closed
2521,1362,15,2024-08-20,Software Error,Supplier Defect,Medium,True,Closed
2522,623,7,2024-08-20,Incorrect Installation,Assembly Error,Medium,False,Closed
2523,240,14,2024-08-21,Overheating,Design Issue,High,True,Closed
2524,582,16,2024-08-21,Electrical Failure,Manufacturing Error,Medium,False,Closed
2525,550,27,2024-08-21,Noise,Supplier Defect,Low,True,Closed
2526,596,12,2024-08-21,Overheating,Supplier Defect,Medium,True,Closed
2527,823,28,2024-08-21,Noise,Assembly Error,Low,False,Closed
2528,1412,14,2024-08-22,Leakage,Supplier Defect,Medium,False,Closed
2529,129,7,2024-08-22,Incorrect Installation,Assembly Error,High,True,Closed
2530,875,21,2024-08-22,Performance Issue,Supplier Defect,Low,False,Closed
2531,986,27,2024-08-23,Leakage,Material Failure,Low,True,Closed
2532,80,27,2024-08-23,Performance Issue,Manufacturing Error,Low,False,Closed
2533,258,17,2024-08-23,Electrical Failure,Supplier Defect,Low,False,Closed
2534,528,24,2024-08-23,Noise,Manufacturing Error,Medium,True,Closed
2535,383,23,2024-08-24,Noise,Supplier Defect,High,True,Closed
2536,447,7,2024-08-26,Incorrect Installation,Assembly Error,Medium,True,Closed
2537,951,28,2024-08-26,Leakage,Supplier Defect,Medium,False,Closed
2538,8,21,2024-08-26,Electrical Failure,Manufacturing Error,Medium,True,Closed
2539,1256,14,2024-08-26,Overheating,Unknown,Medium,False,Closed
2540,141,3,2024-08-26,Overheating,Material Failure,High,False,Closed
2541,1380,27,2024-08-27,Leakage,Supplier Defect,Medium,False,Closed
2542,908,9,2024-08-27,Leakage,Customer Misuse,Low,False,Closed
2543,274,9,2024-08-27,Breakage,Material Failure,Critical,False,Closed
2544,1435,8,2024-08-27,Noise,Material Failure,Low,False,Closed
2545,673,9,2024-08-28,Noise,Unknown,Low,False,Closed
2546,1284,12,2024-08-28,Overheating,Manufacturing Error,Critical,True,Closed
2547,30,18,2024-08-28,Software Error,Material Failure,Low,False,Closed
2548,35,21,2024-08-28,Overheating,Supplier Defect,High,False,Closed
2549,433,27,2024-08-28,Electrical Failure,Manufacturing Error,High,True,Closed
2550,116,26,2024-08-28,Performance Issue,Manufacturing Error,Medium,False,Closed
2551,103,12,2024-08-29,Leakage,Material Failure,Medium,False,Closed
2552,1122,22,2024-08-29,Leakage,Design Issue,Low,True,Closed
2553,973,26,2024-08-29,Performance Issue,Manufacturing Error,Low,True,Closed
2554,857,5,2024-08-30,Performance Issue,Design Issue,Critical,True,Closed
2555,550,6,2024-08-30,Leakage,Supplier Defect,Medium,False,Closed
2556,475,25,2024-08-30,Leakage,Supplier Defect,High,True,Closed
2557,393,11,2024-08-30,Leakage,Manufacturing Error,Medium,True,Closed
2558,377,9,2024-08-30,Breakage,Design Issue,Medium,False,Closed
2559,610,24,2024-08-31,Noise,Material Failure,Low,False,Closed
2560,958,12,2024-08-31,Leakage,Supplier Defect,Medium,False,Closed
2561,824,26,2024-09-01,Noise,Manufacturing Error,Medium,True,Under Investigation
2562,605,3,2024-09-01,Breakage,Unknown,High,False,Closed
2563,792,7,2024-09-01,Performance Issue,Supplier Defect,Low,False,Closed
2564,1246,8,2024-09-01,Leakage,Unknown,Medium,False,Closed
2565,1325,30,2024-09-02,Breakage,Design Issue,High,True,Closed
2566,1141,13,2024-09-02,Breakage,Unknown,High,True,Closed
2567,449,6,2024-09-02,Leakage,Customer Misuse,Medium,False,Closed
2568,1367,7,2024-09-02,Noise,Supplier Defect,Low,False,Closed
2569,990,20,2024-09-02,Overheating,Design Issue,High,True,Closed
2570,1062,9,2024-09-02,Incorrect Installation,Assembly Error,High,True,Closed
2571,725,18,2024-09-02,Performance Issue,Customer Misuse,Medium,False,Closed
2572,427,5,2024-09-02,Leakage,Design Issue,Low,False,Closed
2573,673,23,2024-09-02,Noise,Material Failure,Low,False,Closed
2574,438,7,2024-09-04,Noise,Supplier Defect,Low,False,Closed
2575,737,22,2024-09-04,Breakage,Manufacturing Error,High,False,Closed
2576,258,4,2024-09-04,Performance Issue,Unknown,Medium,True,Closed
2577,227,15,2024-09-04,Software Error,Supplier Defect,Low,True,Closed
2578,233,26,2024-09-04,Performance Issue,Supplier Defect,Medium,False,Closed
2579,994,16,2024-09-04,Electrical Failure,Supplier Defect,Medium,True,Closed
2580,650,24,2024-09-04,Breakage,Customer Misuse,Medium,False,Closed
2581,977,23,2024-09-05,Incorrect Installation,Assembly Error,Low,False,Closed
2582,873,7,2024-09-05,Performance Issue,Manufacturing Error,Low,True,Closed
2583,622,18,2024-09-05,Incorrect Installation,Assembly Error,Medium,False,Closed
2584,718,27,2024-09-05,Incorrect Installation,Assembly Error,Medium,False,Closed
2585,460,5,2024-09-05,Performance Issue,Supplier Defect,Low,True,Closed
2586,611,12,2024-09-05,Breakage,Design Issue,Medium,True,Closed
2587,241,8,2024-09-05,Performance Issue,Manufacturing Error,Low,False,Closed
2588,1320,27,2024-09-06,Noise,Manufacturing Error,Medium,True,Closed
2589,1271,26,2024-09-06,Leakage,Design Issue,Medium,True,Closed
2590,1432,24,2024-09-06,Breakage,Assembly Error,Critical,True,Closed
2591,229,20,2024-09-06,Electrical Failure,Design Issue,Medium,False,Closed
2592,286,20,2024-09-06,Electrical Failure,Design Issue,Medium,False,Open
2593,669,18,2024-09-06,Performance Issue,Supplier Defect,Low,False,Closed
2594,1097,18,2024-09-06,Electrical Failure,Assembly Error,Low,False,Closed
2595,1180,11,2024-09-07,Overheating,Assembly Error,Medium,False,Closed
2596,112,27,2024-09-07,Performance Issue,Customer Misuse,Medium,False,Closed
2597,958,8,2024-09-07,Incorrect Installation,Assembly Error,Medium,False,Closed
2598,1024,5,2024-09-07,Leakage,Material Failure,Medium,False,Closed
2599,745,8,2024-09-08,Breakage,Manufacturing Error,High,True,Closed
2600,1223,21,2024-09-08,Electrical Failure,Supplier Defect,Medium,False,Closed
2601,22,30,2024-09-08,Breakage,Manufacturing Error,Low,False,Closed
2602,831,26,2024-09-08,Noise,Design Issue,Low,False,Closed
2603,1198,11,2024-09-09,Overheating,Manufacturing Error,High,True,Closed
2604,419,13,2024-09-09,Breakage,Design Issue,Medium,False,Closed
2605,1420,9,2024-09-09,Performance Issue,Supplier Defect,Low,False,Closed
2606,872,19,2024-09-09,Electrical Failure,Supplier Defect,Medium,False,Closed
2607,804,28,2024-09-09,Electrical Failure,Supplier Defect,Medium,False,Closed
2608,990,16,2024-09-09,Electrical Failure,Supplier Defect,Medium,True,Closed
2609,207,11,2024-09-09,Overheating,Manufacturing Error,Medium,True,Closed
2610,1024,7,2024-09-09,Performance Issue,Supplier Defect,Medium,True,Closed
2611,707,22,2024-09-09,Leakage,Manufacturing Error,High,True,Closed
2612,1274,22,2024-09-09,Breakage,Assembly Error,High,False,Closed
2613,276,5,2024-09-10,Performance Issue,Material Failure,Medium,False,Closed
2614,1317,28,2024-09-10,Leakage,Material Failure,High,True,Closed
2615,727,27,2024-09-10,Performance Issue,Supplier Defect,Medium,False,Closed
2616,34,3,2024-09-11,Overheating,Material Failure,High,True,Closed
2617,784,16,2024-09-12,Electrical Failure,Supplier Defect,Medium,False,Closed
2618,44,7,2024-09-12,Noise,Manufacturing Error,Low,False,Closed
2619,277,7,2024-09-12,Leakage,Customer Misuse,Low,False,Closed
2620,1403,27,2024-09-13,Noise,Manufacturing Error,Low,True,Closed
2621,367,25,2024-09-13,Performance Issue,Supplier Defect,High,True,Closed
2622,1036,30,2024-09-13,Breakage,Customer Misuse,Medium,False,Closed
2623,568,29,2024-09-13,Incorrect Installation,Assembly Error,Medium,False,Closed
2624,1310,18,2024-09-13,Performance Issue,Supplier Defect,Medium,False,Closed
2625,892,12,2024-09-13,Leakage,Material Failure,High,True,Closed
2626,59,11,2024-09-13,Overheating,Design Issue,High,False,Closed
2627,1024,1,2024-09-13,Breakage,Material Failure,High,True,Closed
2628,142,13,2024-09-13,Breakage,Design Issue,Medium,True,Closed
2629,174,14,2024-09-13,Overheating,Supplier Defect,Critical,True,Closed
2630,1345,22,2024-09-13,Breakage,Design Issue,High,False,Closed
2631,141,16,2024-09-14,Electrical Failure,Manufacturing Error,Medium,True,Closed
2632,882,24,2024-09-15,Noise,Material Failure,Low,True,Closed
2633,425,1,2024-09-15,Breakage,Supplier Defect,Critical,True,Closed
2634,1396,15,2024-09-15,Software Error,Design Issue,Low,False,Closed
2635,20,24,2024-09-16,Noise,Manufacturing Error,Low,False,Closed
2636,108,15,2024-09-16,Electrical Failure,Customer Misuse,High,True,Closed
2637,251,18,2024-09-16,Performance Issue,Design Issue,Medium,True,Closed
2638,427,27,2024-09-16,Leakage,Design Issue,High,True,Closed
2639,349,11,2024-09-16,Leakage,Customer Misuse,High,True,Closed
2640,447,23,2024-09-16,Performance Issue,Material Failure,Medium,False,Closed
2641,58,11,2024-09-17,Leakage,Manufacturing Error,Medium,True,Closed
2642,1413,7,2024-09-17,Performance Issue,Manufacturing Error,Medium,True,Closed
2643,235,9,2024-09-17,Breakage,Manufacturing Error,High,False,Closed
2644,270,15,2024-09-17,Electrical Failure,Supplier Defect,High,True,Closed
2645,1340,7,2024-09-17,Breakage,Material Failure,Critical,True,Closed
2646,1000,16,2024-09-17,Electrical Failure,Manufacturing Error,Medium,True,Closed
2647,606,15,2024-09-17,Software Error,Supplier Defect,Medium,True,Closed
2648,706,22,2024-09-17,Performance Issue,Supplier Defect,Medium,False,Closed
2649,1362,11,2024-09-17,Overheating,Material Failure,High,False,Closed
2650,916,18,2024-09-17,Electrical Failure,Manufacturing Error,Medium,True,Closed
2651,1147,13,2024-09-17,Leakage,Supplier Defect,Medium,True,Closed
2652,860,24,2024-09-18,Noise,Design Issue,Medium,True,Closed
2653,1146,15,2024-09-19,Software Error,Manufacturing Error,Low,False,Closed
2654,822,24,2024-09-19,Breakage,Material Failure,High,False,Closed
2655,350,4,2024-09-19,Performance Issue,Manufacturing Error,Low,False,Closed
2656,1261,6,2024-09-19,Leakage,Customer Misuse,High,True,Closed
2657,706,15,2024-09-20,Electrical Failure,Design Issue,High,True,Closed
2658,1251,16,2024-09-20,Software Error,Manufacturing Error,Medium,False,Closed
2659,880,10,2024-09-20,Performance Issue,Material Failure,Medium,True,Closed
2660,319,13,2024-09-20,Overheating,Material Failure,Medium,True,Closed
2661,1084,13,2024-09-20,Overheating,Supplier Defect,Medium,False,Closed
2662,942,13,2024-09-20,Noise,Material Failure,Low,False,Closed
2663,1032,21,2024-09-20,Electrical Failure,Material Failure,Medium,True,Closed
2664,989,27,2024-09-21,Leakage,Manufacturing Error,Low,False,Closed
2665,680,28,2024-09-21,Performance Issue,Supplier Defect,Medium,False,Closed
2666,637,30,2024-09-21,Noise,Customer Misuse,Medium,True,Closed
2667,1162,9,2024-09-21,Performance Issue,Assembly Error,High,True,Closed
2668,1031,11,2024-09-21,Overheating,Assembly Error,Critical,True,Closed
2669,1015,4,2024-09-22,Performance Issue,Design Issue,Low,False,Closed
2670,406,14,2024-09-22,Overheating,Supplier Defect,Medium,False,Closed
2671,286,13,2024-09-22,Overheating,Supplier Defect,High,True,Closed
2672,351,18,2024-09-22,Electrical Failure,Manufacturing Error,Medium,False,Closed
2673,206,20,2024-09-23,Overheating,Supplier Defect,Critical,True,Closed
2674,1237,16,2024-09-23,Incorrect Installation,Assembly Error,Medium,True,Closed
2675,809,22,2024-09-23,Performance Issue,Material Failure,Medium,False,Closed
2676,468,19,2024-09-23,Electrical Failure,Material Failure,Medium,False,Closed
2677,1327,5,2024-09-23,Noise,Manufacturing Error,Low,False,Closed
2678,15,1,2024-09-24,Performance Issue,Material Failure,Low,False,Closed
2679,462,11,2024-09-24,Leakage,Supplier Defect,Medium,False,Closed
2680,524,30,2024-09-24,Noise,Unknown,Medium,True,Closed
2681,183,9,2024-09-24,Performance Issue,Supplier Defect,High,False,Closed
2682,1056,30,2024-09-24,Breakage,Manufacturing Error,Low,False,Closed
2683,138,21,2024-09-24,Electrical Failure,Supplier Defect,High,True,Closed
2684,162,21,2024-09-24,Overheating,Supplier Defect,Medium,False,Closed
2685,1098,15,2024-09-24,Electrical Failure,Unknown,Medium,False,Closed
2686,824,11,2024-09-24,Incorrect Installation,Assembly Error,Low,False,Closed
2687,1075,15,2024-09-24,Electrical Failure,Supplier Defect,Medium,True,Closed
2688,1374,24,2024-09-24,Noise,Supplier Defect,Low,False,Closed
2689,975,26,2024-09-25,Noise,Manufacturing Error,Low,False,Closed
2690,991,16,2024-09-25,Electrical Failure,Unknown,Critical,True,Closed
2691,364,10,2024-09-25,Breakage,Customer Misuse,High,False,Closed
2692,1102,16,2024-09-25,Performance Issue,Supplier Defect,High,True,Closed
2693,1171,16,2024-09-25,Performance Issue,Assembly Error,Medium,False,Closed
2694,1250,22,2024-09-25,Noise,Material Failure,High,True,Closed
2695,869,17,2024-09-26,Electrical Failure,Supplier Defect,Low,False,Closed
2696,185,22,2024-09-26,Noise,Manufacturing Error,Low,True,Closed
2697,889,2,2024-09-26,Overheating,Unknown,Medium,False,Closed
2698,1311,1,2024-09-26,Incorrect Installation,Assembly Error,Medium,False,Closed
2699,1123,15,2024-09-26,Electrical Failure,Manufacturing Error,Critical,True,Closed
2700,614,4,2024-09-27,Breakage,Manufacturing Error,High,True,Closed
2701,104,1,2024-09-27,Noise,Supplier Defect,Low,False,Closed
2702,247,11,2024-09-27,Overheating,Manufacturing Error,Low,False,Closed
2703,774,12,2024-09-27,Leakage,Assembly Error,Low,False,Closed
2704,705,4,2024-09-27,Noise,Material Failure,Low,False,Closed
2705,1262,22,2024-09-28,Noise,Supplier Defect,Low,False,Closed
2706,693,27,2024-09-28,Performance Issue,Supplier Defect,Low,False,Closed
2707,59,28,2024-09-28,Incorrect Installation,Assembly Error,Medium,False,Closed
2708,1018,6,2024-09-28,Noise,Supplier Defect,Medium,True,Closed
2709,604,27,2024-09-28,Performance Issue,Assembly Error,Low,False,Closed
2710,506,25,2024-09-28,Leakage,Material Failure,Medium,False,Closed
2711,292,22,2024-09-29,Performance Issue,Manufacturing Error,Low,False,Closed
2712,70,6,2024-09-29,Leakage,Manufacturing Error,Medium,True,Closed
2713,144,25,2024-09-29,Breakage,Manufacturing Error,High,True,Closed
2714,441,7,2024-09-29,Incorrect Installation,Assembly Error,Low,False,Closed
2715,1177,7,2024-09-30,Leakage,Material Failure,Medium,False,Closed
2716,572,11,2024-10-01,Incorrect Installation,Assembly Error,High,True,Closed
2717,1214,22,2024-10-01,Performance Issue,Manufacturing Error,Medium,False,Closed
2718,30,7,2024-10-01,Noise,Assembly Error,Low,False,Closed
2719,402,12,2024-10-02,Leakage,Supplier Defect,High,True,Closed
2720,897,8,2024-10-02,Noise,Material Failure,Low,True,Closed
2721,421,8,2024-10-02,Performance Issue,Material Failure,Medium,False,Closed
2722,1106,9,2024-10-03,Breakage,Supplier Defect,High,True,Closed
2723,348,9,2024-10-03,Leakage,Material Failure,High,True,Closed
2724,1195,7,2024-10-03,Leakage,Supplier Defect,Low,False,Closed
2725,144,8,2024-10-03,Performance Issue,Customer Misuse,Low,False,Closed
2726,690,29,2024-10-03,Breakage,Supplier Defect,High,True,Closed
2727,255,11,2024-10-03,Leakage,Manufacturing Error,Medium,False,Closed
2728,627,20,2024-10-04,Performance Issue,Supplier Defect,Low,False,Closed
2729,359,17,2024-10-04,Incorrect Installation,Assembly Error,Medium,True,Closed
2730,370,9,2024-10-04,Performance Issue,Manufacturing Error,High,False,Closed
2731,763,14,2024-10-04,Overheating,Material Failure,High,False,Closed
2732,1400,16,2024-10-04,Electrical Failure,Manufacturing Error,High,False,Closed
2733,744,16,2024-10-04,Electrical Failure,Material Failure,High,True,Closed
2734,732,5,2024-10-04,Performance Issue,Supplier Defect,Medium,True,Closed
2735,1146,10,2024-10-04,Performance Issue,Material Failure,Low,False,Closed
2736,866,9,2024-10-05,Leakage,Material Failure,High,True,Closed
2737,1002,16,2024-10-05,Incorrect Installation,Assembly Error,Low,False,Closed
2738,63,22,2024-10-05,Breakage,Supplier Defect,Low,False,Closed
2739,787,14,2024-10-05,Overheating,Supplier Defect,Medium,True,Closed
2740,300,8,2024-10-05,Noise,Assembly Error,Low,True,Closed
2741,656,11,2024-10-06,Leakage,Unknown,Medium,True,Closed
2742,469,15,2024-10-06,Performance Issue,Supplier Defect,Medium,False,Closed
2743,877,29,2024-10-06,Noise,Manufacturing Error,Low,False,Closed
2744,1298,3,2024-10-06,Overheating,Customer Misuse,Medium,True,Closed
2745,830,22,2024-10-06,Noise,Supplier Defect,Low,False,Closed
2746,1018,27,2024-10-06,Leakage,Assembly Error,Medium,False,Closed
2747,1254,4,2024-10-06,Performance Issue,Manufacturing Error,Medium,False,Closed
2748,412,22,2024-10-06,Noise,Material Failure,Low,False,Closed
2749,1246,26,2024-10-06,Noise,Manufacturing Error,High,False,Closed
2750,515,25,2024-10-07,Leakage,Manufacturing Error,Low,False,Closed
2751,725,1,2024-10-07,Overheating,Supplier Defect,High,True,Closed
2752,418,24,2024-10-07,Noise,Customer Misuse,High,True,Closed
2753,463,16,2024-10-07,Electrical Failure,Supplier Defect,Medium,False,Under Investigation
2754,12,2,2024-10-07,Incorrect Installation,Assembly Error,Medium,False,Closed
2755,20,15,2024-10-07,Software Error,Supplier Defect,High,True,Closed
2756,348,10,2024-10-08,Noise,Supplier Defect,Low,False,Closed
2757,1348,23,2024-10-08,Performance Issue,Manufacturing Error,Low,True,Closed
2758,471,9,2024-10-08,Breakage,Manufacturing Error,High,False,Closed
2759,1318,27,2024-10-08,Performance Issue,Supplier Defect,Medium,False,Closed
2760,6,11,2024-10-08,Overheating,Material Failure,High,True,Closed
2761,1285,11,2024-10-09,Noise,Supplier Defect,Low,False,Closed
2762,738,28,2024-10-09,Performance Issue,Supplier Defect,High,True,Closed
2763,605,6,2024-10-09,Noise,Supplier Defect,Low,True,Closed
2764,1082,18,2024-10-10,Electrical Failure,Supplier Defect,Medium,False,Closed
2765,1318,10,2024-10-10,Performance Issue,Supplier Defect,High,True,Closed
2766,1273,8,2024-10-10,Noise,Supplier Defect,Low,False,Closed
2767,1049,22,2024-10-10,Noise,Assembly Error,Low,True,Closed
2768,1013,12,2024-10-10,Leakage,Material Failure,High,True,Closed
2769,1369,15,2024-10-10,Software Error,Supplier Defect,Low,False,Under Investigation
2770,249,16,2024-10-10,Software Error,Supplier Defect,Medium,False,Closed
2771,65,21,2024-10-11,Electrical Failure,Material Failure,Medium,True,Closed
2772,842,16,2024-10-11,Electrical Failure,Supplier Defect,High,True,Closed
2773,415,23,2024-10-11,Breakage,Design Issue,High,False,Closed
2774,80,18,2024-10-12,Software Error,Manufacturing Error,Low,False,Closed
2775,786,3,2024-10-12,Breakage,Unknown,Critical,True,Closed
2776,1175,21,2024-10-12,Electrical Failure,Design Issue,High,True,Closed
2777,1240,9,2024-10-12,Leakage,Supplier Defect,Medium,False,Closed
2778,1086,23,2024-10-13,Noise,Unknown,Medium,True,Closed
2779,240,16,2024-10-13,Software Error,Manufacturing Error,Medium,False,Closed
2780,1203,23,2024-10-13,Noise,Manufacturing Error,Medium,False,Under Investigation
2781,278,12,2024-10-13,Overheating,Assembly Error,Critical,False,Closed
2782,582,24,2024-10-13,Breakage,Assembly Error,Critical,False,Closed
2783,931,16,2024-10-14,Software Error,Supplier Defect,Medium,True,Closed
2784,993,29,2024-10-14,Performance Issue,Material Failure,Medium,False,Closed
2785,634,15,2024-10-14,Performance Issue,Supplier Defect,Low,False,Closed
2786,1178,25,2024-10-14,Noise,Manufacturing Error,Medium,True,Closed
2787,1028,7,2024-10-14,Performance Issue,Supplier Defect,Low,False,Closed
2788,1355,14,2024-10-14,Leakage,Manufacturing Error,Medium,False,Closed
2789,1363,16,2024-10-14,Electrical Failure,Supplier Defect,Medium,True,Closed
2790,280,14,2024-10-15,Noise,Assembly Error,Low,True,Closed
2791,223,14,2024-10-15,Leakage,Customer Misuse,High,True,Closed
2792,870,27,2024-10-15,Leakage,Unknown,Medium,True,Closed
2793,583,13,2024-10-15,Leakage,Customer Misuse,High,True,Closed
2794,519,18,2024-10-16,Software Error,Supplier Defect,Medium,False,Closed
2795,1305,22,2024-10-16,Breakage,Material Failure,Medium,True,Closed
2796,419,8,2024-10-16,Noise,Material Failure,Medium,True,Closed
2797,1374,18,2024-10-17,Software Error,Customer Misuse,Medium,False,Closed
2798,1359,24,2024-10-17,Noise,Design Issue,Low,False,Closed
2799,129,18,2024-10-17,Electrical Failure,Supplier Defect,Medium,True,Closed
2800,1342,28,2024-10-17,Performance Issue,Manufacturing Error,Low,False,Closed
2801,342,7,2024-10-17,Noise,Manufacturing Error,Medium,False,Closed
2802,720,15,2024-10-17,Performance Issue,Customer Misuse,Medium,False,Closed
2803,647,16,2024-10-18,Software Error,Manufacturing Error,Medium,False,Closed
2804,1309,9,2024-10-18,Leakage,Manufacturing Error,Medium,False,Closed
2805,75,18,2024-10-19,Performance Issue,Unknown,Low,False,Closed
2806,1106,14,2024-10-20,Incorrect Installation,Assembly Error,Medium,False,Closed
2807,289,22,2024-10-20,Noise,Customer Misuse,Low,False,Closed
2808,643,24,2024-10-20,Performance Issue,Material Failure,Medium,True,Closed
2809,1179,1,2024-10-20,Incorrect Installation,Assembly Error,Medium,True,Closed
2810,409,29,2024-10-20,Noise,Assembly Error,High,True,Closed
2811,197,8,2024-10-20,Leakage,Supplier Defect,Low,True,Closed
2812,1105,30,2024-10-20,Noise,Manufacturing Error,High,True,Closed
2813,858,14,2024-10-20,Overheating,Material Failure,Medium,True,Closed
2814,530,10,2024-10-20,Noise,Customer Misuse,Low,True,Closed
2815,299,20,2024-10-20,Electrical Failure,Supplier Defect,Medium,True,Closed
2816,425,16,2024-10-21,Electrical Failure,Unknown,Medium,True,Closed
2817,319,17,2024-10-21,Software Error,Supplier Defect,Medium,False,Closed
2818,762,12,2024-10-21,Incorrect Installation,Assembly Error,High,True,Closed
2819,103,6,2024-10-21,Breakage,Material Failure,Critical,False,Closed
2820,1082,1,2024-10-21,Overheating,Material Failure,Medium,False,Closed
2821,85,15,2024-10-21,Electrical Failure,Customer Misuse,High,True,Closed
2822,1295,13,2024-10-21,Leakage,Supplier Defect,Medium,False,Closed
2823,1021,24,2024-10-22,Breakage,Manufacturing Error,High,False,Closed
2824,960,10,2024-10-22,Noise,Manufacturing Error,Medium,False,Closed
2825,1045,24,2024-10-22,Performance Issue,Assembly Error,High,True,Closed
2826,1077,6,2024-10-22,Noise,Manufacturing Error,Medium,True,Closed
2827,1224,21,2024-10-23,Electrical Failure,Design Issue,High,True,Closed
2828,671,23,2024-10-23,Incorrect Installation,Assembly Error,High,True,Closed
2829,339,7,2024-10-23,Performance Issue,Material Failure,Medium,True,Closed
2830,766,5,2024-10-23,Noise,Supplier Defect,Low,False,Closed
2831,556,12,2024-10-23,Leakage,Assembly Error,Low,True,Closed
2832,72,7,2024-10-23,Leakage,Manufacturing Error,Low,True,Closed
2833,784,14,2024-10-23,Incorrect Installation,Assembly Error,Low,True,Closed
2834,804,18,2024-10-24,Software Error,Material Failure,Medium,True,Closed
2835,284,21,2024-10-24,Electrical Failure,Design Issue,High,False,Closed
2836,549,18,2024-10-24,Electrical Failure,Material Failure,High,True,Closed
2837,588,23,2024-10-24,Noise,Manufacturing Error,Low,False,Closed
2838,520,25,2024-10-25,Breakage,Material Failure,High,True,Closed
2839,717,22,2024-10-25,Noise,Design Issue,Low,False,Closed
2840,1109,12,2024-10-25,Breakage,Design Issue,Critical,True,Closed
2841,970,29,2024-10-25,Noise,Supplier Defect,Low,False,Closed
2842,730,11,2024-10-26,Leakage,Assembly Error,Medium,False,Closed
2843,110,3,2024-10-26,Leakage,Supplier Defect,Medium,False,Closed
2844,535,5,2024-10-26,Leakage,Material Failure,High,True,Closed
2845,1186,22,2024-10-26,Performance Issue,Supplier Defect,Medium,False,Closed
2846,256,16,2024-10-26,Electrical Failure,Manufacturing Error,Medium,True,Closed
2847,803,15,2024-10-27,Performance Issue,Material Failure,Low,False,Closed
2848,19,22,2024-10-27,Breakage,Material Failure,High,True,Open
2849,1020,12,2024-10-27,Overheating,Assembly Error,Medium,False,Closed
2850,660,13,2024-10-28,Leakage,Manufacturing Error,Low,True,Closed
2851,821,20,2024-10-28,Electrical Failure,Supplier Defect,Medium,False,Closed
2852,601,17,2024-10-28,Performance Issue,Material Failure,High,False,Closed
2853,1124,9,2024-10-29,Noise,Material Failure,Low,False,Closed
2854,1283,3,2024-10-29,Overheating,Unknown,High,True,Under Investigation
2855,1387,10,2024-10-29,Breakage,Manufacturing Error,Medium,False,Closed
2856,18,18,2024-10-29,Performance Issue,Design Issue,High,True,Closed
2857,1195,14,2024-10-30,Overheating,Supplier Defect,High,False,Closed
2858,1202,19,2024-10-30,Electrical Failure,Supplier Defect,Medium,False,Closed
2859,1179,7,2024-10-30,Noise,Supplier Defect,Low,False,Under Investigation
2860,569,17,2024-10-30,Electrical Failure,Material Failure,High,True,Closed
2861,407,22,2024-10-30,Noise,Manufacturing Error,Low,True,Closed
2862,1398,14,2024-10-30,Incorrect Installation,Assembly Error,Low,False,Closed
2863,1149,28,2024-10-30,Leakage,Design Issue,Medium,False,Closed
2864,3,26,2024-10-30,Noise,Manufacturing Error,High,True,Closed
2865,990,26,2024-10-31,Leakage,Supplier Defect,Medium,True,Closed
2866,1111,26,2024-10-31,Breakage,Unknown,High,True,Closed
2867,823,9,2024-10-31,Leakage,Supplier Defect,Low,False,Closed
2868,468,24,2024-11-01,Noise,Material Failure,Medium,False,Closed
2869,729,9,2024-11-01,Breakage,Design Issue,High,True,Closed
2870,235,23,2024-11-02,Performance Issue,Manufacturing Error,Critical,True,Closed
2871,1253,12,2024-11-02,Noise,Material Failure,Medium,True,Closed
2872,1132,25,2024-11-02,Performance Issue,Manufacturing Error,High,True,Closed
2873,156,18,2024-11-02,Software Error,Supplier Defect,High,False,Closed
2874,759,20,2024-11-02,Electrical Failure,Design Issue,Critical,True,Closed
2875,1350,12,2024-11-02,Leakage,Assembly Error,Medium,True,Closed
2876,1349,26,2024-11-03,Noise,Customer Misuse,Low,False,Closed
2877,1142,9,2024-11-03,Performance Issue,Material Failure,Medium,True,Closed
2878,998,18,2024-11-03,Software Error,Supplier Defect,High,True,Closed
2879,1368,13,2024-11-03,Leakage,Supplier Defect,Medium,True,Closed
2880,552,25,2024-11-04,Performance Issue,Manufacturing Error,Medium,False,Closed
2881,380,7,2024-11-04,Noise,Supplier Defect,Low,False,Closed
2882,1242,29,2024-11-04,Breakage,Supplier Defect,Medium,False,Closed
2883,1227,30,2024-11-05,Noise,Supplier Defect,Medium,True,Closed
2884,1188,12,2024-11-05,Leakage,Supplier Defect,Medium,False,Closed
2885,349,22,2024-11-05,Leakage,Material Failure,Medium,False,Closed
2886,333,8,2024-11-06,Noise,Material Failure,Low,True,Closed
2887,1224,1,2024-11-06,Performance Issue,Manufacturing Error,Low,True,Under Investigation
2888,1175,12,2024-11-06,Leakage,Manufacturing Error,Medium,True,Closed
2889,367,8,2024-11-06,Noise,Manufacturing Error,Medium,False,Closed
2890,128,14,2024-11-06,Leakage,Material Failure,Medium,False,Closed
2891,394,9,2024-11-06,Breakage,Manufacturing Error,Medium,True,Closed
2892,419,17,2024-11-06,Software Error,Supplier Defect,Medium,False,Closed
2893,35,24,2024-11-07,Breakage,Supplier Defect,High,False,Closed
2894,998,26,2024-11-07,Noise,Supplier Defect,Medium,True,Closed
2895,818,7,2024-11-07,Performance Issue,Customer Misuse,Low,False,Closed
2896,97,26,2024-11-07,Noise,Manufacturing Error,High,False,Closed
2897,403,20,2024-11-07,Overheating,Supplier Defect,Medium,False,Closed
2898,351,7,2024-11-07,Performance Issue,Unknown,Medium,True,Closed
2899,1281,1,2024-11-07,Noise,Design Issue,High,True,Closed
2900,1014,4,2024-11-07,Breakage,Manufacturing Error,High,True,Closed
2901,1131,13,2024-11-07,Noise,Supplier Defect,Low,False,Closed
2902,197,13,2024-11-08,Overheating,Supplier Defect,High,False,Closed
2903,117,22,2024-11-08,Breakage,Supplier Defect,Medium,False,Closed
2904,835,5,2024-11-08,Performance Issue,Manufacturing Error,Medium,False,Closed
2905,1044,24,2024-11-10,Breakage,Supplier Defect,Low,False,Closed
2906,408,14,2024-11-10,Overheating,Unknown,Low,False,Closed
2907,270,30,2024-11-10,Breakage,Manufacturing Error,Low,False,Closed
2908,1184,10,2024-11-10,Noise,Design Issue,Low,False,Closed
2909,203,15,2024-11-11,Software Error,Supplier Defect,Medium,False,Closed
2910,996,21,2024-11-11,Electrical Failure,Supplier Defect,Medium,False,Closed
2911,1282,11,2024-11-11,Overheating,Material Failure,Critical,True,Closed
2912,283,1,2024-11-11,Performance Issue,Unknown,Low,False,Closed
2913,1383,7,2024-11-12,Breakage,Material Failure,Low,False,Closed
2914,305,24,2024-11-12,Incorrect Installation,Assembly Error,High,False,Closed
2915,642,30,2024-11-12,Incorrect Installation,Assembly Error,Low,False,Closed
2916,1342,30,2024-11-12,Noise,Customer Misuse,Medium,True,Closed
2917,138,12,2024-11-12,Overheating,Supplier Defect,Medium,True,Closed
2918,1227,13,2024-11-12,Leakage,Design Issue,Medium,True,Closed
2919,339,13,2024-11-12,Leakage,Manufacturing Error,Low,False,Closed
2920,454,10,2024-11-12,Breakage,Supplier Defect,Critical,True,Closed
2921,100,20,2024-11-13,Incorrect Installation,Assembly Error,Medium,True,Closed
2922,930,6,2024-11-13,Performance Issue,Customer Misuse,Medium,False,Closed
2923,370,22,2024-11-13,Breakage,Design Issue,High,True,Closed
2924,69,18,2024-11-13,Electrical Failure,Design Issue,Critical,True,Closed
2925,249,16,2024-11-14,Electrical Failure,Manufacturing Error,Critical,True,Closed
2926,1133,12,2024-11-14,Leakage,Supplier Defect,Low,False,Closed
2927,804,13,2024-11-14,Overheating,Material Failure,Low,False,Closed
2928,605,9,2024-11-14,Performance Issue,Supplier Defect,Medium,False,Open
2929,1268,11,2024-11-15,Overheating,Design Issue,High,True,Closed
2930,313,21,2024-11-15,Overheating,Supplier Defect,Critical,False,Closed
2931,295,15,2024-11-15,Incorrect Installation,Assembly Error,Medium,True,Closed
2932,1408,9,2024-11-15,Leakage,Material Failure,High,False,Closed
2933,1256,9,2024-11-15,Performance Issue,Supplier Defect,Medium,False,Closed
2934,419,27,2024-11-16,Leakage,Manufacturing Error,Medium,False,Closed
2935,5,12,2024-11-16,Overheating,Customer Misuse,Medium,False,Open
2936,265,17,2024-11-16,Incorrect Installation,Assembly Error,Low,False,Closed
2937,24,6,2024-11-17,Leakage,Design Issue,High,False,Closed
2938,909,18,2024-11-17,Performance Issue,Design Issue,Medium,False,Closed
2939,1359,24,2024-11-18,Noise,Assembly Error,Low,False,Closed
2940,1081,24,2024-11-18,Noise,Supplier Defect,Medium,True,Closed
2941,1016,7,2024-11-18,Performance Issue,Supplier Defect,Low,False,Closed
2942,1132,25,2024-11-19,Breakage,Manufacturing Error,High,True,Closed
2943,195,13,2024-11-19,Overheating,Supplier Defect,Medium,False,Closed
2944,130,5,2024-11-19,Leakage,Manufacturing Error,Low,True,Closed
2945,248,29,2024-11-19,Noise,Manufacturing Error,Medium,False,Closed
2946,914,23,2024-11-19,Noise,Material Failure,Low,False,Closed
2947,513,27,2024-11-19,Noise,Manufacturing Error,Medium,True,Closed
2948,775,16,2024-11-19,Software Error,Material Failure,High,True,Closed
2949,259,6,2024-11-19,Performance Issue,Supplier Defect,Low,False,Closed
2950,687,29,2024-11-19,Leakage,Assembly Error,High,False,Closed
2951,7,30,2024-11-19,Breakage,Manufacturing Error,High,True,Closed
2952,1020,18,2024-11-19,Performance Issue,Manufacturing Error,Low,True,Closed
2953,1120,20,2024-11-20,Electrical Failure,Supplier Defect,High,False,Closed
2954,1039,14,2024-11-20,Leakage,Supplier Defect,High,True,Closed
2955,86,5,2024-11-20,Breakage,Assembly Error,High,True,Closed
2956,121,26,2024-11-20,Breakage,Supplier Defect,Medium,False,Closed
2957,777,28,2024-11-20,Noise,Material Failure,Medium,True,Closed
2958,629,9,2024-11-20,Performance Issue,Material Failure,Low,False,Closed
2959,1277,9,2024-11-20,Performance Issue,Customer Misuse,Low,False,Closed
2960,391,12,2024-11-21,Leakage,Supplier Defect,Low,False,Closed
2961,155,11,2024-11-21,Noise,Assembly Error,Low,False,Closed
2962,1229,24,2024-11-21,Performance Issue,Assembly Error,Low,False,Closed
2963,812,14,2024-11-22,Overheating,Manufacturing Error,High,False,Under Investigation
2964,375,22,2024-11-22,Noise,Supplier Defect,Low,True,Closed
2965,522,8,2024-11-22,Performance Issue,Supplier Defect,Low,False,Closed
2966,1410,9,2024-11-22,Breakage,Manufacturing Error,High,True,Closed
2967,253,27,2024-11-22,Noise,Manufacturing Error,Low,False,Closed
2968,1011,8,2024-11-22,Noise,Material Failure,High,False,Closed
2969,757,18,2024-11-22,Software Error,Supplier Defect,Medium,False,Closed
2970,209,22,2024-11-22,Breakage,Manufacturing Error,Medium,False,Closed
2971,516,9,2024-11-22,Noise,Unknown,Low,False,Closed
2972,1376,11,2024-11-23,Leakage,Assembly Error,Medium,False,Closed
2973,724,25,2024-11-23,Breakage,Customer Misuse,High,True,Closed
2974,423,23,2024-11-23,Breakage,Manufacturing Error,High,False,Closed
2975,114,23,2024-11-24,Noise,Supplier Defect,Low,False,Closed
2976,781,16,2024-11-24,Electrical Failure,Supplier Defect,Low,False,Closed
2977,837,11,2024-11-24,Noise,Supplier Defect,Medium,True,Closed
2978,679,2,2024-11-24,Overheating,Material Failure,Critical,True,Closed
2979,468,8,2024-11-24,Noise,Supplier Defect,High,False,Closed
2980,214,15,2024-11-25,Software Error,Supplier Defect,Medium,False,Closed
2981,77,25,2024-11-25,Noise,Supplier Defect,Low,False,Closed
2982,357,24,2024-11-25,Performance Issue,Supplier Defect,High,True,Closed
2983,139,25,2024-11-26,Breakage,Design Issue,High,True,Closed
2984,232,8,2024-11-26,Leakage,Supplier Defect,High,True,Closed
2985,205,8,2024-11-26,Noise,Manufacturing Error,Low,False,Closed
2986,152,6,2024-11-27,Performance Issue,Design Issue,Low,False,Closed
2987,90,7,2024-11-27,Noise,Manufacturing Error,Low,False,Closed
2988,975,10,2024-11-27,Leakage,Supplier Defect,Critical,True,Closed
2989,209,14,2024-11-27,Leakage,Material Failure,Low,False,Closed
2990,538,9,2024-11-27,Performance Issue,Manufacturing Error,Medium,False,Closed
2991,769,4,2024-11-27,Incorrect Installation,Assembly Error,High,False,Closed
2992,551,18,2024-11-27,Electrical Failure,Material Failure,Medium,False,Closed
2993,909,13,2024-11-27,Breakage,Manufacturing Error,Critical,False,Closed
2994,47,24,2024-11-27,Noise,Supplier Defect,Low,False,Closed
2995,924,26,2024-11-28,Incorrect Installation,Assembly Error,High,True,Closed
2996,1403,14,2024-11-28,Overheating,Supplier Defect,Medium,False,Closed
2997,596,6,2024-11-28,Performance Issue,Supplier Defect,Critical,True,Closed
2998,1325,15,2024-11-28,Performance Issue,Supplier Defect,Low,False,Closed
2999,930,9,2024-11-28,Noise,Customer Misuse,Low,True,Closed
3000,20,18,2024-11-29,Electrical Failure,Manufacturing Error,Low,False,Closed
3001,1377,20,2024-11-29,Electrical Failure,Material Failure,Medium,True,Closed
3002,1272,22,2024-11-29,Noise,Material Failure,Low,False,Closed
3003,379,3,2024-11-29,Leakage,Material Failure,High,True,Closed
3004,215,16,2024-11-30,Software Error,Supplier Defect,High,False,Closed
3005,1109,8,2024-11-30,Breakage,Material Failure,High,True,Closed
3006,237,23,2024-11-30,Breakage,Supplier Defect,Medium,True,Closed
3007,863,10,2024-11-30,Noise,Material Failure,Medium,True,Closed
3008,122,15,2024-11-30,Software Error,Manufacturing Error,Medium,False,Closed
3009,96,18,2024-12-01,Performance Issue,Material Failure,Low,False,Closed
3010,31,10,2024-12-02,Performance Issue,Supplier Defect,Medium,True,Closed
3011,1379,10,2024-12-02,Incorrect Installation,Assembly Error,Low,False,Closed
3012,49,17,2024-12-02,Electrical Failure,Design Issue,High,False,Closed
3013,14,27,2024-12-02,Performance Issue,Manufacturing Error,Medium,False,Closed
3014,208,7,2024-12-02,Performance Issue,Material Failure,Medium,False,Closed
3015,1196,11,2024-12-02,Overheating,Manufacturing Error,Medium,False,Closed
3016,833,30,2024-12-03,Breakage,Manufacturing Error,High,True,Closed
3017,422,22,2024-12-03,Performance Issue,Supplier Defect,Medium,True,Closed
3018,565,8,2024-12-03,Performance Issue,Supplier Defect,Medium,True,Under Investigation
3019,1291,16,2024-12-03,Performance Issue,Manufacturing Error,Low,False,Closed
3020,390,21,2024-12-04,Electrical Failure,Supplier Defect,Medium,True,Closed
3021,110,27,2024-12-04,Performance Issue,Assembly Error,High,False,Closed
3022,1382,6,2024-12-04,Performance Issue,Supplier Defect,High,True,Closed
3023,562,12,2024-12-05,Overheating,Supplier Defect,Low,False,Closed
3024,1434,5,2024-12-06,Breakage,Supplier Defect,Medium,True,Closed
3025,195,24,2024-12-06,Breakage,Design Issue,Medium,False,Closed
3026,231,13,2024-12-06,Leakage,Assembly Error,Medium,False,Closed
3027,1066,16,2024-12-06,Performance Issue,Supplier Defect,Medium,True,Closed
3028,919,4,2024-12-07,Overheating,Material Failure,High,True,Closed
3029,1067,24,2024-12-07,Noise,Manufacturing Error,Low,False,Closed
3030,1339,22,2024-12-07,Performance Issue,Customer Misuse,High,True,Closed
3031,854,25,2024-12-07,Breakage,Manufacturing Error,Low,True,Closed
3032,1259,13,2024-12-07,Noise,Supplier Defect,Medium,True,Closed
3033,16,7,2024-12-07,Performance Issue,Customer Misuse,Medium,True,Closed
3034,1392,16,2024-12-07,Electrical Failure,Supplier Defect,High,True,Closed
3035,889,24,2024-12-08,Noise,Supplier Defect,Low,False,Closed
3036,68,4,2024-12-08,Leakage,Manufacturing Error,Critical,True,Closed
3037,843,2,2024-12-08,Leakage,Supplier Defect,High,False,Closed
3038,311,8,2024-12-08,Noise,Manufacturing Error,Low,True,Closed
3039,75,16,2024-12-08,Electrical Failure,Material Failure,High,True,Closed
3040,940,9,2024-12-08,Noise,Assembly Error,Low,True,Closed
3041,73,22,2024-12-08,Noise,Customer Misuse,Low,True,Closed
3042,261,11,2024-12-08,Incorrect Installation,Assembly Error,Critical,True,Closed
3043,1309,21,2024-12-08,Overheating,Manufacturing Error,Medium,True,Closed
3044,132,19,2024-12-09,Electrical Failure,Customer Misuse,Medium,False,Closed
3045,505,6,2024-12-09,Leakage,Supplier Defect,Low,True,Closed
3046,607,27,2024-12-09,Noise,Supplier Defect,High,False,Closed
3047,290,8,2024-12-09,Breakage,Customer Misuse,Medium,True,Closed
3048,250,7,2024-12-10,Performance Issue,Assembly Error,Low,False,Closed
3049,75,16,2024-12-10,Software Error,Manufacturing Error,Low,False,Closed
3050,1126,20,2024-12-11,Electrical Failure,Material Failure,Low,False,Closed
3051,333,9,2024-12-11,Noise,Material Failure,Low,True,Closed
3052,1274,5,2024-12-11,Noise,Supplier Defect,Low,False,Closed
3053,1158,26,2024-12-11,Breakage,Material Failure,Low,False,Closed
3054,708,15,2024-12-12,Electrical Failure,Material Failure,Low,False,Closed
3055,1108,18,2024-12-12,Electrical Failure,Supplier Defect,High,True,Closed
3056,342,17,2024-12-12,Electrical Failure,Manufacturing Error,Medium,False,Closed
3057,591,5,2024-12-12,Leakage,Supplier Defect,Medium,False,Closed
3058,1045,8,2024-12-12,Noise,Assembly Error,Low,False,Closed
3059,2,21,2024-12-12,Electrical Failure,Supplier Defect,High,False,Closed
3060,506,10,2024-12-12,Breakage,Customer Misuse,Critical,True,Closed
3061,195,29,2024-12-12,Noise,Design Issue,High,False,Closed
3062,722,18,2024-12-13,Software Error,Design Issue,Low,False,Closed
3063,343,27,2024-12-13,Noise,Manufacturing Error,Low,False,Closed
3064,185,7,2024-12-13,Performance Issue,Supplier Defect,Medium,False,Closed
3065,130,21,2024-12-13,Electrical Failure,Supplier Defect,Medium,True,Closed
3066,623,14,2024-12-13,Overheating,Material Failure,Critical,True,Closed
3067,716,30,2024-12-13,Noise,Supplier Defect,Medium,False,Closed
3068,259,21,2024-12-13,Electrical Failure,Manufacturing Error,High,True,Closed
3069,138,8,2024-12-13,Breakage,Supplier Defect,Medium,False,Closed
3070,994,7,2024-12-14,Leakage,Manufacturing Error,Medium,False,Closed
3071,143,25,2024-12-14,Noise,Material Failure,Low,True,Closed
3072,1016,7,2024-12-14,Noise,Material Failure,Medium,False,Under Investigation
3073,208,7,2024-12-14,Performance Issue,Supplier Defect,High,False,Closed
3074,805,9,2024-12-14,Noise,Manufacturing Error,Medium,True,Closed
3075,190,8,2024-12-14,Incorrect Installation,Assembly Error,Medium,True,Closed
3076,504,9,2024-12-15,Leakage,Manufacturing Error,Medium,True,Closed
3077,459,30,2024-12-15,Noise,Assembly Error,Low,False,Closed
3078,1438,30,2024-12-15,Breakage,Assembly Error,Medium,False,Closed
3079,572,9,2024-12-15,Leakage,Supplier Defect,Medium,False,Closed
3080,491,14,2024-12-15,Overheating,Material Failure,Low,False,Closed
3081,181,4,2024-12-15,Overheating,Unknown,Medium,True,Closed
3082,519,15,2024-12-16,Electrical Failure,Supplier Defect,High,False,Closed
3083,208,7,2024-12-16,Breakage,Customer Misuse,High,True,Closed
3084,393,7,2024-12-16,Performance Issue,Manufacturing Error,Low,True,Closed
3085,575,15,2024-12-16,Software Error,Design Issue,High,True,Closed
3086,1097,15,2024-12-16,Electrical Failure,Design Issue,Low,False,Closed
3087,107,27,2024-12-16,Noise,Assembly Error,Medium,True,Closed
3088,932,18,2024-12-16,Electrical Failure,Customer Misuse,High,False,Closed
3089,518,23,2024-12-17,Incorrect Installation,Assembly Error,Medium,True,Closed
3090,1079,18,2024-12-17,Software Error,Material Failure,Low,False,Under Investigation
3091,1226,10,2024-12-18,Noise,Manufacturing Error,Critical,False,Closed
3092,793,27,2024-12-18,Performance Issue,Material Failure,Medium,True,Closed
3093,1301,5,2024-12-18,Breakage,Supplier Defect,High,True,Closed
3094,1161,12,2024-12-18,Noise,Manufacturing Error,Low,False,Closed
3095,1036,23,2024-12-18,Noise,Supplier Defect,Medium,False,Closed
3096,640,11,2024-12-19,Leakage,Assembly Error,Critical,True,Closed
3097,769,1,2024-12-19,Breakage,Design Issue,Critical,True,Closed
3098,1143,10,2024-12-20,Noise,Assembly Error,Low,False,Closed
3099,274,21,2024-12-20,Electrical Failure,Supplier Defect,High,False,Open
3100,169,21,2024-12-20,Performance Issue,Supplier Defect,Low,False,Closed
3101,1217,22,2024-12-20,Noise,Supplier Defect,Low,False,Closed
3102,1067,18,2024-12-20,Electrical Failure,Assembly Error,Low,False,Closed
3103,942,27,2024-12-20,Performance Issue,Supplier Defect,Medium,True,Closed
3104,801,19,2024-12-20,Electrical Failure,Manufacturing Error,High,True,Closed
3105,1055,8,2024-12-20,Breakage,Manufacturing Error,High,True,Closed
3106,760,22,2024-12-20,Noise,Manufacturing Error,Medium,True,Closed
3107,479,16,2024-12-21,Performance Issue,Unknown,Medium,False,Closed
3108,1347,9,2024-12-21,Noise,Material Failure,Low,False,Closed
3109,495,1,2024-12-21,Overheating,Manufacturing Error,High,True,Closed
3110,781,15,2024-12-21,Performance Issue,Supplier Defect,Low,True,Closed
3111,166,24,2024-12-22,Leakage,Supplier Defect,Medium,False,Under Investigation
3112,673,15,2024-12-22,Performance Issue,Design Issue,Low,False,Closed
3113,1140,15,2024-12-22,Electrical Failure,Supplier Defect,Medium,True,Closed
3114,1060,30,2024-12-22,Breakage,Customer Misuse,High,True,Closed
3115,1275,21,2024-12-22,Performance Issue,Manufacturing Error,High,True,Closed
3116,767,10,2024-12-22,Noise,Supplier Defect,High,True,Closed
3117,324,13,2024-12-23,Overheating,Supplier Defect,Critical,True,Closed
3118,1262,27,2024-12-23,Performance Issue,Material Failure,Medium,True,Closed
3119,364,7,2024-12-23,Performance Issue,Design Issue,High,True,Closed
3120,706,11,2024-12-23,Overheating,Design Issue,High,True,Closed
3121,1271,18,2024-12-23,Electrical Failure,Design Issue,High,True,Closed
3122,995,24,2024-12-23,Breakage,Material Failure,High,True,Closed
3123,436,3,2024-12-23,Performance Issue,Assembly Error,Medium,False,Closed
3124,1201,6,2024-12-23,Leakage,Assembly Error,Medium,False,Closed
3125,1406,8,2024-12-23,Noise,Customer Misuse,High,True,Closed
3126,1192,11,2024-12-23,Noise,Customer Misuse,Low,False,Closed
3127,53,14,2024-12-23,Overheating,Assembly Error,Critical,True,Closed
3128,940,24,2024-12-24,Noise,Supplier Defect,Medium,False,Closed
3129,443,18,2024-12-24,Performance Issue,Design Issue,High,True,Closed
3130,113,7,2024-12-24,Noise,Customer Misuse,Medium,True,Closed
3131,830,7,2024-12-24,Noise,Manufacturing Error,Low,False,Closed
3132,1147,18,2024-12-24,Performance Issue,Supplier Defect,Medium,False,Closed
3133,1010,7,2024-12-24,Leakage,Supplier Defect,Low,False,Closed
3134,110,27,2024-12-24,Noise,Customer Misuse,Medium,True,Closed
3135,1157,9,2024-12-25,Noise,Assembly Error,Low,True,Closed
3136,1238,12,2024-12-25,Noise,Material Failure,Medium,False,Closed
3137,1238,28,2024-12-25,Performance Issue,Assembly Error,Medium,True,Closed
3138,910,27,2024-12-25,Electrical Failure,Supplier Defect,Medium,True,Closed
3139,284,23,2024-12-25,Leakage,Manufacturing Error,Low,False,Closed
3140,1239,8,2024-12-25,Performance Issue,Supplier Defect,High,True,Closed
3141,1269,7,2024-12-25,Noise,Material Failure,Low,False,Closed
3142,383,10,2024-12-26,Leakage,Supplier Defect,High,False,Closed
3143,870,20,2024-12-26,Overheating,Manufacturing Error,High,True,Closed
3144,1356,5,2024-12-26,Noise,Material Failure,High,False,Closed
3145,1096,13,2024-12-26,Breakage,Manufacturing Error,Critical,True,Closed
3146,342,7,2024-12-26,Breakage,Supplier Defect,Medium,True,Closed
3147,1411,9,2024-12-26,Leakage,Customer Misuse,High,True,Closed
3148,1363,20,2024-12-26,Performance Issue,Assembly Error,Medium,True,Closed
3149,203,5,2024-12-27,Breakage,Customer Misuse,High,True,Closed
3150,643,18,2024-12-27,Software Error,Supplier Defect,Medium,False,Closed
3151,1111,17,2024-12-28,Electrical Failure,Supplier Defect,Critical,True,Closed
3152,136,8,2024-12-28,Incorrect Installation,Assembly Error,High,False,Closed
3153,625,27,2024-12-28,Leakage,Supplier Defect,Medium,False,Closed
3154,826,5,2024-12-28,Leakage,Assembly Error,Medium,False,Closed
3155,400,7,2024-12-28,Noise,Assembly Error,High,True,Closed
3156,1410,27,2024-12-28,Leakage,Supplier Defect,High,True,Closed
3157,76,18,2024-12-29,Electrical Failure,Manufacturing Error,Medium,True,Closed
3158,176,27,2024-12-29,Incorrect Installation,Assembly Error,Low,False,Closed
3159,1214,18,2024-12-29,Performance Issue,Manufacturing Error,Medium,False,Closed
3160,610,30,2024-12-30,Noise,Supplier Defect,Low,False,Closed
3161,218,8,2024-12-30,Breakage,Manufacturing Error,High,True,Closed
3162,524,30,2024-12-31,Incorrect Installation,Assembly Error,Medium,True,Closed
3163,936,7,2024-12-31,Noise,Customer Misuse,Medium,True,Closed
3164,198,7,2024-12-31,Breakage,Manufacturing Error,Critical,True,Closed
3165,705,14,2024-12-31,Leakage,Supplier Defect,Low,True,Closed
3166,610,12,2024-12-31,Overheating,Customer Misuse,Medium,True,Closed
3167,644,14,2025-01-01,Leakage,Manufacturing Error,Medium,False,Closed
3168,1121,15,2025-01-01,Electrical Failure,Supplier Defect,High,True,Closed
3169,462,25,2025-01-01,Breakage,Material Failure,Low,False,Closed
3170,607,15,2025-01-01,Electrical Failure,Supplier Defect,High,False,Closed
3171,17,7,2025-01-01,Breakage,Manufacturing Error,Critical,True,Closed
3172,564,19,2025-01-01,Electrical Failure,Supplier Defect,High,True,Closed
3173,1326,8,2025-01-02,Noise,Manufacturing Error,Medium,False,Closed
3174,242,27,2025-01-02,Leakage,Material Failure,Medium,True,Closed
3175,1038,4,2025-01-03,Performance Issue,Material Failure,High,False,Closed
3176,391,11,2025-01-03,Leakage,Customer Misuse,Medium,False,Closed
3177,206,16,2025-01-03,Performance Issue,Supplier Defect,Low,True,Closed
3178,1102,9,2025-01-03,Noise,Supplier Defect,Low,True,Closed
3179,391,7,2025-01-03,Breakage,Manufacturing Error,High,True,Closed
3180,67,7,2025-01-03,Leakage,Manufacturing Error,Low,False,Closed
3181,683,28,2025-01-03,Noise,Design Issue,Low,False,Closed
3182,1211,16,2025-01-03,Software Error,Design Issue,Medium,True,Closed
3183,25,12,2025-01-03,Noise,Customer Misuse,Medium,False,Closed
3184,954,14,2025-01-04,Leakage,Supplier Defect,Medium,False,Closed
3185,577,21,2025-01-04,Electrical Failure,Supplier Defect,High,True,Closed
3186,995,5,2025-01-04,Noise,Material Failure,Low,False,Closed
3187,37,1,2025-01-05,Overheating,Manufacturing Error,Critical,True,Closed
3188,1403,7,2025-01-05,Leakage,Manufacturing Error,Low,False,Closed
3189,399,12,2025-01-05,Leakage,Supplier Defect,Low,False,Closed
3190,1377,23,2025-01-05,Leakage,Assembly Error,Medium,True,Closed
3191,764,16,2025-01-05,Performance Issue,Supplier Defect,Medium,False,Closed
3192,1406,1,2025-01-06,Incorrect Installation,Assembly Error,Medium,True,Closed
3193,363,19,2025-01-06,Electrical Failure,Supplier Defect,Critical,True,Closed
3194,747,8,2025-01-06,Breakage,Supplier Defect,Critical,True,Closed
3195,343,16,2025-01-06,Performance Issue,Material Failure,High,True,Closed
3196,7,8,2025-01-06,Noise,Material Failure,High,True,Closed
3197,873,21,2025-01-07,Electrical Failure,Supplier Defect,High,True,Closed
3198,862,25,2025-01-07,Breakage,Manufacturing Error,Medium,True,Closed
3199,129,16,2025-01-07,Performance Issue,Manufacturing Error,Medium,False,Closed
3200,1045,22,2025-01-07,Performance Issue,Customer Misuse,Medium,True,Under Investigation
3201,418,2,2025-01-07,Leakage,Material Failure,Low,False,Closed
3202,278,12,2025-01-07,Overheating,Supplier Defect,High,False,Closed
3203,725,22,2025-01-08,Noise,Supplier Defect,Low,False,Closed
3204,1055,21,2025-01-08,Electrical Failure,Supplier Defect,Critical,True,Closed
3205,1308,5,2025-01-08,Leakage,Manufacturing Error,Medium,False,Closed
3206,816,7,2025-01-09,Breakage,Manufacturing Error,Critical,True,Closed
3207,721,24,2025-01-09,Noise,Assembly Error,Low,False,Closed
3208,724,21,2025-01-09,Electrical Failure,Material Failure,High,True,Closed
3209,1432,1,2025-01-09,Breakage,Supplier Defect,Critical,True,Closed
3210,983,30,2025-01-09,Noise,Assembly Error,Medium,True,Closed
3211,1390,25,2025-01-10,Leakage,Manufacturing Error,High,True,Closed
3212,1138,8,2025-01-10,Performance Issue,Supplier Defect,Low,False,Closed
3213,514,11,2025-01-10,Overheating,Material Failure,High,False,Closed
3214,1098,9,2025-01-10,Performance Issue,Customer Misuse,Medium,False,Closed
3215,1092,18,2025-01-11,Electrical Failure,Supplier Defect,Medium,True,Closed
3216,432,25,2025-01-11,Breakage,Manufacturing Error,Low,False,Closed
3217,82,30,2025-01-11,Breakage,Design Issue,High,False,Closed
3218,1051,12,2025-01-11,Leakage,Manufacturing Error,Low,False,Closed
3219,2,5,2025-01-11,Noise,Supplier Defect,Medium,False,Open
3220,1220,13,2025-01-11,Leakage,Customer Misuse,High,False,Closed
3221,787,7,2025-01-11,Performance Issue,Material Failure,Low,False,Closed
3222,212,11,2025-01-12,Incorrect Installation,Assembly Error,High,True,Closed
3223,129,13,2025-01-12,Leakage,Unknown,Low,False,Closed
3224,932,3,2025-01-13,Overheating,Manufacturing Error,Medium,False,Closed
3225,1015,14,2025-01-13,Overheating,Customer Misuse,High,False,Closed
3226,1399,22,2025-01-13,Performance Issue,Material Failure,Low,False,Closed
3227,218,15,2025-01-13,Electrical Failure,Manufacturing Error,Low,False,Closed
3228,975,13,2025-01-13,Overheating,Manufacturing Error,High,True,Closed
3229,885,13,2025-01-14,Breakage,Supplier Defect,Critical,False,Closed
3230,162,19,2025-01-14,Electrical Failure,Material Failure,Low,False,Closed
3231,313,7,2025-01-15,Noise,Customer Misuse,Low,False,Closed
3232,1156,27,2025-01-15,Noise,Assembly Error,Medium,False,Closed
3233,150,16,2025-01-15,Electrical Failure,Customer Misuse,Medium,True,Closed
3234,827,9,2025-01-15,Noise,Supplier Defect,Low,False,Closed
3235,230,19,2025-01-15,Electrical Failure,Supplier Defect,Low,False,Closed
3236,8,27,2025-01-15,Performance Issue,Manufacturing Error,High,True,Closed
3237,639,26,2025-01-15,Noise,Material Failure,Low,True,Closed
3238,1431,19,2025-01-16,Overheating,Supplier Defect,Critical,True,Closed
3239,714,7,2025-01-16,Performance Issue,Supplier Defect,Medium,False,Closed
3240,1423,10,2025-01-16,Leakage,Assembly Error,Medium,False,Closed
3241,1122,13,2025-01-17,Overheating,Manufacturing Error,High,True,Closed
3242,841,10,2025-01-17,Performance Issue,Supplier Defect,Medium,True,Closed
3243,623,27,2025-01-17,Performance Issue,Supplier Defect,Medium,False,Closed
3244,92,27,2025-01-17,Performance Issue,Supplier Defect,Low,False,Closed
3245,795,7,2025-01-17,Leakage,Manufacturing Error,Medium,False,Closed
3246,990,1,2025-01-17,Performance Issue,Manufacturing Error,Medium,True,Closed
3247,719,26,2025-01-18,Performance Issue,Material Failure,High,True,Closed
3248,216,11,2025-01-18,Noise,Design Issue,Low,False,Closed
3249,329,22,2025-01-18,Breakage,Manufacturing Error,Medium,True,Closed
3250,1165,13,2025-01-18,Overheating,Supplier Defect,High,True,Closed
3251,503,7,2025-01-19,Noise,Supplier Defect,Medium,True,Closed
3252,661,18,2025-01-19,Performance Issue,Supplier Defect,Critical,True,Closed
3253,943,1,2025-01-19,Overheating,Supplier Defect,High,True,Closed
3254,392,11,2025-01-20,Leakage,Unknown,Medium,False,Closed
3255,1384,28,2025-01-20,Noise,Design Issue,Low,False,Closed
3256,688,22,2025-01-20,Leakage,Design Issue,Low,False,Closed
3257,629,12,2025-01-20,Leakage,Material Failure,Medium,False,Closed
3258,4,15,2025-01-20,Electrical Failure,Material Failure,Medium,False,Closed
3259,153,15,2025-01-20,Electrical Failure,Supplier Defect,Medium,True,Closed
3260,1351,24,2025-01-20,Incorrect Installation,Assembly Error,Medium,True,Closed
3261,1126,6,2025-01-21,Performance Issue,Supplier Defect,Medium,False,Closed
3262,357,27,2025-01-21,Noise,Assembly Error,Low,False,Closed
3263,375,21,2025-01-21,Electrical Failure,Supplier Defect,Medium,False,Closed
3264,1426,18,2025-01-21,Performance Issue,Supplier Defect,Low,False,Closed
3265,508,22,2025-01-21,Incorrect Installation,Assembly Error,Medium,False,Closed
3266,449,14,2025-01-22,Leakage,Material Failure,Medium,False,Closed
3267,1359,8,2025-01-23,Incorrect Installation,Assembly Error,High,True,Closed
3268,111,6,2025-01-23,Performance Issue,Design Issue,Low,False,Closed
3269,1443,7,2025-01-23,Breakage,Design Issue,Medium,False,Closed
3270,1404,15,2025-01-24,Software Error,Material Failure,Medium,True,Closed
3271,542,16,2025-01-24,Electrical Failure,Supplier Defect,High,True,Closed
3272,992,27,2025-01-24,Noise,Supplier Defect,Low,False,Closed
3273,1291,9,2025-01-25,Breakage,Supplier Defect,High,False,Closed
3274,1342,17,2025-01-25,Electrical Failure,Material Failure,Medium,False,Closed
3275,1166,21,2025-01-25,Electrical Failure,Supplier Defect,Medium,True,Closed
3276,983,22,2025-01-25,Performance Issue,Manufacturing Error,Medium,True,Closed
3277,1218,18,2025-01-25,Performance Issue,Design Issue,High,False,Closed
3278,903,9,2025-01-25,Noise,Unknown,High,True,Closed
3279,1182,15,2025-01-25,Electrical Failure,Manufacturing Error,Medium,False,Closed
3280,155,24,2025-01-25,Noise,Customer Misuse,Medium,False,Closed
3281,1100,7,2025-01-25,Performance Issue,Manufacturing Error,Low,False,Closed
3282,502,13,2025-01-25,Incorrect Installation,Assembly Error,Low,False,Closed
3283,925,25,2025-01-25,Incorrect Installation,Assembly Error,High,True,Closed
3284,792,27,2025-01-26,Leakage,Design Issue,Low,False,Closed
3285,23,9,2025-01-26,Performance Issue,Supplier Defect,Low,False,Closed
3286,351,7,2025-01-26,Leakage,Customer Misuse,Medium,False,Closed
3287,1079,11,2025-01-27,Leakage,Unknown,Medium,True,Closed
3288,857,28,2025-01-27,Performance Issue,Design Issue,Medium,True,Closed
3289,819,21,2025-01-27,Overheating,Supplier Defect,Medium,False,Closed
3290,547,14,2025-01-27,Overheating,Supplier Defect,High,True,Closed
3291,100,9,2025-01-27,Breakage,Material Failure,High,True,Closed
3292,955,23,2025-01-27,Noise,Supplier Defect,Low,False,Closed
3293,82,12,2025-01-27,Leakage,Supplier Defect,Low,False,Closed
3294,655,8,2025-01-27,Breakage,Assembly Error,Critical,False,Closed
3295,59,24,2025-01-27,Breakage,Design Issue,Medium,True,Closed
3296,1403,30,2025-01-28,Noise,Supplier Defect,Low,False,Open
3297,567,5,2025-01-28,Incorrect Installation,Assembly Error,Low,False,Closed
3298,1359,30,2025-01-28,Incorrect Installation,Assembly Error,High,True,Closed
3299,660,12,2025-01-28,Breakage,Design Issue,Critical,True,Closed
3300,386,29,2025-01-28,Noise,Manufacturing Error,Medium,True,Closed
3301,430,18,2025-01-28,Performance Issue,Supplier Defect,Medium,True,Closed
3302,20,24,2025-01-29,Noise,Material Failure,Low,True,Closed
3303,535,16,2025-01-29,Electrical Failure,Supplier Defect,High,True,Closed
3304,1301,14,2025-01-29,Noise,Supplier Defect,Medium,False,Closed
3305,1266,24,2025-01-29,Noise,Customer Misuse,Medium,False,Closed
3306,232,27,2025-01-30,Leakage,Assembly Error,High,True,Closed
3307,1259,26,2025-01-30,Breakage,Manufacturing Error,Low,True,Closed
3308,22,20,2025-01-30,Electrical Failure,Supplier Defect,Medium,False,Closed
3309,921,23,2025-01-30,Incorrect Installation,Assembly Error,Low,False,Closed
3310,954,8,2025-01-30,Breakage,Unknown,Medium,False,Closed
3311,300,22,2025-01-31,Breakage,Supplier Defect,Medium,False,Closed
3312,664,28,2025-01-31,Leakage,Supplier Defect,High,True,Closed
3313,1197,8,2025-01-31,Noise,Manufacturing Error,Medium,False,Closed
3314,1115,12,2025-02-01,Leakage,Manufacturing Error,Medium,False,Closed
3315,259,16,2025-02-01,Software Error,Customer Misuse,Low,False,Closed
3316,997,12,2025-02-01,Leakage,Design Issue,Medium,True,Closed
3317,46,24,2025-02-02,Performance Issue,Supplier Defect,Low,False,Closed
3318,1272,16,2025-02-02,Electrical Failure,Manufacturing Error,High,True,Closed
3319,1264,24,2025-02-02,Noise,Material Failure,Medium,False,Closed
3320,569,11,2025-02-02,Leakage,Supplier Defect,High,True,Closed
3321,1024,16,2025-02-02,Performance Issue,Manufacturing Error,Low,False,Closed
3322,1202,10,2025-02-02,Performance Issue,Supplier Defect,Medium,False,Closed
3323,526,13,2025-02-02,Overheating,Assembly Error,Low,False,Closed
3324,1145,9,2025-02-03,Performance Issue,Customer Misuse,Medium,False,Closed
3325,346,11,2025-02-03,Incorrect Installation,Assembly Error,Low,False,Under Investigation
3326,908,28,2025-02-03,Performance Issue,Supplier Defect,Medium,True,Closed
3327,820,13,2025-02-03,Noise,Material Failure,High,False,Closed
3328,1125,12,2025-02-03,Leakage,Design Issue,High,True,Closed
3329,759,20,2025-02-03,Electrical Failure,Unknown,Medium,False,Closed
3330,607,13,2025-02-03,Leakage,Material Failure,Medium,False,Closed
3331,1339,30,2025-02-03,Incorrect Installation,Assembly Error,Medium,False,Closed
3332,512,19,2025-02-04,Electrical Failure,Supplier Defect,Medium,False,Closed
3333,25,7,2025-02-04,Performance Issue,Design Issue,Medium,False,Closed
3334,1404,16,2025-02-04,Electrical Failure,Unknown,Medium,False,Closed
3335,710,14,2025-02-05,Leakage,Material Failure,Low,False,Closed
3336,988,17,2025-02-05,Electrical Failure,Manufacturing Error,Medium,True,Closed
3337,751,11,2025-02-05,Overheating,Supplier Defect,Low,False,Closed
3338,680,20,2025-02-05,Electrical Failure,Supplier Defect,High,True,Closed
3339,1190,15,2025-02-05,Software Error,Customer Misuse,Low,False,Closed
3340,1348,8,2025-02-05,Noise,Supplier Defect,Low,False,Closed
3341,1443,23,2025-02-05,Breakage,Material Failure,Critical,False,Closed
3342,1156,12,2025-02-05,Noise,Supplier Defect,Low,False,Closed
3343,250,28,2025-02-06,Performance Issue,Supplier Defect,Medium,True,Closed
3344,1041,19,2025-02-06,Electrical Failure,Design Issue,Medium,False,Closed
3345,614,23,2025-02-06,Incorrect Installation,Assembly Error,Critical,True,Closed
3346,954,9,2025-02-06,Noise,Supplier Defect,Low,True,Closed
3347,1427,7,2025-02-06,Breakage,Assembly Error,High,False,Closed
3348,964,4,2025-02-07,Overheating,Supplier Defect,Medium,False,Closed
3349,91,11,2025-02-07,Breakage,Supplier Defect,High,True,Closed
3350,431,15,2025-02-07,Electrical Failure,Supplier Defect,Medium,False,Closed
3351,641,7,2025-02-07,Incorrect Installation,Assembly Error,Low,False,Closed
3352,1331,23,2025-02-07,Noise,Customer Misuse,Low,False,Closed
3353,1273,8,2025-02-07,Noise,Manufacturing Error,Low,False,Closed
3354,8,22,2025-02-07,Performance Issue,Supplier Defect,Low,True,Closed
3355,1190,10,2025-02-07,Leakage,Manufacturing Error,High,True,Closed
3356,844,22,2025-02-07,Noise,Material Failure,Low,True,Closed
3357,69,20,2025-02-08,Electrical Failure,Design Issue,High,True,Closed
3358,998,19,2025-02-08,Performance Issue,Customer Misuse,Low,False,Closed
3359,288,24,2025-02-08,Performance Issue,Material Failure,Medium,True,Closed
3360,1087,15,2025-02-08,Software Error,Supplier Defect,Medium,True,Closed
3361,145,20,2025-02-09,Performance Issue,Design Issue,Medium,False,Closed
3362,454,15,2025-02-09,Software Error,Supplier Defect,Low,False,Closed
3363,247,10,2025-02-09,Incorrect Installation,Assembly Error,Low,False,Under Investigation
3364,257,24,2025-02-09,Incorrect Installation,Assembly Error,Medium,True,Closed
3365,794,21,2025-02-09,Electrical Failure,Supplier Defect,Medium,False,Closed
3366,838,14,2025-02-10,Incorrect Installation,Assembly Error,Low,False,Closed
3367,227,8,2025-02-10,Breakage,Unknown,High,True,Closed
3368,441,2,2025-02-10,Noise,Material Failure,High,True,Closed
3369,344,16,2025-02-10,Electrical Failure,Manufacturing Error,Medium,False,Closed
3370,1407,24,2025-02-10,Noise,Assembly Error,Medium,True,Closed
3371,1387,14,2025-02-10,Leakage,Material Failure,Medium,True,Closed
3372,523,25,2025-02-10,Breakage,Supplier Defect,Critical,True,Closed
3373,91,6,2025-02-11,Leakage,Supplier Defect,Medium,False,Closed
3374,797,19,2025-02-11,Electrical Failure,Material Failure,Medium,False,Closed
3375,594,7,2025-02-11,Performance Issue,Manufacturing Error,Medium,True,Closed
3376,339,25,2025-02-11,Performance Issue,Manufacturing Error,Low,False,Closed
3377,720,23,2025-02-12,Noise,Supplier Defect,Medium,True,Closed
3378,909,7,2025-02-12,Breakage,Manufacturing Error,High,True,Closed
3379,1238,18,2025-02-12,Software Error,Supplier Defect,High,True,Closed
3380,75,2,2025-02-12,Breakage,Material Failure,High,True,Closed
3381,979,25,2025-02-12,Noise,Supplier Defect,Low,False,Closed
3382,1440,25,2025-02-13,Performance Issue,Supplier Defect,Medium,True,Closed
3383,750,8,2025-02-13,Breakage,Material Failure,Low,True,Closed
3384,801,27,2025-02-13,Incorrect Installation,Assembly Error,High,True,Closed
3385,412,25,2025-02-13,Leakage,Assembly Error,High,False,Closed
3386,681,14,2025-02-13,Noise,Manufacturing Error,Low,False,Closed
3387,554,18,2025-02-13,Software Error,Supplier Defect,Medium,True,Closed
3388,562,22,2025-02-13,Noise,Material Failure,Low,False,Closed
3389,257,14,2025-02-13,Noise,Unknown,Low,False,Closed
3390,287,21,2025-02-13,Electrical Failure,Supplier Defect,Critical,True,Closed
3391,798,27,2025-02-14,Performance Issue,Material Failure,Medium,False,Closed
3392,66,24,2025-02-14,Breakage,Unknown,Medium,False,Closed
3393,733,21,2025-02-14,Electrical Failure,Supplier Defect,Low,False,Closed
3394,820,4,2025-02-14,Performance Issue,Design Issue,High,True,Under Investigation
3395,1363,8,2025-02-14,Noise,Unknown,Low,True,Closed
3396,288,1,2025-02-14,Performance Issue,Material Failure,High,False,Closed
3397,457,12,2025-02-14,Incorrect Installation,Assembly Error,Medium,False,Closed
3398,635,5,2025-02-14,Performance Issue,Material Failure,Low,False,Closed
3399,966,29,2025-02-14,Leakage,Design Issue,Medium,False,Closed
3400,1427,21,2025-02-14,Electrical Failure,Supplier Defect,High,True,Closed
3401,978,27,2025-02-15,Noise,Supplier Defect,Low,False,Under Investigation
3402,687,18,2025-02-15,Performance Issue,Manufacturing Error,Medium,False,Closed
3403,393,23,2025-02-15,Breakage,Assembly Error,Medium,True,Closed
3404,190,24,2025-02-16,Breakage,Material Failure,High,False,Closed
3405,443,16,2025-02-16,Performance Issue,Supplier Defect,Medium,False,Closed
3406,1315,18,2025-02-16,Electrical Failure,Supplier Defect,High,True,Closed
3407,234,22,2025-02-16,Breakage,Design Issue,High,True,Closed
3408,1198,24,2025-02-16,Performance Issue,Customer Misuse,Low,False,Closed
3409,175,30,2025-02-16,Breakage,Design Issue,Medium,False,Closed
3410,755,7,2025-02-16,Incorrect Installation,Assembly Error,Medium,False,Closed
3411,653,22,2025-02-16,Performance Issue,Assembly Error,High,True,Closed
3412,1109,13,2025-02-17,Leakage,Customer Misuse,Critical,True,Closed
3413,632,7,2025-02-17,Breakage,Manufacturing Error,Medium,True,Closed
3414,14,26,2025-02-18,Leakage,Customer Misuse,Low,True,Under Investigation
3415,435,8,2025-02-18,Performance Issue,Supplier Defect,Medium,False,Closed
3416,325,13,2025-02-18,Incorrect Installation,Assembly Error,Low,True,Closed
3417,230,12,2025-02-18,Incorrect Installation,Assembly Error,Medium,False,Closed
3418,1369,5,2025-02-18,Leakage,Customer Misuse,Medium,False,Closed
3419,654,6,2025-02-18,Breakage,Manufacturing Error,Medium,False,Closed
3420,209,7,2025-02-18,Breakage,Supplier Defect,High,True,Closed
3421,645,9,2025-02-19,Noise,Manufacturing Error,High,False,Closed
3422,142,7,2025-02-19,Noise,Material Failure,Medium,False,Closed
3423,1376,11,2025-02-19,Leakage,Supplier Defect,Low,True,Closed
3424,1378,18,2025-02-19,Electrical Failure,Material Failure,Medium,False,Closed
3425,361,24,2025-02-19,Breakage,Material Failure,High,True,Closed
3426,1082,30,2025-02-19,Noise,Manufacturing Error,Low,False,Closed
3427,684,27,2025-02-19,Performance Issue,Supplier Defect,Low,False,Closed
3428,536,22,2025-02-20,Incorrect Installation,Assembly Error,Low,False,Closed
3429,1409,30,2025-02-20,Noise,Supplier Defect,Low,False,Closed
3430,1199,16,2025-02-21,Electrical Failure,Design Issue,Low,True,Closed
3431,314,9,2025-02-21,Leakage,Unknown,High,True,Closed
3432,501,19,2025-02-21,Overheating,Manufacturing Error,Medium,True,Closed
3433,23,6,2025-02-21,Leakage,Material Failure,High,False,Closed
3434,964,8,2025-02-21,Performance Issue,Material Failure,Medium,False,Closed
3435,1382,11,2025-02-21,Overheating,Design Issue,Critical,False,Closed
3436,248,26,2025-02-22,Leakage,Material Failure,Medium,False,Closed
3437,1314,7,2025-02-22,Noise,Customer Misuse,Medium,False,Closed
3438,471,24,2025-02-22,Noise,Material Failure,Low,False,Closed
3439,102,24,2025-02-22,Performance Issue,Supplier Defect,Medium,True,Closed
3440,764,25,2025-02-23,Noise,Design Issue,Low,False,Closed
3441,1302,22,2025-02-23,Performance Issue,Customer Misuse,Medium,True,Closed
3442,1357,11,2025-02-23,Overheating,Supplier Defect,High,True,Closed
3443,1396,1,2025-02-23,Performance Issue,Manufacturing Error,Medium,True,Closed
3444,540,27,2025-02-23,Leakage,Unknown,High,True,Closed
3445,1285,21,2025-02-23,Electrical Failure,Customer Misuse,Critical,True,Closed
3446,1115,9,2025-02-23,Noise,Supplier Defect,Medium,True,Closed
3447,732,14,2025-02-23,Overheating,Manufacturing Error,Medium,False,Closed
3448,923,25,2025-02-23,Noise,Assembly Error,Low,True,Closed
3449,351,12,2025-02-23,Leakage,Unknown,Medium,False,Closed
3450,632,7,2025-02-24,Noise,Material Failure,Low,False,Closed
3451,540,26,2025-02-24,Breakage,Material Failure,Low,False,Closed
3452,263,16,2025-02-24,Software Error,Manufacturing Error,Medium,True,Closed
3453,187,16,2025-02-24,Software Error,Unknown,Low,True,Closed
3454,209,19,2025-02-24,Overheating,Material Failure,Medium,True,Closed
3455,1120,21,2025-02-24,Overheating,Assembly Error,Medium,True,Closed
3456,863,29,2025-02-24,Leakage,Assembly Error,Medium,True,Closed
3457,51,6,2025-02-24,Noise,Manufacturing Error,Low,True,Closed
3458,278,10,2025-02-24,Leakage,Customer Misuse,High,True,Closed
3459,91,9,2025-02-25,Performance Issue,Material Failure,High,True,Closed
3460,997,13,2025-02-25,Leakage,Supplier Defect,Medium,True,Closed
3461,114,18,2025-02-25,Software Error,Supplier Defect,High,False,Closed
3462,183,14,2025-02-26,Leakage,Material Failure,High,True,Open
3463,673,19,2025-02-26,Electrical Failure,Manufacturing Error,High,True,Closed
3464,274,11,2025-02-26,Leakage,Supplier Defect,Medium,False,Closed
3465,315,16,2025-02-26,Electrical Failure,Supplier Defect,High,True,Closed
3466,527,23,2025-02-27,Breakage,Supplier Defect,High,False,Closed
3467,217,24,2025-02-27,Performance Issue,Manufacturing Error,Medium,False,Closed
3468,1212,19,2025-02-27,Electrical Failure,Supplier Defect,Medium,False,Closed
3469,911,7,2025-02-27,Incorrect Installation,Assembly Error,High,True,Closed
3470,928,1,2025-02-27,Performance Issue,Design Issue,High,True,Closed
3471,686,27,2025-02-27,Electrical Failure,Supplier Defect,High,True,Closed
3472,459,7,2025-02-27,Noise,Supplier Defect,Low,False,Closed
3473,305,9,2025-02-28,Incorrect Installation,Assembly Error,Medium,True,Closed
3474,163,7,2025-02-28,Breakage,Manufacturing Error,Medium,False,Closed
3475,1163,21,2025-02-28,Electrical Failure,Supplier Defect,Medium,False,Closed
3476,1019,13,2025-02-28,Overheating,Manufacturing Error,Medium,True,Closed
3477,25,8,2025-03-01,Performance Issue,Supplier Defect,Medium,False,Closed
3478,188,16,2025-03-01,Electrical Failure,Supplier Defect,High,True,Closed
3479,625,12,2025-03-01,Breakage,Assembly Error,Medium,False,Closed
3480,897,7,2025-03-01,Incorrect Installation,Assembly Error,High,True,Closed
3481,31,24,2025-03-01,Noise,Supplier Defect,Low,False,Closed
3482,453,11,2025-03-01,Overheating,Manufacturing Error,Medium,True,Closed
3483,284,18,2025-03-02,Software Error,Supplier Defect,Low,False,Closed
3484,27,14,2025-03-02,Breakage,Design Issue,High,False,Closed
3485,356,11,2025-03-02,Overheating,Supplier Defect,Medium,True,Closed
3486,1041,24,2025-03-02,Breakage,Customer Misuse,Low,True,Closed
3487,1284,7,2025-03-02,Incorrect Installation,Assembly Error,High,True,Closed
3488,230,30,2025-03-02,Breakage,Manufacturing Error,High,True,Closed
3489,357,18,2025-03-03,Software Error,Material Failure,Low,False,Closed
3490,739,8,2025-03-03,Performance Issue,Supplier Defect,Medium,False,Closed
3491,1332,11,2025-03-03,Noise,Manufacturing Error,Low,False,Closed
3492,71,17,2025-03-03,Electrical Failure,Manufacturing Error,Medium,True,Closed
3493,1298,9,2025-03-04,Incorrect Installation,Assembly Error,High,False,Closed
3494,349,29,2025-03-04,Breakage,Material Failure,Low,False,Closed
3495,372,4,2025-03-04,Overheating,Supplier Defect,High,True,Closed
3496,429,21,2025-03-04,Electrical Failure,Manufacturing Error,High,False,Closed
3497,1180,14,2025-03-04,Leakage,Manufacturing Error,Medium,True,Closed
3498,1408,16,2025-03-05,Electrical Failure,Supplier Defect,High,True,Closed
3499,857,29,2025-03-05,Noise,Manufacturing Error,Low,False,Closed
3500,768,14,2025-03-05,Incorrect Installation,Assembly Error,Low,True,Closed
3501,488,25,2025-03-05,Leakage,Manufacturing Error,Medium,False,Closed
3502,831,18,2025-03-05,Performance Issue,Design Issue,High,True,Closed
3503,322,12,2025-03-05,Incorrect Installation,Assembly Error,Medium,False,Closed
3504,737,9,2025-03-06,Performance Issue,Customer Misuse,Medium,False,Closed
3505,833,14,2025-03-06,Leakage,Supplier Defect,Medium,False,Closed
3506,61,17,2025-03-06,Electrical Failure,Customer Misuse,High,True,Closed
3507,1029,22,2025-03-06,Performance Issue,Material Failure,High,True,Closed
3508,1288,18,2025-03-06,Electrical Failure,Material Failure,High,True,Closed
3509,759,28,2025-03-06,Noise,Manufacturing Error,Low,False,Closed
3510,22,29,2025-03-06,Noise,Supplier Defect,Low,True,Closed
3511,996,12,2025-03-07,Overheating,Supplier Defect,High,True,Closed
3512,1078,1,2025-03-07,Performance Issue,Design Issue,Medium,False,Closed
3513,732,30,2025-03-07,Breakage,Material Failure,Medium,True,Closed
3514,1268,9,2025-03-08,Breakage,Material Failure,Critical,True,Closed
3515,164,8,2025-03-08,Noise,Supplier Defect,Medium,False,Closed
3516,1187,30,2025-03-08,Incorrect Installation,Assembly Error,Low,False,Closed
3517,192,13,2025-03-08,Overheating,Design Issue,Medium,False,Closed
3518,1442,7,2025-03-08,Leakage,Material Failure,Low,False,Closed
3519,54,24,2025-03-08,Noise,Design Issue,Medium,True,Closed
3520,815,21,2025-03-08,Electrical Failure,Supplier Defect,Low,True,Closed
3521,314,1,2025-03-08,Performance Issue,Material Failure,Low,True,Closed
3522,125,14,2025-03-08,Leakage,Manufacturing Error,High,True,Closed
3523,250,13,2025-03-09,Overheating,Material Failure,Critical,True,Closed
3524,422,22,2025-03-09,Breakage,Customer Misuse,Critical,True,Closed
3525,1245,22,2025-03-09,Noise,Design Issue,Medium,False,Closed
3526,1125,11,2025-03-09,Incorrect Installation,Assembly Error,Low,False,Under Investigation
3527,425,24,2025-03-09,Noise,Assembly Error,Medium,False,Closed
3528,678,5,2025-03-10,Performance Issue,Manufacturing Error,Medium,False,Closed
3529,264,2,2025-03-10,Noise,Supplier Defect,Medium,True,Closed
3530,1334,22,2025-03-10,Leakage,Customer Misuse,High,True,Closed
3531,577,11,2025-03-10,Overheating,Supplier Defect,Medium,True,Closed
3532,1266,12,2025-03-10,Overheating,Supplier Defect,Medium,True,Closed
3533,308,8,2025-03-10,Performance Issue,Supplier Defect,Low,False,Closed
3534,372,8,2025-03-10,Performance Issue,Material Failure,High,False,Closed
3535,973,3,2025-03-11,Noise,Manufacturing Error,Medium,False,Closed
3536,134,25,2025-03-11,Leakage,Manufacturing Error,High,False,Closed
3537,169,15,2025-03-11,Software Error,Supplier Defect,Medium,True,Closed
3538,1113,15,2025-03-11,Electrical Failure,Supplier Defect,High,True,Closed
3539,734,24,2025-03-11,Noise,Material Failure,High,False,Closed
3540,137,29,2025-03-11,Noise,Material Failure,Low,False,Closed
3541,1335,20,2025-03-11,Performance Issue,Design Issue,Low,False,Closed
3542,145,16,2025-03-11,Electrical Failure,Supplier Defect,High,True,Closed
3543,562,18,2025-03-11,Electrical Failure,Design Issue,Medium,False,Closed
3544,603,9,2025-03-12,Performance Issue,Design Issue,High,True,Closed
3545,1136,23,2025-03-12,Leakage,Supplier Defect,Critical,True,Closed
3546,254,25,2025-03-13,Noise,Manufacturing Error,Medium,False,Closed
3547,1288,17,2025-03-13,Electrical Failure,Manufacturing Error,High,True,Closed
3548,642,6,2025-03-13,Performance Issue,Supplier Defect,Low,True,Closed
3549,450,11,2025-03-13,Leakage,Supplier Defect,Low,True,Closed
3550,583,12,2025-03-15,Overheating,Supplier Defect,Critical,True,Under Investigation
3551,649,26,2025-03-15,Noise,Material Failure,Medium,True,Closed
3552,1403,29,2025-03-15,Leakage,Manufacturing Error,Low,True,Closed
3553,1195,18,2025-03-15,Software Error,Supplier Defect,Low,False,Closed
3554,350,16,2025-03-15,Electrical Failure,Design Issue,Medium,False,Closed
3555,1020,27,2025-03-15,Noise,Manufacturing Error,Low,True,Closed
3556,1169,7,2025-03-16,Performance Issue,Design Issue,High,True,Closed
3557,790,24,2025-03-16,Incorrect Installation,Assembly Error,Medium,False,Closed
3558,2,9,2025-03-16,Performance Issue,Material Failure,Low,False,Closed
3559,1359,29,2025-03-16,Performance Issue,Design Issue,High,False,Closed
3560,901,18,2025-03-16,Incorrect Installation,Assembly Error,High,False,Closed
3561,77,22,2025-03-17,Incorrect Installation,Assembly Error,High,True,Closed
3562,35,7,2025-03-17,Performance Issue,Material Failure,High,True,Closed
3563,1326,4,2025-03-17,Noise,Assembly Error,Medium,False,Closed
3564,763,18,2025-03-17,Incorrect Installation,Assembly Error,Medium,False,Closed
3565,1126,21,2025-03-17,Overheating,Customer Misuse,Low,False,Closed
3566,61,11,2025-03-17,Overheating,Material Failure,High,False,Closed
3567,149,12,2025-03-18,Leakage,Design Issue,Medium,False,Closed
3568,651,18,2025-03-18,Electrical Failure,Design Issue,Low,False,Closed
3569,1021,30,2025-03-18,Noise,Assembly Error,High,True,Closed
3570,865,5,2025-03-18,Leakage,Manufacturing Error,Low,True,Closed
3571,816,10,2025-03-19,Noise,Supplier Defect,Medium,True,Closed
3572,942,18,2025-03-19,Incorrect Installation,Assembly Error,Critical,True,Closed
3573,1063,10,2025-03-19,Performance Issue,Supplier Defect,Medium,False,Closed
3574,410,5,2025-03-19,Performance Issue,Assembly Error,Medium,False,Closed
3575,1319,27,2025-03-19,Incorrect Installation,Assembly Error,Medium,False,Closed
3576,707,7,2025-03-20,Performance Issue,Supplier Defect,Low,False,Closed
3577,452,24,2025-03-20,Performance Issue,Manufacturing Error,Medium,True,Closed
3578,782,27,2025-03-20,Noise,Material Failure,Medium,True,Closed
3579,1192,15,2025-03-21,Software Error,Supplier Defect,Medium,False,Closed
3580,233,23,2025-03-21,Performance Issue,Supplier Defect,High,True,Closed
3581,850,2,2025-03-22,Breakage,Supplier Defect,Critical,True,Closed
3582,664,23,2025-03-22,Performance Issue,Design Issue,Low,False,Closed
3583,1128,15,2025-03-22,Electrical Failure,Supplier Defect,High,True,Closed
3584,315,30,2025-03-22,Noise,Manufacturing Error,Medium,False,Closed
3585,217,30,2025-03-22,Noise,Supplier Defect,Low,False,Closed
3586,662,23,2025-03-22,Breakage,Supplier Defect,High,True,Closed
3587,79,16,2025-03-22,Software Error,Manufacturing Error,Low,False,Closed
3588,351,22,2025-03-23,Performance Issue,Assembly Error,Low,False,Closed
3589,1011,13,2025-03-23,Breakage,Supplier Defect,High,True,Closed
3590,37,15,2025-03-23,Software Error,Material Failure,Critical,True,Closed
3591,6,21,2025-03-23,Electrical Failure,Supplier Defect,High,False,Closed
3592,8,15,2025-03-23,Performance Issue,Supplier Defect,Low,False,Closed
3593,1093,14,2025-03-23,Leakage,Supplier Defect,Low,False,Closed
3594,501,19,2025-03-24,Electrical Failure,Design Issue,Critical,True,Closed
3595,419,13,2025-03-24,Leakage,Supplier Defect,Medium,False,Closed
3596,894,7,2025-03-24,Noise,Manufacturing Error,Low,True,Closed
3597,194,3,2025-03-24,Incorrect Installation,Assembly Error,Low,True,Closed
3598,677,27,2025-03-25,Incorrect Installation,Assembly Error,Medium,False,Closed
3599,846,21,2025-03-25,Overheating,Unknown,Medium,False,Closed
3600,274,29,2025-03-26,Incorrect Installation,Assembly Error,Medium,True,Closed
3601,1320,29,2025-03-26,Noise,Design Issue,Low,True,Closed
3602,2,25,2025-03-26,Performance Issue,Material Failure,Medium,False,Closed
3603,59,13,2025-03-26,Leakage,Supplier Defect,Medium,True,Closed
3604,986,16,2025-03-27,Electrical Failure,Manufacturing Error,Medium,True,Closed
3605,718,29,2025-03-27,Noise,Material Failure,Low,False,Closed
3606,792,19,2025-03-27,Overheating,Customer Misuse,High,False,Under Investigation
3607,1252,6,2025-03-27,Leakage,Supplier Defect,Medium,False,Closed
3608,553,11,2025-03-27,Overheating,Supplier Defect,High,False,Closed
3609,784,27,2025-03-27,Leakage,Customer Misuse,Medium,False,Closed
3610,1009,11,2025-03-27,Overheating,Supplier Defect,Medium,False,Closed
3611,27,12,2025-03-27,Leakage,Supplier Defect,Medium,False,Closed
3612,1391,12,2025-03-28,Overheating,Supplier Defect,Medium,False,Closed
3613,489,24,2025-03-28,Performance Issue,Material Failure,Low,False,Closed
3614,295,11,2025-03-28,Overheating,Supplier Defect,Critical,True,Closed
3615,317,4,2025-03-28,Breakage,Unknown,High,True,Closed
3616,410,14,2025-03-28,Overheating,Customer Misuse,High,True,Closed
3617,362,7,2025-03-28,Performance Issue,Supplier Defect,Low,False,Closed
3618,188,22,2025-03-28,Noise,Supplier Defect,Medium,True,Closed
3619,1362,29,2025-03-28,Incorrect Installation,Assembly Error,Low,False,Closed
3620,1197,23,2025-03-29,Breakage,Manufacturing Error,High,False,Closed
3621,656,16,2025-03-29,Electrical Failure,Supplier Defect,Low,False,Closed
3622,844,30,2025-03-29,Incorrect Installation,Assembly Error,Low,False,Closed
3623,787,29,2025-03-30,Incorrect Installation,Assembly Error,High,False,Closed
3624,1022,14,2025-03-31,Leakage,Supplier Defect,Low,True,Closed
3625,1373,10,2025-03-31,Leakage,Material Failure,Medium,True,Closed
3626,967,15,2025-03-31,Software Error,Supplier Defect,Low,True,Closed
3627,537,27,2025-03-31,Noise,Manufacturing Error,Low,False,Closed
3628,768,27,2025-03-31,Incorrect Installation,Assembly Error,High,False,Closed
3629,927,11,2025-04-01,Leakage,Manufacturing Error,Low,False,Closed
3630,738,11,2025-04-01,Overheating,Manufacturing Error,High,False,Closed
3631,1249,20,2025-04-01,Overheating,Design Issue,High,True,Closed
3632,1896,8,2025-04-01,Breakage,Manufacturing Error,Critical,True,Closed
3633,1152,26,2025-04-01,Breakage,Supplier Defect,Medium,False,Closed
3634,1197,30,2025-04-01,Breakage,Customer Misuse,High,True,Closed
3635,1773,5,2025-04-02,Noise,Supplier Defect,Low,False,Closed
3636,1490,30,2025-04-02,Noise,Unknown,Low,False,Closed
3637,1666,18,2025-04-02,Electrical Failure,Supplier Defect,Low,True,Closed
3638,598,24,2025-04-02,Noise,Assembly Error,Low,False,Closed
3639,247,10,2025-04-02,Noise,Supplier Defect,Low,True,Closed
3640,1166,7,2025-04-02,Noise,Supplier Defect,Low,True,Closed
3641,557,8,2025-04-03,Performance Issue,Supplier Defect,Medium,True,Closed
3642,1998,22,2025-04-03,Leakage,Customer Misuse,Medium,True,Closed
3643,1294,16,2025-04-03,Electrical Failure,Manufacturing Error,Medium,False,Closed
3644,1020,11,2025-04-03,Leakage,Customer Misuse,Critical,True,Closed
3645,624,14,2025-04-03,Noise,Material Failure,Low,False,Closed
3646,932,24,2025-04-03,Noise,Design Issue,Medium,False,Closed
3647,477,27,2025-04-04,Performance Issue,Design Issue,Medium,True,Closed
3648,826,11,2025-04-04,Overheating,Design Issue,High,False,Closed
3649,1569,17,2025-04-04,Software Error,Supplier Defect,Medium,False,Closed
3650,1961,7,2025-04-04,Performance Issue,Material Failure,Low,False,Closed
3651,1690,13,2025-04-05,Leakage,Supplier Defect,High,True,Closed
3652,23,24,2025-04-05,Breakage,Manufacturing Error,Medium,False,Closed
3653,1561,26,2025-04-05,Noise,Manufacturing Error,Low,False,Closed
3654,1641,11,2025-04-05,Overheating,Material Failure,Low,False,Closed
3655,405,24,2025-04-05,Incorrect Installation,Assembly Error,Low,False,Closed
3656,1234,7,2025-04-05,Performance Issue,Material Failure,Medium,True,Closed
3657,195,27,2025-04-05,Noise,Supplier Defect,Medium,False,Closed
3658,332,6,2025-04-05,Leakage,Assembly Error,Medium,False,Closed
3659,1851,15,2025-04-05,Performance Issue,Manufacturing Error,Low,False,Closed
3660,586,27,2025-04-05,Noise,Supplier Defect,Medium,True,Closed
3661,982,22,2025-04-05,Incorrect Installation,Assembly Error,Medium,True,Closed
3662,1734,11,2025-04-06,Leakage,Material Failure,Medium,False,Closed
3663,720,22,2025-04-06,Noise,Unknown,Low,False,Closed
3664,418,1,2025-04-06,Performance Issue,Customer Misuse,High,True,Closed
3665,665,27,2025-04-06,Leakage,Manufacturing Error,Low,True,Closed
3666,471,12,2025-04-06,Overheating,Supplier Defect,High,False,Closed
3667,1336,11,2025-04-07,Overheating,Manufacturing Error,High,True,Closed
3668,26,21,2025-04-07,Incorrect Installation,Assembly Error,Low,False,Closed
3669,1191,3,2025-04-07,Incorrect Installation,Assembly Error,High,False,Closed
3670,1619,8,2025-04-07,Performance Issue,Assembly Error,Medium,False,Closed
3671,141,23,2025-04-08,Leakage,Unknown,High,True,Closed
3672,655,1,2025-04-08,Breakage,Material Failure,Medium,False,Closed
3673,627,20,2025-04-08,Electrical Failure,Supplier Defect,Critical,False,Closed
3674,1169,22,2025-04-08,Performance Issue,Design Issue,Medium,False,Closed
3675,1502,24,2025-04-08,Performance Issue,Supplier Defect,Low,False,Closed
3676,1528,9,2025-04-08,Breakage,Manufacturing Error,Medium,False,Closed
3677,259,21,2025-04-08,Electrical Failure,Design Issue,Low,False,Closed
3678,253,15,2025-04-09,Software Error,Supplier Defect,High,False,Closed
3679,11,22,2025-04-09,Leakage,Manufacturing Error,Critical,True,Closed
3680,495,22,2025-04-09,Noise,Material Failure,Critical,True,Closed
3681,1737,16,2025-04-09,Electrical Failure,Supplier Defect,Critical,True,Closed
3682,992,15,2025-04-09,Electrical Failure,Supplier Defect,High,True,Closed
3683,45,11,2025-04-10,Incorrect Installation,Assembly Error,High,True,Closed
3684,201,9,2025-04-10,Noise,Design Issue,Low,True,Closed
3685,216,4,2025-04-11,Overheating,Supplier Defect,High,False,Closed
3686,185,5,2025-04-11,Performance Issue,Customer Misuse,Medium,False,Closed
3687,448,3,2025-04-11,Breakage,Unknown,High,True,Closed
3688,34,24,2025-04-11,Breakage,Supplier Defect,Medium,True,Closed
3689,706,15,2025-04-11,Electrical Failure,Design Issue,Medium,False,Closed
3690,1255,9,2025-04-11,Performance Issue,Material Failure,Critical,True,Closed
3691,501,22,2025-04-12,Noise,Manufacturing Error,Low,False,Closed
3692,1241,27,2025-04-12,Leakage,Customer Misuse,Medium,False,Closed
3693,920,7,2025-04-12,Performance Issue,Design Issue,Medium,True,Closed
3694,1369,25,2025-04-12,Noise,Assembly Error,Low,False,Closed
3695,757,30,2025-04-12,Breakage,Assembly Error,Low,False,Closed
3696,92,14,2025-04-13,Overheating,Supplier Defect,High,True,Closed
3697,504,24,2025-04-13,Noise,Material Failure,Medium,True,Closed
3698,190,18,2025-04-13,Electrical Failure,Supplier Defect,High,True,Closed
3699,1696,20,2025-04-13,Electrical Failure,Design Issue,High,True,Closed
3700,694,7,2025-04-13,Incorrect Installation,Assembly Error,Medium,False,Closed
3701,1787,27,2025-04-14,Performance Issue,Customer Misuse,High,True,Closed
3702,756,22,2025-04-14,Performance Issue,Material Failure,Low,True,Closed
3703,571,11,2025-04-15,Overheating,Material Failure,High,False,Closed
3704,1723,19,2025-04-15,Electrical Failure,Supplier Defect,Critical,True,Closed
3705,983,11,2025-04-15,Overheating,Assembly Error,Critical,True,Closed
3706,1162,18,2025-04-15,Electrical Failure,Supplier Defect,High,True,Under Investigation
3707,885,24,2025-04-15,Breakage,Supplier Defect,High,True,Closed
3708,1069,10,2025-04-15,Performance Issue,Assembly Error,Medium,True,Closed
3709,1225,15,2025-04-15,Software Error,Unknown,Low,False,Closed
3710,1907,13,2025-04-16,Overheating,Manufacturing Error,High,True,Closed
3711,1489,28,2025-04-16,Performance Issue,Customer Misuse,Low,True,Closed
3712,1954,14,2025-04-16,Breakage,Manufacturing Error,High,False,Closed
3713,1558,5,2025-04-16,Performance Issue,Supplier Defect,Medium,False,Closed
3714,647,24,2025-04-16,Noise,Manufacturing Error,Critical,True,Closed
3715,725,8,2025-04-16,Performance Issue,Manufacturing Error,Medium,False,Under Investigation
3716,269,9,2025-04-16,Noise,Customer Misuse,High,True,Closed
3717,1955,21,2025-04-17,Electrical Failure,Supplier Defect,High,True,Closed
3718,1208,20,2025-04-17,Electrical Failure,Manufacturing Error,Medium,True,Closed
3719,1185,18,2025-04-18,Performance Issue,Supplier Defect,Medium,False,Closed
3720,923,17,2025-04-18,Electrical Failure,Manufacturing Error,High,True,Closed
3721,574,13,2025-04-18,Leakage,Assembly Error,High,True,Closed
3722,1152,16,2025-04-18,Software Error,Supplier Defect,Low,True,Closed
3723,189,17,2025-04-18,Software Error,Unknown,Low,False,Closed
3724,1127,14,2025-04-18,Noise,Supplier Defect,Medium,False,Closed
3725,1894,13,2025-04-18,Leakage,Customer Misuse,High,True,Closed
3726,375,11,2025-04-18,Noise,Design Issue,Low,True,Closed
3727,267,7,2025-04-18,Noise,Supplier Defect,Low,False,Closed
3728,815,2,2025-04-19,Breakage,Assembly Error,Critical,True,Closed
3729,68,5,2025-04-19,Leakage,Manufacturing Error,Critical,True,Closed
3730,381,7,2025-04-20,Noise,Supplier Defect,Low,False,Closed
3731,644,7,2025-04-20,Performance Issue,Assembly Error,Medium,True,Closed
3732,778,5,2025-04-20,Noise,Assembly Error,Medium,True,Closed
3733,464,14,2025-04-20,Overheating,Manufacturing Error,High,True,Closed
3734,171,15,2025-04-20,Performance Issue,Design Issue,High,True,Closed
3735,831,8,2025-04-20,Performance Issue,Customer Misuse,Medium,False,Closed
3736,1592,22,2025-04-21,Breakage,Manufacturing Error,High,False,Closed
3737,1317,11,2025-04-21,Noise,Supplier Defect,Low,False,Closed
3738,888,7,2025-04-21,Performance Issue,Material Failure,Medium,False,Closed
3739,252,1,2025-04-21,Overheating,Manufacturing Error,Critical,True,Closed
3740,665,12,2025-04-21,Incorrect Installation,Assembly Error,High,False,Closed
3741,960,13,2025-04-21,Overheating,Supplier Defect,High,True,Open
3742,1362,11,2025-04-22,Leakage,Supplier Defect,Medium,True,Closed
3743,191,27,2025-04-22,Performance Issue,Material Failure,High,False,Closed
3744,1795,24,2025-04-22,Performance Issue,Material Failure,Critical,True,Closed
3745,880,23,2025-04-22,Breakage,Material Failure,High,False,Closed
3746,188,18,2025-04-22,Software Error,Supplier Defect,Low,False,Closed
3747,655,23,2025-04-22,Noise,Design Issue,Low,False,Closed
3748,634,13,2025-04-23,Overheating,Manufacturing Error,High,True,Closed
3749,1916,17,2025-04-23,Electrical Failure,Manufacturing Error,High,True,Closed
3750,681,28,2025-04-23,Electrical Failure,Material Failure,High,True,Under Investigation
3751,88,8,2025-04-24,Noise,Assembly Error,Medium,True,Closed
3752,1531,13,2025-04-24,Overheating,Design Issue,Medium,True,Closed
3753,908,4,2025-04-24,Performance Issue,Material Failure,Medium,False,Closed
3754,268,16,2025-04-24,Performance Issue,Supplier Defect,Medium,False,Closed
3755,651,24,2025-04-24,Performance Issue,Supplier Defect,Medium,True,Closed
3756,1370,1,2025-04-25,Overheating,Assembly Error,Critical,True,Closed
3757,299,4,2025-04-25,Noise,Supplier Defect,Medium,False,Closed
3758,148,11,2025-04-26,Incorrect Installation,Assembly Error,Low,False,Closed
3759,1398,24,2025-04-26,Leakage,Customer Misuse,Low,False,Closed
3760,956,25,2025-04-26,Noise,Supplier Defect,Critical,True,Closed
3761,1576,9,2025-04-26,Performance Issue,Supplier Defect,Low,False,Closed
3762,1528,12,2025-04-26,Overheating,Assembly Error,High,True,Closed
3763,1312,20,2025-04-27,Performance Issue,Customer Misuse,Low,False,Closed
3764,1329,11,2025-04-27,Overheating,Assembly Error,Medium,False,Closed
3765,1506,21,2025-04-27,Performance Issue,Supplier Defect,Low,True,Closed
3766,1817,5,2025-04-27,Noise,Customer Misuse,Low,False,Closed
3767,462,16,2025-04-27,Electrical Failure,Design Issue,High,False,Closed
3768,1221,23,2025-04-27,Performance Issue,Supplier Defect,High,True,Closed
3769,52,13,2025-04-28,Noise,Manufacturing Error,Low,True,Closed
3770,1329,5,2025-04-28,Breakage,Material Failure,Medium,True,Closed
3771,1159,24,2025-04-28,Performance Issue,Design Issue,Medium,True,Closed
3772,148,5,2025-04-28,Performance Issue,Supplier Defect,Low,False,Closed
3773,353,7,2025-04-28,Performance Issue,Manufacturing Error,High,False,Closed
3774,622,11,2025-04-28,Overheating,Supplier Defect,High,True,Closed
3775,918,7,2025-04-28,Performance Issue,Material Failure,High,True,Closed
3776,1327,15,2025-04-29,Electrical Failure,Material Failure,High,True,Closed
3777,301,16,2025-04-29,Performance Issue,Design Issue,Low,False,Closed
3778,40,4,2025-04-29,Overheating,Material Failure,High,True,Closed
3779,133,1,2025-04-29,Breakage,Manufacturing Error,High,True,Closed
3780,279,24,2025-04-29,Incorrect Installation,Assembly Error,Medium,True,Closed
3781,822,14,2025-04-29,Leakage,Material Failure,High,True,Closed
3782,223,7,2025-04-30,Leakage,Manufacturing Error,Medium,True,Closed
3783,766,18,2025-04-30,Electrical Failure,Supplier Defect,High,True,Closed
3784,879,18,2025-04-30,Performance Issue,Manufacturing Error,Low,True,Closed
3785,1504,21,2025-04-30,Performance Issue,Manufacturing Error,Medium,False,Closed
3786,1695,23,2025-05-01,Breakage,Material Failure,High,False,Closed
3787,550,15,2025-05-01,Performance Issue,Material Failure,Low,False,Closed
3788,191,12,2025-05-01,Overheating,Assembly Error,Medium,True,Closed
3789,1987,8,2025-05-01,Performance Issue,Supplier Defect,Low,False,Closed
3790,884,29,2025-05-01,Leakage,Manufacturing Error,Medium,True,Closed
3791,1986,14,2025-05-01,Overheating,Assembly Error,High,True,Closed
3792,1906,11,2025-05-01,Overheating,Customer Misuse,High,True,Closed
3793,1356,20,2025-05-02,Electrical Failure,Supplier Defect,High,True,Closed
3794,628,6,2025-05-02,Performance Issue,Material Failure,Low,False,Closed
3795,693,8,2025-05-02,Performance Issue,Design Issue,Low,False,Closed
3796,1377,8,2025-05-02,Noise,Unknown,Low,False,Closed
3797,341,26,2025-05-02,Performance Issue,Material Failure,Medium,True,Closed
3798,1405,2,2025-05-02,Breakage,Manufacturing Error,Medium,False,Closed
3799,18,10,2025-05-02,Noise,Manufacturing Error,Medium,True,Closed
3800,139,7,2025-05-03,Noise,Material Failure,High,True,Closed
3801,1059,21,2025-05-03,Electrical Failure,Manufacturing Error,Medium,True,Closed
3802,211,13,2025-05-03,Overheating,Supplier Defect,High,True,Closed
3803,98,16,2025-05-03,Electrical Failure,Material Failure,High,True,Closed
3804,1942,8,2025-05-03,Incorrect Installation,Assembly Error,Medium,False,Closed
3805,18,28,2025-05-03,Incorrect Installation,Assembly Error,Critical,False,Closed
3806,617,7,2025-05-04,Noise,Supplier Defect,Medium,True,Closed
3807,565,29,2025-05-04,Noise,Material Failure,Medium,True,Closed
3808,230,9,2025-05-04,Performance Issue,Design Issue,Low,False,Closed
3809,927,20,2025-05-04,Performance Issue,Supplier Defect,Medium,False,Closed
3810,992,9,2025-05-04,Performance Issue,Supplier Defect,Low,False,Closed
3811,833,6,2025-05-04,Incorrect Installation,Assembly Error,High,True,Closed
3812,329,9,2025-05-04,Noise,Supplier Defect,Low,True,Closed
3813,182,24,2025-05-05,Breakage,Design Issue,High,True,Closed
3814,957,3,2025-05-05,Overheating,Manufacturing Error,Medium,False,Closed
3815,693,19,2025-05-05,Electrical Failure,Material Failure,High,True,Closed
3816,52,16,2025-05-06,Electrical Failure,Manufacturing Error,Low,False,Closed
3817,1785,16,2025-05-06,Software Error,Design Issue,Low,False,Closed
3818,1878,4,2025-05-06,Noise,Supplier Defect,Medium,True,Closed
3819,1525,11,2025-05-06,Overheating,Manufacturing Error,Medium,False,Closed
3820,840,2,2025-05-06,Leakage,Material Failure,Critical,True,Closed
3821,586,6,2025-05-06,Performance Issue,Material Failure,High,True,Closed
3822,266,11,2025-05-07,Leakage,Supplier Defect,Medium,True,Closed
3823,1759,17,2025-05-07,Software Error,Unknown,Medium,False,Closed
3824,1569,14,2025-05-07,Breakage,Material Failure,High,True,Closed
3825,550,20,2025-05-07,Performance Issue,Design Issue,High,True,Closed
3826,702,29,2025-05-07,Breakage,Manufacturing Error,Low,True,Closed
3827,449,20,2025-05-09,Performance Issue,Assembly Error,Medium,False,Closed
3828,1871,30,2025-05-09,Noise,Manufacturing Error,Medium,False,Closed
3829,1686,4,2025-05-10,Noise,Manufacturing Error,Low,False,Closed
3830,912,13,2025-05-10,Noise,Assembly Error,Low,False,Closed
3831,1862,24,2025-05-10,Breakage,Material Failure,Medium,False,Closed
3832,483,6,2025-05-10,Performance Issue,Customer Misuse,Medium,True,Closed
3833,452,18,2025-05-11,Electrical Failure,Supplier Defect,Medium,True,Closed
3834,418,22,2025-05-11,Leakage,Assembly Error,High,True,Closed
3835,140,5,2025-05-11,Leakage,Supplier Defect,Medium,False,Closed
3836,1347,6,2025-05-11,Incorrect Installation,Assembly Error,High,True,Closed
3837,17,23,2025-05-11,Noise,Assembly Error,Low,False,Closed
3838,235,8,2025-05-11,Performance Issue,Material Failure,Low,False,Closed
3839,49,24,2025-05-11,Leakage,Design Issue,Medium,True,Closed
3840,201,14,2025-05-12,Overheating,Supplier Defect,Medium,False,Closed
3841,6,18,2025-05-12,Software Error,Manufacturing Error,Medium,True,Closed
3842,45,25,2025-05-12,Noise,Supplier Defect,Medium,False,Closed
3843,548,11,2025-05-12,Leakage,Supplier Defect,High,False,Closed
3844,1930,8,2025-05-13,Breakage,Design Issue,Medium,False,Closed
3845,358,13,2025-05-13,Leakage,Supplier Defect,High,True,Closed
3846,908,9,2025-05-13,Leakage,Manufacturing Error,Medium,True,Closed
3847,1223,29,2025-05-13,Leakage,Manufacturing Error,Medium,True,Closed
3848,1271,12,2025-05-13,Breakage,Assembly Error,Medium,False,Closed
3849,940,15,2025-05-13,Performance Issue,Supplier Defect,Low,True,Closed
3850,762,22,2025-05-14,Performance Issue,Manufacturing Error,Low,True,Closed
3851,1299,3,2025-05-15,Leakage,Supplier Defect,Medium,True,Closed
3852,1408,27,2025-05-15,Incorrect Installation,Assembly Error,High,False,Closed
3853,1482,6,2025-05-15,Leakage,Supplier Defect,Low,False,Closed
3854,1267,7,2025-05-15,Performance Issue,Material Failure,Medium,False,Closed
3855,1738,9,2025-05-16,Performance Issue,Assembly Error,Medium,True,Closed
3856,625,22,2025-05-16,Noise,Manufacturing Error,High,False,Closed
3857,1695,23,2025-05-16,Performance Issue,Material Failure,Low,True,Closed
3858,628,2,2025-05-16,Breakage,Manufacturing Error,High,True,Closed
3859,471,26,2025-05-16,Breakage,Customer Misuse,Medium,False,Closed
3860,1041,17,2025-05-17,Software Error,Design Issue,Low,False,Closed
3861,932,30,2025-05-17,Incorrect Installation,Assembly Error,Low,False,Closed
3862,778,21,2025-05-17,Performance Issue,Supplier Defect,Low,False,Closed
3863,1398,16,2025-05-18,Software Error,Manufacturing Error,High,True,Closed
3864,295,30,2025-05-18,Noise,Manufacturing Error,High,False,Closed
3865,347,30,2025-05-18,Breakage,Supplier Defect,Medium,False,Closed
3866,711,13,2025-05-19,Leakage,Manufacturing Error,High,True,Closed
3867,563,21,2025-05-19,Performance Issue,Material Failure,Medium,True,Closed
3868,1025,1,2025-05-19,Performance Issue,Customer Misuse,Low,False,Closed
3869,656,28,2025-05-20,Performance Issue,Supplier Defect,Low,True,Closed
3870,140,24,2025-05-20,Noise,Material Failure,Medium,False,Closed
3871,313,8,2025-05-20,Performance Issue,Supplier Defect,Medium,False,Closed
3872,118,12,2025-05-20,Breakage,Design Issue,High,False,Closed
3873,1411,29,2025-05-21,Performance Issue,Supplier Defect,Medium,False,Closed
3874,549,12,2025-05-21,Overheating,Assembly Error,High,True,Closed
3875,597,24,2025-05-21,Incorrect Installation,Assembly Error,High,True,Closed
3876,653,11,2025-05-21,Overheating,Unknown,Medium,True,Closed
3877,1708,29,2025-05-22,Performance Issue,Customer Misuse,Low,False,Closed
3878,1878,17,2025-05-22,Software Error,Supplier Defect,Low,False,Closed
3879,1843,19,2025-05-22,Electrical Failure,Supplier Defect,Medium,False,Closed
3880,1834,7,2025-05-22,Performance Issue,Design Issue,High,False,Closed
3881,440,16,2025-05-23,Electrical Failure,Manufacturing Error,High,False,Closed
3882,1681,14,2025-05-23,Leakage,Unknown,Low,False,Closed
3883,521,7,2025-05-23,Breakage,Customer Misuse,High,False,Closed
3884,537,27,2025-05-23,Noise,Supplier Defect,High,True,Closed
3885,394,10,2025-05-23,Leakage,Supplier Defect,Medium,True,Closed
3886,1584,19,2025-05-23,Electrical Failure,Supplier Defect,Medium,False,Closed
3887,1308,7,2025-05-23,Noise,Supplier Defect,Low,False,Closed
3888,1730,4,2025-05-24,Overheating,Design Issue,Critical,True,Closed
3889,10,20,2025-05-24,Electrical Failure,Supplier Defect,High,True,Closed
3890,452,5,2025-05-24,Performance Issue,Material Failure,High,False,Closed
3891,541,18,2025-05-25,Electrical Failure,Customer Misuse,Low,False,Closed
3892,1220,13,2025-05-25,Overheating,Supplier Defect,Medium,False,Closed
3893,1476,4,2025-05-25,Overheating,Manufacturing Error,Medium,False,Closed
3894,935,20,2025-05-25,Electrical Failure,Supplier Defect,Low,True,Closed
3895,1148,13,2025-05-25,Leakage,Assembly Error,Medium,True,Closed
3896,1149,14,2025-05-25,Breakage,Material Failure,High,True,Closed
3897,1797,24,2025-05-25,Noise,Assembly Error,Low,False,Closed
3898,1590,22,2025-05-26,Noise,Manufacturing Error,Medium,True,Closed
3899,533,17,2025-05-26,Performance Issue,Supplier Defect,Low,False,Closed
3900,1118,11,2025-05-26,Noise,Supplier Defect,Medium,True,Closed
3901,258,13,2025-05-27,Leakage,Unknown,High,True,Closed
3902,771,25,2025-05-27,Performance Issue,Manufacturing Error,Low,False,Closed
3903,1343,15,2025-05-27,Performance Issue,Assembly Error,High,False,Closed
3904,1721,4,2025-05-27,Incorrect Installation,Assembly Error,Low,False,Closed
3905,1373,8,2025-05-28,Leakage,Design Issue,High,True,Closed
3906,117,24,2025-05-28,Breakage,Supplier Defect,Low,False,Closed
3907,1519,23,2025-05-28,Leakage,Supplier Defect,Medium,True,Closed
3908,1640,27,2025-05-28,Performance Issue,Material Failure,Low,False,Closed
3909,1177,27,2025-05-28,Performance Issue,Manufacturing Error,Low,True,Closed
3910,1019,25,2025-05-28,Performance Issue,Supplier Defect,High,True,Closed
3911,128,25,2025-05-29,Noise,Supplier Defect,Low,False,Closed
3912,1004,8,2025-05-29,Incorrect Installation,Assembly Error,High,False,Closed
3913,1488,25,2025-05-29,Noise,Customer Misuse,Low,False,Closed
3914,1216,22,2025-05-29,Incorrect Installation,Assembly Error,Medium,False,Under Investigation
3915,1771,7,2025-05-29,Incorrect Installation,Assembly Error,Critical,True,Closed
3916,1688,24,2025-05-29,Noise,Manufacturing Error,Low,False,Closed
3917,1121,14,2025-05-30,Leakage,Unknown,Low,False,Closed
3918,1626,23,2025-05-30,Incorrect Installation,Assembly Error,Medium,True,Closed
3919,998,22,2025-05-30,Noise,Supplier Defect,Low,True,Closed
3920,1199,27,2025-05-30,Noise,Supplier Defect,Low,False,Closed
3921,345,13,2025-05-30,Overheating,Manufacturing Error,Medium,False,Closed
3922,411,22,2025-05-31,Breakage,Manufacturing Error,Critical,True,Closed
3923,491,27,2025-05-31,Noise,Material Failure,Low,True,Closed
3924,1163,1,2025-05-31,Performance Issue,Design Issue,Low,False,Closed
3925,815,26,2025-05-31,Performance Issue,Design Issue,Medium,True,Closed
3926,72,14,2025-06-01,Incorrect Installation,Assembly Error,High,True,Closed
3927,460,15,2025-06-01,Electrical Failure,Assembly Error,Medium,True,Closed
3928,1793,11,2025-06-01,Overheating,Supplier Defect,Medium,False,Closed
3929,292,12,2025-06-01,Overheating,Customer Misuse,Medium,False,Closed
3930,729,1,2025-06-01,Overheating,Manufacturing Error,Medium,False,Closed
3931,705,11,2025-06-02,Noise,Supplier Defect,High,False,Closed
3932,914,21,2025-06-02,Overheating,Design Issue,Critical,True,Closed
3933,784,25,2025-06-02,Noise,Design Issue,Low,False,Closed
3934,1130,11,2025-06-02,Leakage,Unknown,Medium,False,Closed
3935,448,22,2025-06-03,Noise,Material Failure,Medium,False,Closed
3936,1552,2,2025-06-03,Performance Issue,Design Issue,Low,True,Closed
3937,1716,30,2025-06-03,Breakage,Material Failure,High,False,Closed
3938,1769,7,2025-06-03,Leakage,Manufacturing Error,Medium,False,Closed
3939,639,7,2025-06-03,Leakage,Supplier Defect,Low,False,Closed
3940,1793,13,2025-06-04,Overheating,Manufacturing Error,Critical,True,Closed
3941,1249,12,2025-06-04,Leakage,Material Failure,Critical,True,Closed
3942,1182,27,2025-06-05,Leakage,Assembly Error,High,True,Closed
3943,228,27,2025-06-05,Performance Issue,Supplier Defect,Medium,True,Closed
3944,904,7,2025-06-05,Performance Issue,Customer Misuse,High,True,Closed
3945,1752,11,2025-06-05,Overheating,Material Failure,Critical,True,Closed
3946,1206,24,2025-06-05,Noise,Supplier Defect,Low,False,Closed
3947,574,15,2025-06-05,Software Error,Supplier Defect,Low,True,Closed
3948,1681,18,2025-06-06,Software Error,Customer Misuse,High,True,Closed
3949,83,15,2025-06-06,Software Error,Material Failure,Medium,True,Closed
3950,530,1,2025-06-06,Breakage,Manufacturing Error,High,False,Closed
3951,758,21,2025-06-06,Electrical Failure,Material Failure,High,True,Closed
3952,1512,11,2025-06-06,Leakage,Customer Misuse,High,True,Closed
3953,910,9,2025-06-06,Breakage,Supplier Defect,High,True,Closed
3954,211,15,2025-06-06,Electrical Failure,Supplier Defect,Critical,True,Closed
3955,578,27,2025-06-06,Leakage,Supplier Defect,High,True,Closed
3956,1891,30,2025-06-06,Noise,Material Failure,Low,True,Closed
3957,926,30,2025-06-06,Noise,Supplier Defect,Low,True,Closed
3958,1325,23,2025-06-07,Performance Issue,Customer Misuse,Medium,True,Closed
3959,1184,8,2025-06-07,Incorrect Installation,Assembly Error,Medium,True,Closed
3960,195,27,2025-06-07,Noise,Customer Misuse,Low,False,Closed
3961,1643,21,2025-06-07,Incorrect Installation,Assembly Error,Low,False,Closed
3962,915,14,2025-06-07,Overheating,Material Failure,Medium,False,Closed
3963,266,11,2025-06-07,Overheating,Assembly Error,High,False,Closed
3964,1363,10,2025-06-08,Breakage,Material Failure,Medium,True,Closed
3965,1396,20,2025-06-08,Overheating,Design Issue,High,True,Closed
3966,1431,7,2025-06-08,Breakage,Manufacturing Error,High,True,Closed
3967,174,9,2025-06-08,Noise,Supplier Defect,High,True,Closed
3968,251,9,2025-06-09,Performance Issue,Design Issue,High,True,Closed
3969,1092,13,2025-06-09,Overheating,Manufacturing Error,High,True,Closed
3970,1270,3,2025-06-09,Noise,Assembly Error,Low,False,Closed
3971,201,1,2025-06-09,Leakage,Assembly Error,Low,False,Closed
3972,633,27,2025-06-09,Performance Issue,Customer Misuse,Medium,False,Closed
3973,806,13,2025-06-09,Overheating,Manufacturing Error,Medium,True,Closed
3974,801,8,2025-06-09,Noise,Material Failure,Medium,True,Closed
3975,1118,23,2025-06-10,Incorrect Installation,Assembly Error,Medium,False,Closed
3976,1303,11,2025-06-10,Breakage,Supplier Defect,High,True,Closed
3977,521,24,2025-06-10,Breakage,Manufacturing Error,High,True,Closed
3978,596,15,2025-06-10,Software Error,Supplier Defect,Medium,False,Closed
3979,754,30,2025-06-10,Noise,Supplier Defect,Medium,False,Closed
3980,601,2,2025-06-10,Noise,Material Failure,Medium,False,Closed
3981,945,5,2025-06-11,Performance Issue,Supplier Defect,Low,False,Closed
3982,1636,27,2025-06-11,Performance Issue,Supplier Defect,Medium,False,Closed
3983,424,13,2025-06-11,Overheating,Manufacturing Error,Critical,False,Closed
3984,1125,4,2025-06-11,Breakage,Supplier Defect,Medium,True,Closed
3985,730,13,2025-06-11,Overheating,Supplier Defect,High,True,Closed
3986,290,8,2025-06-11,Performance Issue,Customer Misuse,Medium,True,Closed
3987,1991,13,2025-06-11,Overheating,Material Failure,Medium,True,Closed
3988,1887,14,2025-06-12,Leakage,Assembly Error,High,True,Closed
3989,1629,12,2025-06-12,Overheating,Assembly Error,High,False,Closed
3990,949,12,2025-06-12,Leakage,Supplier Defect,Low,True,Closed
3991,112,5,2025-06-12,Leakage,Assembly Error,Medium,False,Closed
3992,764,9,2025-06-12,Noise,Design Issue,High,False,Closed
3993,38,27,2025-06-13,Incorrect Installation,Assembly Error,Medium,True,Closed
3994,930,24,2025-06-13,Performance Issue,Unknown,Low,True,Closed
3995,1801,11,2025-06-13,Overheating,Manufacturing Error,Critical,True,Closed
3996,684,9,2025-06-13,Performance Issue,Material Failure,Medium,False,Closed
3997,916,4,2025-06-13,Breakage,Supplier Defect,High,True,Closed
3998,912,30,2025-06-13,Breakage,Material Failure,High,True,Closed
3999,696,9,2025-06-14,Performance Issue,Customer Misuse,Medium,True,Closed
4000,1361,27,2025-06-14,Noise,Supplier Defect,Medium,False,Closed
4001,464,27,2025-06-14,Performance Issue,Manufacturing Error,Low,True,Closed
4002,92,13,2025-06-14,Overheating,Material Failure,High,True,Closed
4003,153,21,2025-06-15,Electrical Failure,Material Failure,Medium,False,Closed
4004,1413,21,2025-06-15,Electrical Failure,Material Failure,Low,False,Closed
4005,627,20,2025-06-15,Electrical Failure,Assembly Error,High,True,Closed
4006,1757,15,2025-06-15,Incorrect Installation,Assembly Error,High,True,Under Investigation
4007,772,1,2025-06-16,Breakage,Manufacturing Error,Medium,True,Closed
4008,1966,17,2025-06-16,Performance Issue,Manufacturing Error,High,False,Closed
4009,547,11,2025-06-16,Overheating,Supplier Defect,High,True,Closed
4010,192,1,2025-06-16,Performance Issue,Manufacturing Error,Low,False,Closed
4011,872,26,2025-06-16,Noise,Supplier Defect,Critical,True,Closed
4012,1814,10,2025-06-16,Leakage,Customer Misuse,Medium,False,Closed
4013,24,15,2025-06-16,Electrical Failure,Customer Misuse,Medium,True,Closed
4014,562,8,2025-06-17,Performance Issue,Material Failure,Medium,False,Closed
4015,688,29,2025-06-17,Performance Issue,Assembly Error,Medium,False,Closed
4016,1020,11,2025-06-17,Leakage,Supplier Defect,Medium,True,Closed
4017,2000,3,2025-06-17,Performance Issue,Manufacturing Error,Low,True,Closed
4018,1433,18,2025-06-17,Software Error,Design Issue,Medium,True,Closed
4019,62,11,2025-06-18,Leakage,Supplier Defect,High,True,Closed
4020,1164,27,2025-06-18,Noise,Manufacturing Error,Medium,False,Closed
4021,403,11,2025-06-19,Leakage,Supplier Defect,Critical,True,Closed
4022,314,24,2025-06-19,Breakage,Design Issue,High,False,Closed
4023,1681,15,2025-06-19,Electrical Failure,Supplier Defect,Low,False,Closed
4024,1602,22,2025-06-19,Noise,Supplier Defect,Medium,False,Closed
4025,856,6,2025-06-19,Noise,Supplier Defect,Low,False,Closed
4026,690,3,2025-06-20,Incorrect Installation,Assembly Error,Medium,False,Closed
4027,473,22,2025-06-20,Performance Issue,Material Failure,Critical,False,Closed
4028,857,7,2025-06-20,Incorrect Installation,Assembly Error,Medium,False,Closed
4029,1297,17,2025-06-20,Electrical Failure,Manufacturing Error,Critical,True,Closed
4030,783,2,2025-06-21,Overheating,Manufacturing Error,High,False,Closed
4031,1254,6,2025-06-21,Performance Issue,Manufacturing Error,Medium,False,Closed
4032,16,7,2025-06-21,Performance Issue,Supplier Defect,High,True,Closed
4033,354,7,2025-06-21,Performance Issue,Supplier Defect,Medium,True,Closed
4034,881,1,2025-06-21,Overheating,Supplier Defect,Critical,False,Closed
4035,547,16,2025-06-21,Electrical Failure,Material Failure,Medium,True,Closed
4036,1308,25,2025-06-21,Incorrect Installation,Assembly Error,Critical,True,Closed
4037,1979,22,2025-06-21,Breakage,Manufacturing Error,Medium,True,Closed
4038,1912,11,2025-06-22,Leakage,Supplier Defect,Low,False,Closed
4039,900,21,2025-06-22,Performance Issue,Design Issue,Low,False,Closed
4040,653,13,2025-06-22,Noise,Design Issue,Medium,False,Closed
4041,260,9,2025-06-22,Performance Issue,Design Issue,Low,True,Closed
4042,812,27,2025-06-22,Electrical Failure,Customer Misuse,Medium,False,Closed
4043,1922,7,2025-06-23,Performance Issue,Supplier Defect,Medium,True,Closed
4044,1043,17,2025-06-23,Software Error,Supplier Defect,High,False,Closed
4045,1761,12,2025-06-23,Leakage,Supplier Defect,Medium,True,Closed
4046,1311,17,2025-06-23,Software Error,Supplier Defect,Low,False,Closed
4047,1738,16,2025-06-23,Electrical Failure,Design Issue,High,True,Closed
4048,1119,18,2025-06-24,Software Error,Material Failure,Low,False,Closed
4049,1625,12,2025-06-24,Overheating,Unknown,High,False,Closed
4050,1992,13,2025-06-24,Breakage,Design Issue,Medium,True,Closed
4051,1230,12,2025-06-24,Noise,Design Issue,Medium,False,Closed
4052,1493,10,2025-06-24,Noise,Assembly Error,High,False,Closed
4053,293,5,2025-06-25,Incorrect Installation,Assembly Error,Medium,False,Closed
4054,1554,1,2025-06-25,Overheating,Supplier Defect,High,True,Closed
4055,1129,30,2025-06-25,Breakage,Manufacturing Error,High,True,Closed
4056,1264,14,2025-06-25,Incorrect Installation,Assembly Error,Low,False,Closed
4057,1165,27,2025-06-26,Leakage,Material Failure,Low,False,Closed
4058,1472,7,2025-06-26,Incorrect Installation,Assembly Error,Low,False,Closed
4059,1325,18,2025-06-26,Performance Issue,Unknown,High,True,Closed
4060,449,11,2025-06-26,Overheating,Assembly Error,High,False,Closed
4061,1853,11,2025-06-26,Noise,Material Failure,High,True,Closed
4062,1027,20,2025-06-26,Performance Issue,Customer Misuse,Medium,True,Closed
4063,1714,12,2025-06-27,Overheating,Supplier Defect,Low,False,Closed
4064,1024,11,2025-06-27,Overheating,Manufacturing Error,High,True,Closed
4065,1013,11,2025-06-27,Leakage,Design Issue,Medium,False,Closed
4066,1610,13,2025-06-27,Overheating,Assembly Error,High,True,Closed
4067,647,18,2025-06-28,Software Error,Supplier Defect,Low,False,Open
4068,273,2,2025-06-28,Noise,Assembly Error,Medium,False,Closed
4069,796,15,2025-06-28,Performance Issue,Supplier Defect,Medium,True,Closed
4070,1628,28,2025-06-29,Electrical Failure,Material Failure,Medium,True,Closed
4071,418,7,2025-06-29,Performance Issue,Material Failure,Low,False,Closed
4072,332,8,2025-06-29,Performance Issue,Manufacturing Error,High,True,Closed
4073,615,18,2025-06-29,Electrical Failure,Supplier Defect,High,True,Closed
4074,1708,7,2025-06-29,Breakage,Material Failure,High,True,Closed
4075,1094,25,2025-06-30,Performance Issue,Manufacturing Error,High,False,Closed
4076,18,5,2025-06-30,Noise,Supplier Defect,Low,False,Closed
4077,161,15,2025-06-30,Electrical Failure,Supplier Defect,High,True,Closed
4078,394,15,2025-06-30,Software Error,Design Issue,Low,True,Closed
4079,1101,9,2025-06-30,Incorrect Installation,Assembly Error,Medium,True,Closed
4080,1447,22,2025-06-30,Breakage,Supplier Defect,Low,False,Closed
4081,1042,28,2025-06-30,Noise,Manufacturing Error,Medium,True,Closed
4082,839,8,2025-07-01,Breakage,Material Failure,High,True,Closed
4083,539,8,2025-07-01,Leakage,Supplier Defect,Low,False,Closed
4084,1835,10,2025-07-01,Breakage,Supplier Defect,High,True,Closed
4085,365,6,2025-07-02,Performance Issue,Manufacturing Error,Medium,False,Closed
4086,411,2,2025-07-02,Performance Issue,Material Failure,High,True,Closed
4087,1582,28,2025-07-02,Electrical Failure,Design Issue,Medium,False,Closed
4088,201,16,2025-07-02,Electrical Failure,Supplier Defect,Medium,True,Closed
4089,738,18,2025-07-02,Software Error,Supplier Defect,Low,True,Closed
4090,471,23,2025-07-03,Performance Issue,Manufacturing Error,High,True,Closed
4091,1233,15,2025-07-03,Performance Issue,Design Issue,High,False,Closed
4092,455,23,2025-07-04,Breakage,Assembly Error,Critical,True,Closed
4093,1483,3,2025-07-04,Overheating,Supplier Defect,High,True,Closed
4094,305,9,2025-07-04,Noise,Material Failure,Low,False,Closed
4095,1109,14,2025-07-04,Overheating,Manufacturing Error,High,True,Closed
4096,365,21,2025-07-05,Electrical Failure,Manufacturing Error,Medium,True,Closed
4097,280,18,2025-07-05,Software Error,Design Issue,Medium,False,Closed
4098,1290,11,2025-07-05,Leakage,Supplier Defect,Medium,False,Closed
4099,1077,28,2025-07-05,Incorrect Installation,Assembly Error,High,True,Closed
4100,615,24,2025-07-05,Breakage,Customer Misuse,High,True,Closed
4101,680,8,2025-07-06,Noise,Assembly Error,Low,False,Closed
4102,372,29,2025-07-06,Noise,Supplier Defect,Low,False,Closed
4103,614,8,2025-07-06,Leakage,Supplier Defect,Medium,True,Closed
4104,659,15,2025-07-06,Electrical Failure,Manufacturing Error,Medium,True,Closed
4105,1016,23,2025-07-07,Noise,Design Issue,Low,False,Closed
4106,1757,8,2025-07-07,Leakage,Material Failure,Medium,True,Closed
4107,62,13,2025-07-07,Noise,Unknown,Medium,False,Closed
4108,1725,26,2025-07-07,Performance Issue,Supplier Defect,Medium,False,Closed
4109,188,15,2025-07-07,Electrical Failure,Design Issue,Medium,False,Closed
4110,1876,12,2025-07-08,Overheating,Supplier Defect,High,True,Closed
4111,1355,11,2025-07-08,Leakage,Supplier Defect,Low,False,Closed
4112,363,22,2025-07-08,Noise,Material Failure,Medium,True,Closed
4113,1417,18,2025-07-09,Electrical Failure,Design Issue,High,True,Closed
4114,415,13,2025-07-09,Overheating,Design Issue,Critical,True,Closed
4115,1598,1,2025-07-09,Overheating,Design Issue,Medium,False,Closed
4116,436,21,2025-07-10,Overheating,Supplier Defect,Medium,False,Closed
4117,986,30,2025-07-10,Incorrect Installation,Assembly Error,Medium,False,Closed
4118,1724,12,2025-07-10,Incorrect Installation,Assembly Error,Medium,False,Closed
4119,1485,7,2025-07-10,Noise,Supplier Defect,Medium,False,Closed
4120,236,23,2025-07-11,Performance Issue,Customer Misuse,High,True,Closed
4121,92,11,2025-07-11,Leakage,Material Failure,Low,False,Closed
4122,99,12,2025-07-11,Leakage,Material Failure,High,False,Closed
4123,265,29,2025-07-11,Noise,Supplier Defect,Medium,True,Closed
4124,1996,14,2025-07-11,Overheating,Supplier Defect,Critical,True,Closed
4125,454,8,2025-07-12,Performance Issue,Material Failure,Medium,False,Closed
4126,1233,10,2025-07-13,Breakage,Supplier Defect,High,True,Closed
4127,1517,12,2025-07-13,Leakage,Supplier Defect,Low,False,Closed
4128,1240,21,2025-07-13,Electrical Failure,Supplier Defect,High,False,Closed
4129,578,27,2025-07-13,Performance Issue,Material Failure,Medium,False,Closed
4130,603,30,2025-07-13,Breakage,Supplier Defect,Medium,True,Closed
4131,1831,11,2025-07-14,Leakage,Manufacturing Error,Medium,False,Closed
4132,16,10,2025-07-14,Incorrect Installation,Assembly Error,Low,False,Open
4133,611,4,2025-07-14,Performance Issue,Supplier Defect,Medium,False,Closed
4134,1738,12,2025-07-14,Incorrect Installation,Assembly Error,Medium,True,Closed
4135,1223,23,2025-07-14,Performance Issue,Supplier Defect,Medium,True,Closed
4136,1761,1,2025-07-14,Performance Issue,Unknown,Medium,False,Closed
4137,277,7,2025-07-14,Breakage,Supplier Defect,Critical,True,Closed
4138,459,13,2025-07-14,Breakage,Supplier Defect,Medium,False,Closed
4139,1766,27,2025-07-15,Performance Issue,Supplier Defect,High,True,Closed
4140,1123,18,2025-07-15,Electrical Failure,Material Failure,High,True,Closed
4141,186,22,2025-07-15,Performance Issue,Design Issue,Low,False,Closed
4142,1262,7,2025-07-16,Leakage,Material Failure,Medium,False,Closed
4143,516,18,2025-07-16,Software Error,Customer Misuse,Medium,False,Closed
4144,164,1,2025-07-16,Leakage,Material Failure,Medium,False,Closed
4145,1760,15,2025-07-16,Software Error,Design Issue,Medium,True,Closed
4146,391,12,2025-07-16,Leakage,Manufacturing Error,Medium,False,Closed
4147,1514,22,2025-07-17,Noise,Material Failure,Low,False,Closed
4148,1893,11,2025-07-17,Noise,Manufacturing Error,Medium,False,Closed
4149,625,27,2025-07-17,Electrical Failure,Material Failure,High,True,Closed
4150,1752,29,2025-07-17,Noise,Design Issue,Medium,True,Closed
4151,964,6,2025-07-17,Breakage,Material Failure,Critical,True,Closed
4152,1992,27,2025-07-17,Noise,Unknown,Low,True,Closed
4153,1293,2,2025-07-17,Breakage,Supplier Defect,High,True,Closed
4154,1044,23,2025-07-17,Breakage,Supplier Defect,High,False,Closed
4155,1909,22,2025-07-18,Breakage,Supplier Defect,Critical,True,Closed
4156,1545,4,2025-07-18,Performance Issue,Supplier Defect,Medium,False,Closed
4157,1881,20,2025-07-18,Electrical Failure,Customer Misuse,High,True,Closed
4158,1024,16,2025-07-18,Software Error,Unknown,Medium,True,Closed
4159,213,13,2025-07-18,Incorrect Installation,Assembly Error,Critical,True,Open
4160,510,20,2025-07-18,Performance Issue,Manufacturing Error,Medium,True,Closed
4161,454,2,2025-07-19,Incorrect Installation,Assembly Error,Critical,True,Closed
4162,1092,11,2025-07-19,Overheating,Material Failure,High,False,Closed
4163,565,11,2025-07-19,Overheating,Supplier Defect,Medium,True,Closed
4164,25,12,2025-07-20,Noise,Supplier Defect,Low,False,Closed
4165,1138,7,2025-07-20,Leakage,Supplier Defect,High,False,Closed
4166,1319,27,2025-07-20,Leakage,Supplier Defect,Low,True,Closed
4167,931,14,2025-07-20,Incorrect Installation,Assembly Error,Low,False,Closed
4168,379,12,2025-07-21,Overheating,Material Failure,High,True,Closed
4169,1137,26,2025-07-21,Breakage,Customer Misuse,Critical,True,Closed
4170,907,13,2025-07-21,Noise,Material Failure,Low,False,Closed
4171,1539,13,2025-07-21,Leakage,Design Issue,Medium,False,Open
4172,1041,18,2025-07-21,Electrical Failure,Design Issue,Medium,True,Closed
4173,501,18,2025-07-22,Electrical Failure,Manufacturing Error,High,False,Closed
4174,341,8,2025-07-22,Leakage,Customer Misuse,Critical,True,Closed
4175,916,9,2025-07-22,Noise,Supplier Defect,Medium,False,Closed
4176,1335,21,2025-07-22,Electrical Failure,Manufacturing Error,Medium,True,Closed
4177,289,8,2025-07-23,Breakage,Design Issue,High,False,Closed
4178,1363,26,2025-07-23,Performance Issue,Supplier Defect,Medium,False,Closed
4179,1785,29,2025-07-23,Breakage,Assembly Error,Medium,True,Closed
4180,1901,11,2025-07-23,Leakage,Design Issue,Critical,True,Closed
4181,209,22,2025-07-24,Performance Issue,Design Issue,Low,False,Closed
4182,693,18,2025-07-24,Software Error,Design Issue,High,True,Closed
4183,1825,24,2025-07-24,Breakage,Customer Misuse,Medium,False,Closed
4184,1010,12,2025-07-25,Overheating,Supplier Defect,Medium,False,Closed
4185,627,17,2025-07-25,Software Error,Supplier Defect,High,False,Closed
4186,1837,14,2025-07-25,Leakage,Material Failure,High,True,Closed
4187,600,24,2025-07-25,Performance Issue,Supplier Defect,Low,True,Closed
4188,1356,18,2025-07-25,Performance Issue,Assembly Error,Medium,False,Closed
4189,1063,9,2025-07-26,Leakage,Customer Misuse,Low,False,Closed
4190,1529,27,2025-07-26,Performance Issue,Design Issue,Medium,True,Closed
4191,763,4,2025-07-26,Breakage,Manufacturing Error,High,True,Closed
4192,1605,7,2025-07-26,Performance Issue,Manufacturing Error,Low,True,Closed
4193,1864,24,2025-07-26,Breakage,Customer Misuse,High,True,Closed
4194,145,27,2025-07-26,Noise,Manufacturing Error,Low,False,Closed
4195,180,13,2025-07-27,Incorrect Installation,Assembly Error,High,False,Closed
4196,1663,27,2025-07-27,Performance Issue,Manufacturing Error,Medium,True,Closed
4197,1591,9,2025-07-27,Performance Issue,Assembly Error,High,False,Closed
4198,458,6,2025-07-27,Leakage,Supplier Defect,Critical,True,Closed
4199,572,18,2025-07-27,Electrical Failure,Supplier Defect,Medium,True,Closed
4200,552,25,2025-07-27,Noise,Supplier Defect,Medium,True,Closed
4201,1528,9,2025-07-27,Performance Issue,Design Issue,Medium,False,Closed
4202,247,22,2025-07-28,Noise,Supplier Defect,Medium,True,Closed
4203,839,14,2025-07-28,Noise,Supplier Defect,Medium,False,Closed
4204,74,26,2025-07-28,Performance Issue,Supplier Defect,Low,False,Closed
4205,709,16,2025-07-28,Software Error,Assembly Error,Low,False,Closed
4206,101,12,2025-07-28,Overheating,Assembly Error,Critical,True,Closed
4207,519,30,2025-07-28,Breakage,Assembly Error,High,True,Closed
4208,299,18,2025-07-28,Incorrect Installation,Assembly Error,Low,False,Closed
4209,672,24,2025-07-29,Noise,Customer Misuse,Medium,False,Closed
4210,195,7,2025-07-29,Leakage,Manufacturing Error,High,False,Closed
4211,215,15,2025-07-29,Performance Issue,Material Failure,Low,False,Closed
4212,1260,28,2025-07-29,Noise,Supplier Defect,Low,False,Closed
4213,1609,29,2025-07-30,Noise,Supplier Defect,Medium,True,Closed
4214,356,14,2025-07-30,Incorrect Installation,Assembly Error,Low,False,Closed
4215,171,11,2025-07-30,Noise,Supplier Defect,Low,False,Closed
4216,858,9,2025-07-31,Performance Issue,Unknown,Medium,False,Under Investigation
4217,379,11,2025-07-31,Noise,Design Issue,High,True,Closed
4218,948,22,2025-07-31,Leakage,Material Failure,High,False,Under Investigation
4219,733,9,2025-07-31,Performance Issue,Supplier Defect,Medium,True,Closed
4220,348,27,2025-08-01,Performance Issue,Manufacturing Error,Medium,True,Closed
4221,865,9,2025-08-01,Leakage,Material Failure,Low,True,Closed
4222,933,30,2025-08-01,Noise,Supplier Defect,Low,True,Closed
4223,1100,21,2025-08-01,Electrical Failure,Manufacturing Error,High,False,Closed
4224,256,18,2025-08-01,Electrical Failure,Supplier Defect,High,False,Closed
4225,214,11,2025-08-01,Breakage,Material Failure,Critical,True,Closed
4226,741,5,2025-08-01,Breakage,Manufacturing Error,Medium,True,Closed
4227,1612,3,2025-08-01,Overheating,Material Failure,High,True,Closed
4228,849,6,2025-08-02,Leakage,Supplier Defect,Medium,True,Closed
4229,291,11,2025-08-02,Overheating,Unknown,Critical,False,Closed
4230,954,11,2025-08-03,Overheating,Supplier Defect,Critical,True,Closed
4231,736,11,2025-08-03,Leakage,Supplier Defect,High,False,Closed
4232,189,27,2025-08-03,Noise,Assembly Error,Medium,False,Closed
4233,812,17,2025-08-04,Performance Issue,Material Failure,Low,True,Closed
4234,1453,22,2025-08-04,Breakage,Supplier Defect,Critical,True,Closed
4235,167,26,2025-08-04,Leakage,Supplier Defect,Low,False,Under Investigation
4236,1316,21,2025-08-04,Overheating,Unknown,Medium,False,Closed
4237,815,11,2025-08-04,Leakage,Supplier Defect,Low,True,Closed
4238,969,23,2025-08-05,Breakage,Unknown,Medium,False,Closed
4239,735,18,2025-08-05,Electrical Failure,Assembly Error,Medium,False,Closed
4240,1286,10,2025-08-05,Noise,Design Issue,High,True,Closed
4241,1131,13,2025-08-05,Leakage,Supplier Defect,Medium,True,Closed
4242,181,7,2025-08-05,Leakage,Supplier Defect,Medium,True,Closed
4243,1586,14,2025-08-05,Leakage,Supplier Defect,High,True,Closed
4244,485,26,2025-08-06,Incorrect Installation,Assembly Error,Low,False,Closed
4245,785,12,2025-08-06,Incorrect Installation,Assembly Error,Medium,True,Closed
4246,414,9,2025-08-06,Breakage,Supplier Defect,High,False,Closed
4247,783,15,2025-08-06,Electrical Failure,Manufacturing Error,Medium,True,Closed
4248,6,28,2025-08-06,Performance Issue,Supplier Defect,High,True,Closed
4249,191,18,2025-08-07,Software Error,Supplier Defect,Low,False,Closed
4250,457,23,2025-08-07,Incorrect Installation,Assembly Error,Medium,False,Closed
4251,21,7,2025-08-07,Breakage,Material Failure,High,True,Closed
4252,669,16,2025-08-07,Performance Issue,Supplier Defect,Medium,False,Closed
4253,884,9,2025-08-08,Breakage,Material Failure,High,True,Closed
4254,512,7,2025-08-08,Noise,Manufacturing Error,Medium,False,Closed
4255,1385,23,2025-08-08,Noise,Customer Misuse,Low,False,Closed
4256,804,21,2025-08-08,Electrical Failure,Manufacturing Error,Low,True,Closed
4257,145,8,2025-08-09,Incorrect Installation,Assembly Error,Low,False,Closed
4258,734,11,2025-08-10,Leakage,Supplier Defect,Critical,True,Closed
4259,1703,1,2025-08-10,Noise,Manufacturing Error,Low,True,Closed
4260,510,7,2025-08-10,Noise,Customer Misuse,High,False,Closed
4261,530,7,2025-08-11,Breakage,Material Failure,Medium,False,Closed
4262,736,13,2025-08-12,Overheating,Design Issue,Low,True,Closed
4263,421,13,2025-08-12,Leakage,Manufacturing Error,Medium,False,Closed
4264,144,12,2025-08-12,Incorrect Installation,Assembly Error,Medium,False,Closed
4265,750,22,2025-08-13,Performance Issue,Supplier Defect,Low,False,Closed
4266,664,11,2025-08-13,Overheating,Manufacturing Error,High,True,Closed
4267,1057,9,2025-08-13,Noise,Supplier Defect,Medium,True,Closed
4268,1269,14,2025-08-13,Breakage,Supplier Defect,High,False,Closed
4269,699,4,2025-08-13,Noise,Manufacturing Error,Low,False,Closed
4270,581,27,2025-08-13,Noise,Material Failure,Medium,True,Closed
4271,104,4,2025-08-13,Overheating,Supplier Defect,Low,False,Closed
4272,57,11,2025-08-14,Leakage,Design Issue,Medium,False,Closed
4273,325,8,2025-08-14,Noise,Manufacturing Error,Medium,False,Closed
4274,1610,1,2025-08-14,Breakage,Supplier Defect,Low,False,Closed
4275,424,30,2025-08-14,Noise,Supplier Defect,Low,False,Closed
4276,474,1,2025-08-15,Breakage,Supplier Defect,High,False,Closed
4277,1638,11,2025-08-15,Noise,Customer Misuse,Low,False,Closed
4278,76,27,2025-08-15,Incorrect Installation,Assembly Error,Low,False,Closed
4279,985,13,2025-08-15,Leakage,Customer Misuse,Medium,True,Closed
4280,1455,28,2025-08-15,Leakage,Supplier Defect,Medium,False,Closed
4281,621,22,2025-08-16,Noise,Design Issue,Medium,False,Closed
4282,84,27,2025-08-16,Leakage,Assembly Error,High,True,Closed
4283,356,30,2025-08-16,Breakage,Manufacturing Error,Critical,True,Closed
4284,784,22,2025-08-16,Incorrect Installation,Assembly Error,Medium,False,Closed
4285,362,7,2025-08-16,Performance Issue,Supplier Defect,Low,False,Closed
4286,1495,20,2025-08-16,Electrical Failure,Manufacturing Error,Low,False,Closed
4287,1296,4,2025-08-16,Overheating,Manufacturing Error,Medium,True,Closed
4288,1643,7,2025-08-16,Noise,Design Issue,Medium,True,Closed
4289,894,27,2025-08-17,Performance Issue,Supplier Defect,Low,False,Closed
4290,1109,3,2025-08-17,Performance Issue,Manufacturing Error,Medium,True,Closed
4291,99,14,2025-08-17,Leakage,Unknown,High,True,Closed
4292,1457,24,2025-08-17,Noise,Assembly Error,Medium,True,Closed
4293,568,25,2025-08-17,Incorrect Installation,Assembly Error,Low,False,Closed
4294,1459,25,2025-08-18,Incorrect Installation,Assembly Error,Medium,False,Closed
4295,65,11,2025-08-18,Leakage,Design Issue,High,False,Closed
4296,472,24,2025-08-18,Performance Issue,Material Failure,Medium,True,Closed
4297,1458,10,2025-08-18,Performance Issue,Design Issue,Low,True,Closed
4298,1992,23,2025-08-18,Leakage,Supplier Defect,High,False,Closed
4299,383,2,2025-08-19,Breakage,Manufacturing Error,Medium,False,Closed
4300,1546,9,2025-08-19,Leakage,Design Issue,Low,False,Closed
4301,1337,12,2025-08-19,Incorrect Installation,Assembly Error,High,True,Closed
4302,1017,26,2025-08-19,Performance Issue,Material Failure,Medium,False,Closed
4303,10,11,2025-08-19,Leakage,Design Issue,High,True,Closed
4304,1831,15,2025-08-19,Performance Issue,Design Issue,Low,False,Closed
4305,1110,2,2025-08-19,Performance Issue,Material Failure,Low,False,Closed
4306,1757,3,2025-08-20,Leakage,Unknown,Medium,False,Closed
4307,1138,27,2025-08-20,Noise,Manufacturing Error,Low,False,Closed
4308,285,24,2025-08-20,Leakage,Manufacturing Error,Medium,False,Closed
4309,1664,11,2025-08-20,Leakage,Manufacturing Error,Medium,False,Closed
4310,1026,24,2025-08-20,Breakage,Manufacturing Error,Medium,False,Closed
4311,200,27,2025-08-21,Performance Issue,Supplier Defect,Low,False,Closed
4312,1440,20,2025-08-21,Overheating,Supplier Defect,High,True,Closed
4313,1812,13,2025-08-22,Leakage,Design Issue,High,True,Closed
4314,1743,7,2025-08-22,Performance Issue,Supplier Defect,Low,True,Closed
4315,1755,6,2025-08-22,Breakage,Material Failure,Critical,True,Closed
4316,753,14,2025-08-22,Overheating,Manufacturing Error,Critical,True,Closed
4317,1408,9,2025-08-22,Performance Issue,Manufacturing Error,High,True,Closed
4318,256,3,2025-08-22,Breakage,Material Failure,Medium,False,Closed
4319,552,26,2025-08-23,Performance Issue,Manufacturing Error,Medium,True,Closed
4320,1573,16,2025-08-23,Performance Issue,Design Issue,Medium,False,Closed
4321,1490,7,2025-08-23,Performance Issue,Customer Misuse,High,True,Closed
4322,859,6,2025-08-23,Leakage,Design Issue,Low,False,Closed
4323,129,13,2025-08-24,Leakage,Supplier Defect,Medium,True,Closed
4324,1824,7,2025-08-24,Leakage,Design Issue,High,True,Closed
4325,1211,15,2025-08-25,Electrical Failure,Assembly Error,High,True,Closed
4326,165,27,2025-08-25,Performance Issue,Supplier Defect,Critical,True,Closed
4327,1791,27,2025-08-25,Performance Issue,Supplier Defect,Medium,False,Closed
4328,1056,11,2025-08-25,Leakage,Manufacturing Error,Low,False,Closed
4329,9,27,2025-08-26,Incorrect Installation,Assembly Error,High,True,Closed
4330,1057,9,2025-08-26,Performance Issue,Customer Misuse,Medium,True,Closed
4331,1091,22,2025-08-26,Breakage,Material Failure,Medium,True,Closed
4332,111,16,2025-08-26,Incorrect Installation,Assembly Error,Low,False,Under Investigation
4333,1136,26,2025-08-26,Performance Issue,Manufacturing Error,Medium,False,Closed
4334,1698,24,2025-08-26,Leakage,Manufacturing Error,Medium,True,Closed
4335,11,18,2025-08-27,Electrical Failure,Manufacturing Error,Medium,True,Closed
4336,941,11,2025-08-28,Overheating,Supplier Defect,Critical,True,Closed
4337,1649,30,2025-08-28,Breakage,Manufacturing Error,Low,False,Closed
4338,406,25,2025-08-28,Leakage,Supplier Defect,Medium,False,Closed
4339,1657,24,2025-08-28,Leakage,Assembly Error,Low,True,Closed
4340,1710,13,2025-08-28,Breakage,Material Failure,Medium,False,Under Investigation
4341,1023,14,2025-08-29,Overheating,Supplier Defect,Critical,True,Closed
4342,1742,23,2025-08-29,Breakage,Supplier Defect,Medium,True,Closed
4343,231,18,2025-08-29,Software Error,Supplier Defect,Critical,False,Closed
4344,1293,27,2025-08-29,Incorrect Installation,Assembly Error,Medium,False,Closed
4345,877,1,2025-08-29,Noise,Manufacturing Error,Low,False,Closed
4346,168,28,2025-08-29,Incorrect Installation,Assembly Error,Low,True,Closed
4347,18,9,2025-08-29,Noise,Unknown,Medium,True,Closed
4348,1014,3,2025-08-30,Breakage,Design Issue,Critical,True,Closed
4349,1589,11,2025-08-30,Breakage,Supplier Defect,Medium,True,Closed
4350,118,12,2025-08-30,Overheating,Assembly Error,Medium,True,Closed
4351,1867,16,2025-08-30,Electrical Failure,Supplier Defect,High,False,Closed
4352,1071,11,2025-08-30,Overheating,Supplier Defect,High,True,Closed
4353,1033,20,2025-08-30,Electrical Failure,Supplier Defect,Medium,False,Closed
4354,396,12,2025-08-30,Noise,Manufacturing Error,Low,False,Closed
4355,1006,7,2025-08-30,Noise,Assembly Error,Low,False,Closed
4356,1851,14,2025-08-30,Overheating,Material Failure,Medium,False,Closed
4357,1152,4,2025-08-31,Overheating,Supplier Defect,Medium,False,Closed
4358,1685,12,2025-08-31,Overheating,Supplier Defect,High,False,Closed
4359,1120,14,2025-08-31,Leakage,Supplier Defect,Low,False,Closed
4360,1707,7,2025-08-31,Performance Issue,Material Failure,Low,True,Closed
4361,625,4,2025-08-31,Overheating,Material Failure,High,True,Closed
4362,69,21,2025-08-31,Overheating,Supplier Defect,High,True,Closed
4363,949,20,2025-09-01,Overheating,Supplier Defect,Medium,True,Closed
4364,1540,13,2025-09-01,Overheating,Supplier Defect,High,True,Closed
4365,231,8,2025-09-01,Noise,Manufacturing Error,Medium,False,Closed
4366,250,19,2025-09-01,Overheating,Material Failure,Critical,True,Closed
4367,899,29,2025-09-01,Leakage,Design Issue,High,True,Closed
4368,664,11,2025-09-02,Leakage,Customer Misuse,Medium,False,Closed
4369,1032,23,2025-09-02,Noise,Unknown,Medium,True,Closed
4370,384,11,2025-09-02,Overheating,Design Issue,High,True,Closed
4371,1323,17,2025-09-03,Software Error,Material Failure,Low,False,Closed
4372,47,27,2025-09-03,Leakage,Assembly Error,Medium,True,Closed
4373,999,27,2025-09-04,Leakage,Material Failure,Medium,True,Closed
4374,1821,7,2025-09-04,Performance Issue,Material Failure,High,True,Closed
4375,1261,7,2025-09-05,Breakage,Material Failure,Medium,True,Closed
4376,181,11,2025-09-05,Breakage,Supplier Defect,Medium,False,Closed
4377,802,24,2025-09-05,Noise,Material Failure,Low,False,Closed
4378,864,22,2025-09-06,Noise,Supplier Defect,Medium,False,Under Investigation
4379,61,20,2025-09-06,Electrical Failure,Manufacturing Error,High,False,Closed
4380,784,22,2025-09-07,Performance Issue,Customer Misuse,Medium,False,Closed
4381,60,27,2025-09-07,Performance Issue,Supplier Defect,Medium,False,Closed
4382,1979,26,2025-09-07,Performance Issue,Material Failure,High,True,Closed
4383,1307,8,2025-09-07,Performance Issue,Supplier Defect,Medium,True,Closed
4384,171,22,2025-09-07,Performance Issue,Supplier Defect,High,False,Closed
4385,1402,27,2025-09-07,Incorrect Installation,Assembly Error,Low,False,Closed
4386,1177,9,2025-09-08,Leakage,Material Failure,Low,False,Closed
4387,1213,9,2025-09-08,Noise,Material Failure,Low,True,Closed
4388,366,24,2025-09-08,Breakage,Material Failure,High,True,Closed
4389,1182,15,2025-09-08,Electrical Failure,Design Issue,High,False,Closed
4390,287,7,2025-09-08,Breakage,Assembly Error,Critical,True,Closed
4391,162,2,2025-09-09,Breakage,Material Failure,High,True,Closed
4392,1693,18,2025-09-09,Software Error,Supplier Defect,Medium,True,Closed
4393,55,27,2025-09-09,Leakage,Assembly Error,Medium,True,Closed
4394,65,18,2025-09-09,Software Error,Supplier Defect,Critical,True,Closed
4395,619,6,2025-09-10,Noise,Supplier Defect,High,True,Closed
4396,103,5,2025-09-10,Performance Issue,Assembly Error,Medium,False,Closed
4397,1131,15,2025-09-10,Electrical Failure,Unknown,Medium,False,Closed
4398,823,5,2025-09-10,Breakage,Design Issue,Medium,False,Closed
4399,428,20,2025-09-11,Electrical Failure,Supplier Defect,Medium,True,Closed
4400,1532,21,2025-09-11,Electrical Failure,Supplier Defect,Medium,True,Closed
4401,965,11,2025-09-11,Noise,Supplier Defect,Medium,True,Closed
4402,517,10,2025-09-11,Noise,Material Failure,Low,False,Closed
4403,948,25,2025-09-11,Noise,Customer Misuse,Medium,False,Closed
4404,1871,8,2025-09-12,Leakage,Supplier Defect,Medium,False,Closed
4405,915,27,2025-09-12,Performance Issue,Material Failure,Low,False,Closed
4406,986,12,2025-09-12,Noise,Supplier Defect,Low,False,Closed
4407,1382,23,2025-09-12,Breakage,Supplier Defect,Critical,True,Closed
4408,681,30,2025-09-12,Noise,Assembly Error,Low,False,Closed
4409,95,17,2025-09-13,Software Error,Supplier Defect,Low,False,Closed
4410,1912,27,2025-09-13,Noise,Supplier Defect,Low,False,Closed
4411,1282,30,2025-09-13,Noise,Supplier Defect,Medium,False,Under Investigation
4412,1502,21,2025-09-13,Overheating,Supplier Defect,High,True,Closed
4413,491,3,2025-09-14,Performance Issue,Material Failure,Low,False,Closed
4414,752,7,2025-09-14,Performance Issue,Design Issue,Medium,True,Closed
4415,242,27,2025-09-14,Performance Issue,Supplier Defect,Medium,True,Closed
4416,1543,7,2025-09-15,Incorrect Installation,Assembly Error,Low,False,Closed
4417,1067,12,2025-09-15,Incorrect Installation,Assembly Error,Medium,True,Closed
4418,1196,1,2025-09-15,Incorrect Installation,Assembly Error,Medium,False,Closed
4419,1129,8,2025-09-15,Performance Issue,Supplier Defect,Medium,True,Closed
4420,1748,8,2025-09-15,Performance Issue,Manufacturing Error,Medium,False,Closed
4421,1143,11,2025-09-15,Incorrect Installation,Assembly Error,Medium,False,Closed
4422,58,23,2025-09-15,Breakage,Manufacturing Error,High,True,Closed
4423,149,27,2025-09-16,Performance Issue,Manufacturing Error,Low,False,Closed
4424,1893,4,2025-09-16,Incorrect Installation,Assembly Error,Medium,False,Closed
4425,365,28,2025-09-16,Leakage,Material Failure,Medium,True,Closed
4426,1899,5,2025-09-16,Breakage,Manufacturing Error,Medium,False,Under Investigation
4427,1008,22,2025-09-17,Breakage,Customer Misuse,Medium,False,Closed
4428,1814,16,2025-09-17,Incorrect Installation,Assembly Error,High,True,Closed
4429,919,9,2025-09-17,Noise,Customer Misuse,Low,True,Closed
4430,562,8,2025-09-17,Breakage,Supplier Defect,Medium,True,Closed
4431,916,29,2025-09-18,Breakage,Manufacturing Error,High,True,Closed
4432,387,13,2025-09-18,Overheating,Material Failure,Medium,False,Closed
4433,1247,16,2025-09-18,Software Error,Supplier Defect,High,True,Closed
4434,1431,6,2025-09-18,Noise,Supplier Defect,Low,False,Closed
4435,1423,12,2025-09-19,Breakage,Unknown,Critical,True,Closed
4436,1876,7,2025-09-19,Performance Issue,Design Issue,Medium,True,Closed
4437,5,7,2025-09-19,Breakage,Assembly Error,Critical,True,Closed
4438,937,21,2025-09-20,Electrical Failure,Assembly Error,Medium,False,Closed
4439,5,27,2025-09-20,Leakage,Design Issue,Low,False,Closed
4440,60,6,2025-09-20,Performance Issue,Supplier Defect,Medium,True,Closed
4441,603,8,2025-09-20,Performance Issue,Supplier Defect,Medium,True,Closed
4442,1646,17,2025-09-20,Incorrect Installation,Assembly Error,Low,True,Closed
4443,1033,22,2025-09-21,Leakage,Supplier Defect,Low,False,Closed
4444,363,18,2025-09-21,Software Error,Supplier Defect,Critical,True,Closed
4445,1422,5,2025-09-21,Breakage,Assembly Error,Low,False,Closed
4446,346,11,2025-09-21,Breakage,Manufacturing Error,High,True,Closed
4447,1115,29,2025-09-21,Incorrect Installation,Assembly Error,Low,False,Closed
4448,1438,18,2025-09-21,Electrical Failure,Manufacturing Error,Medium,True,Closed
4449,550,12,2025-09-21,Overheating,Supplier Defect,High,False,Closed
4450,1153,7,2025-09-22,Performance Issue,Material Failure,High,False,Closed
4451,489,15,2025-09-22,Electrical Failure,Manufacturing Error,Medium,True,Closed
4452,1481,1,2025-09-22,Overheating,Design Issue,Critical,True,Closed
4453,981,24,2025-09-22,Noise,Customer Misuse,Low,False,Closed
4454,1317,29,2025-09-22,Incorrect Installation,Assembly Error,Medium,False,Closed
4455,424,27,2025-09-22,Incorrect Installation,Assembly Error,Medium,False,Closed
4456,471,18,2025-09-22,Software Error,Supplier Defect,Medium,True,Closed
4457,476,21,2025-09-22,Electrical Failure,Material Failure,Low,False,Closed
4458,368,1,2025-09-22,Incorrect Installation,Assembly Error,Critical,True,Closed
4459,1361,8,2025-09-22,Performance Issue,Unknown,Medium,False,Closed
4460,418,30,2025-09-22,Noise,Supplier Defect,Low,True,Closed
4461,717,27,2025-09-23,Performance Issue,Assembly Error,Low,True,Closed
4462,226,13,2025-09-23,Leakage,Design Issue,Medium,False,Closed
4463,1533,24,2025-09-24,Performance Issue,Customer Misuse,High,True,Closed
4464,1587,18,2025-09-24,Performance Issue,Supplier Defect,Low,True,Open
4465,1425,7,2025-09-24,Noise,Customer Misuse,Low,True,Closed
4466,1294,28,2025-09-24,Electrical Failure,Manufacturing Error,Medium,True,Closed
4467,1015,19,2025-09-24,Electrical Failure,Supplier Defect,High,True,Closed
4468,1082,7,2025-09-25,Incorrect Installation,Assembly Error,Low,False,Under Investigation
4469,1104,22,2025-09-25,Performance Issue,Customer Misuse,Low,False,Closed
4470,1362,28,2025-09-25,Noise,Design Issue,Medium,False,Closed
4471,940,18,2025-09-25,Electrical Failure,Manufacturing Error,Critical,True,Closed
4472,61,8,2025-09-25,Breakage,Material Failure,Medium,False,Closed
4473,726,27,2025-09-25,Leakage,Supplier Defect,Low,False,Closed
4474,755,29,2025-09-26,Breakage,Supplier Defect,Medium,False,Closed
4475,1776,30,2025-09-26,Noise,Supplier Defect,Medium,True,Closed
4476,636,16,2025-09-26,Software Error,Supplier Defect,Medium,True,Closed
4477,355,24,2025-09-26,Performance Issue,Supplier Defect,Medium,False,Closed
4478,1277,9,2025-09-27,Performance Issue,Assembly Error,Medium,True,Closed
4479,530,6,2025-09-27,Performance Issue,Customer Misuse,Medium,True,Closed
4480,80,23,2025-09-27,Breakage,Supplier Defect,High,False,Closed
4481,130,3,2025-09-27,Performance Issue,Manufacturing Error,High,False,Closed
4482,184,10,2025-09-27,Breakage,Manufacturing Error,Critical,True,Closed
4483,610,29,2025-09-27,Performance Issue,Manufacturing Error,High,False,Closed
4484,522,26,2025-09-27,Performance Issue,Supplier Defect,Medium,True,Closed
4485,765,14,2025-09-27,Leakage,Material Failure,Low,False,Closed
4486,1123,12,2025-09-27,Leakage,Supplier Defect,High,False,Closed
4487,214,19,2025-09-28,Electrical Failure,Design Issue,High,True,Closed
4488,1417,27,2025-09-28,Performance Issue,Manufacturing Error,Medium,False,Closed
4489,1726,19,2025-09-28,Performance Issue,Manufacturing Error,High,True,Closed
4490,917,4,2025-09-29,Leakage,Design Issue,Medium,False,Closed
4491,645,4,2025-09-29,Breakage,Material Failure,High,True,Closed
4492,1053,2,2025-09-29,Overheating,Manufacturing Error,Medium,False,Closed
4493,1889,9,2025-09-29,Noise,Material Failure,High,True,Closed
4494,1158,22,2025-09-29,Noise,Material Failure,Low,False,Closed
4495,1664,12,2025-09-29,Leakage,Customer Misuse,Medium,False,Closed
4496,1846,22,2025-09-30,Performance Issue,Supplier Defect,Low,True,Closed
4497,408,12,2025-09-30,Leakage,Manufacturing Error,High,True,Under Investigation
4498,719,20,2025-09-30,Electrical Failure,Manufacturing Error,Medium,False,Closed
4499,1157,26,2025-09-30,Noise,Assembly Error,Medium,False,Closed
4500,7,12,2025-09-30,Overheating,Unknown,Medium,True,Closed
4501,1087,27,2025-10-01,Performance Issue,Customer Misuse,Low,False,Closed
4502,672,7,2025-10-01,Incorrect Installation,Assembly Error,High,True,Closed
4503,1848,18,2025-10-01,Performance Issue,Material Failure,Low,True,Closed
4504,1320,22,2025-10-01,Noise,Unknown,Low,False,Under Investigation
4505,834,1,2025-10-01,Incorrect Installation,Assembly Error,High,True,Closed
4506,1653,8,2025-10-01,Breakage,Supplier Defect,High,True,Closed
4507,1005,27,2025-10-02,Incorrect Installation,Assembly Error,Low,True,Open
4508,482,27,2025-10-02,Leakage,Material Failure,Low,False,Open
4509,1298,5,2025-10-02,Noise,Assembly Error,Medium,False,Closed
4510,1220,15,2025-10-02,Electrical Failure,Supplier Defect,Medium,False,Under Investigation
4511,197,11,2025-10-02,Overheating,Material Failure,Low,False,Closed
4512,1693,18,2025-10-03,Performance Issue,Manufacturing Error,Medium,False,Closed
4513,728,3,2025-10-03,Breakage,Supplier Defect,High,True,Closed
4514,165,4,2025-10-03,Noise,Assembly Error,Medium,True,Closed
4515,160,11,2025-10-03,Overheating,Manufacturing Error,High,True,Closed
4516,44,8,2025-10-04,Incorrect Installation,Assembly Error,Medium,False,Closed
4517,354,22,2025-10-04,Noise,Supplier Defect,Low,False,Closed
4518,1484,29,2025-10-04,Noise,Manufacturing Error,Low,False,Closed
4519,617,5,2025-10-04,Breakage,Supplier Defect,Medium,False,Closed
4520,461,5,2025-10-04,Performance Issue,Customer Misuse,Critical,False,Closed
4521,1158,16,2025-10-05,Software Error,Manufacturing Error,Medium,False,Closed
4522,1682,9,2025-10-05,Performance Issue,Material Failure,Low,False,Closed
4523,312,18,2025-10-05,Software Error,Manufacturing Error,Low,False,Closed
4524,602,11,2025-10-05,Leakage,Material Failure,High,False,Closed
4525,255,14,2025-10-05,Overheating,Manufacturing Error,Medium,True,Closed
4526,898,7,2025-10-05,Noise,Design Issue,Medium,True,Under Investigation
4527,708,24,2025-10-06,Breakage,Manufacturing Error,Medium,False,Under Investigation
4528,779,8,2025-10-06,Performance Issue,Manufacturing Error,Medium,False,Closed
4529,1356,27,2025-10-06,Performance Issue,Material Failure,Medium,False,Closed
4530,210,18,2025-10-06,Electrical Failure,Design Issue,Low,False,Open
4531,522,18,2025-10-07,Electrical Failure,Supplier Defect,Low,True,Closed
4532,109,29,2025-10-07,Noise,Manufacturing Error,Medium,False,Closed
4533,927,30,2025-10-07,Breakage,Assembly Error,Medium,False,Closed
4534,511,18,2025-10-07,Electrical Failure,Customer Misuse,Low,False,Closed
4535,1738,24,2025-10-07,Noise,Supplier Defect,Medium,True,Open
4536,519,12,2025-10-07,Overheating,Manufacturing Error,High,True,Under Investigation
4537,827,21,2025-10-07,Electrical Failure,Material Failure,Medium,True,Open
4538,98,18,2025-10-08,Electrical Failure,Supplier Defect,High,False,Closed
4539,594,24,2025-10-08,Noise,Manufacturing Error,Low,False,Open
4540,787,13,2025-10-08,Leakage,Design Issue,Medium,False,Closed
4541,611,27,2025-10-09,Performance Issue,Design Issue,Low,True,Closed
4542,1985,26,2025-10-10,Incorrect Installation,Assembly Error,Medium,True,Closed
4543,759,25,2025-10-10,Performance Issue,Manufacturing Error,Low,False,Under Investigation
4544,1230,16,2025-10-10,Electrical Failure,Design Issue,High,True,Closed
4545,1602,14,2025-10-10,Overheating,Customer Misuse,Medium,False,Closed
4546,1395,15,2025-10-11,Electrical Failure,Manufacturing Error,Medium,True,Closed
4547,488,7,2025-10-11,Leakage,Manufacturing Error,Medium,False,Closed
4548,311,28,2025-10-11,Noise,Manufacturing Error,Medium,False,Closed
4549,1836,9,2025-10-11,Breakage,Design Issue,High,False,Closed
4550,129,22,2025-10-11,Noise,Manufacturing Error,High,False,Closed
4551,28,5,2025-10-12,Incorrect Installation,Assembly Error,High,True,Closed
4552,285,24,2025-10-12,Breakage,Manufacturing Error,Medium,True,Closed
4553,1539,16,2025-10-12,Software Error,Unknown,Medium,False,Closed
4554,987,15,2025-10-12,Software Error,Supplier Defect,Medium,False,Closed
4555,12,24,2025-10-12,Performance Issue,Manufacturing Error,Low,False,Under Investigation
4556,59,28,2025-10-12,Incorrect Installation,Assembly Error,Medium,True,Under Investigation
4557,100,21,2025-10-13,Performance Issue,Unknown,Low,False,Closed
4558,623,9,2025-10-13,Noise,Customer Misuse,Medium,True,Closed
4559,1165,30,2025-10-13,Breakage,Design Issue,High,False,Closed
4560,1027,7,2025-10-13,Performance Issue,Manufacturing Error,Low,True,Closed
4561,1166,16,2025-10-13,Performance Issue,Customer Misuse,Medium,False,Closed
4562,840,28,2025-10-13,Leakage,Manufacturing Error,High,False,Closed
4563,1915,21,2025-10-14,Electrical Failure,Supplier Defect,High,True,Closed
4564,700,1,2025-10-14,Breakage,Material Failure,High,True,Closed
4565,882,8,2025-10-15,Leakage,Material Failure,Medium,False,Closed
4566,1411,21,2025-10-15,Electrical Failure,Supplier Defect,High,True,Closed
4567,178,11,2025-10-15,Overheating,Supplier Defect,Medium,False,Closed
4568,1602,15,2025-10-16,Electrical Failure,Supplier Defect,Medium,True,Closed
4569,687,29,2025-10-16,Noise,Material Failure,Medium,True,Closed
4570,1496,10,2025-10-16,Performance Issue,Supplier Defect,Medium,False,Closed
4571,1840,8,2025-10-16,Breakage,Assembly Error,High,False,Closed
4572,400,3,2025-10-16,Overheating,Manufacturing Error,Medium,False,Closed
4573,736,16,2025-10-17,Electrical Failure,Manufacturing Error,Medium,False,Closed
4574,1536,27,2025-10-17,Noise,Manufacturing Error,Low,False,Closed
4575,201,27,2025-10-17,Noise,Customer Misuse,Medium,False,Closed
4576,1235,6,2025-10-18,Leakage,Material Failure,High,True,Open
4577,278,4,2025-10-18,Overheating,Material Failure,High,True,Closed
4578,279,7,2025-10-18,Breakage,Supplier Defect,High,True,Closed
4579,220,23,2025-10-19,Performance Issue,Customer Misuse,High,False,Closed
4580,214,8,2025-10-19,Leakage,Supplier Defect,Medium,True,Closed
4581,90,18,2025-10-19,Electrical Failure,Manufacturing Error,Medium,True,Closed
4582,1879,15,2025-10-19,Electrical Failure,Unknown,Critical,True,Closed
4583,713,13,2025-10-19,Overheating,Design Issue,Critical,True,Closed
4584,424,15,2025-10-19,Electrical Failure,Supplier Defect,Medium,True,Closed
4585,1904,19,2025-10-19,Performance Issue,Supplier Defect,Low,False,Closed
4586,313,25,2025-10-19,Breakage,Manufacturing Error,Medium,False,Closed
4587,1428,8,2025-10-19,Noise,Material Failure,High,True,Under Investigation
4588,1377,30,2025-10-20,Breakage,Customer Misuse,Medium,True,Closed
4589,1791,12,2025-10-20,Overheating,Material Failure,High,True,Closed
4590,217,28,2025-10-20,Leakage,Supplier Defect,Medium,True,Closed
4591,1864,30,2025-10-21,Incorrect Installation,Assembly Error,Medium,True,Open
4592,981,24,2025-10-21,Performance Issue,Customer Misuse,Medium,False,Closed
4593,1598,13,2025-10-21,Incorrect Installation,Assembly Error,Medium,True,Closed
4594,919,4,2025-10-21,Performance Issue,Material Failure,Medium,False,Closed
4595,1909,27,2025-10-22,Noise,Assembly Error,High,True,Closed
4596,246,25,2025-10-22,Breakage,Design Issue,Low,False,Open
4597,415,7,2025-10-22,Performance Issue,Manufacturing Error,High,False,Closed
4598,1366,27,2025-10-22,Leakage,Customer Misuse,Medium,False,Closed
4599,870,13,2025-10-22,Leakage,Material Failure,Medium,False,Closed
4600,1446,30,2025-10-22,Noise,Customer Misuse,Medium,False,Closed
4601,60,15,2025-10-22,Software Error,Customer Misuse,Medium,True,Closed
4602,880,26,2025-10-23,Leakage,Unknown,Medium,False,Closed
4603,1147,23,2025-10-23,Noise,Customer Misuse,Low,False,Closed
4604,296,10,2025-10-24,Performance Issue,Manufacturing Error,Low,False,Closed
4605,637,2,2025-10-24,Leakage,Supplier Defect,Low,False,Closed
4606,1422,30,2025-10-24,Breakage,Supplier Defect,High,True,Closed
4607,1494,12,2025-10-25,Leakage,Supplier Defect,Medium,True,Closed
4608,1158,2,2025-10-25,Incorrect Installation,Assembly Error,Low,True,Open
4609,613,27,2025-10-25,Noise,Supplier Defect,Low,False,Under Investigation
4610,1186,22,2025-10-25,Noise,Unknown,Low,False,Closed
4611,1572,26,2025-10-25,Noise,Customer Misuse,Medium,False,Closed
4612,735,11,2025-10-25,Overheating,Supplier Defect,High,False,Closed
4613,350,12,2025-10-25,Incorrect Installation,Assembly Error,Medium,True,Closed
4614,1495,21,2025-10-26,Electrical Failure,Supplier Defect,High,True,Under Investigation
4615,975,14,2025-10-26,Overheating,Design Issue,High,True,Closed
4616,310,15,2025-10-26,Electrical Failure,Supplier Defect,Low,True,Closed
4617,1097,11,2025-10-26,Noise,Design Issue,Low,True,Closed
4618,1620,11,2025-10-27,Leakage,Manufacturing Error,High,True,Open
4619,1842,20,2025-10-27,Electrical Failure,Design Issue,High,True,Closed
4620,338,9,2025-10-27,Performance Issue,Manufacturing Error,High,True,Under Investigation
4621,310,12,2025-10-27,Overheating,Manufacturing Error,Critical,False,Under Investigation
4622,1982,23,2025-10-27,Leakage,Manufacturing Error,High,False,Closed
4623,970,8,2025-10-28,Leakage,Manufacturing Error,High,True,Closed
4624,186,14,2025-10-28,Leakage,Manufacturing Error,Medium,False,Closed
4625,45,23,2025-10-28,Performance Issue,Material Failure,Medium,False,Closed
4626,4,8,2025-10-29,Noise,Customer Misuse,Low,False,Closed
4627,1603,10,2025-10-29,Breakage,Assembly Error,High,True,Open
4628,39,16,2025-10-29,Incorrect Installation,Assembly Error,Low,True,Closed
4629,259,7,2025-10-29,Performance Issue,Material Failure,Low,False,Closed
4630,388,18,2025-10-29,Performance Issue,Supplier Defect,Medium,True,Closed
4631,1035,8,2025-10-30,Noise,Supplier Defect,Low,True,Closed
4632,1006,15,2025-10-30,Performance Issue,Design Issue,Low,False,Closed
4633,1672,30,2025-10-31,Incorrect Installation,Assembly Error,High,True,Closed
4634,678,10,2025-10-31,Noise,Material Failure,High,True,Closed
4635,914,22,2025-11-01,Noise,Material Failure,Low,False,Closed
4636,1697,16,2025-11-01,Electrical Failure,Material Failure,Medium,True,Closed
4637,1937,7,2025-11-02,Noise,Supplier Defect,Medium,True,Closed
4638,1155,14,2025-11-02,Overheating,Unknown,Medium,False,Closed
4639,1148,8,2025-11-02,Performance Issue,Manufacturing Error,Medium,True,Under Investigation
4640,1527,26,2025-11-02,Performance Issue,Unknown,High,True,Closed
4641,863,18,2025-11-02,Electrical Failure,Supplier Defect,Medium,False,Closed
4642,1958,12,2025-11-02,Overheating,Manufacturing Error,Medium,False,Open
4643,34,15,2025-11-02,Electrical Failure,Supplier Defect,Medium,False,Closed
4644,477,9,2025-11-02,Noise,Customer Misuse,Low,False,Closed
4645,952,21,2025-11-02,Overheating,Assembly Error,Medium,False,Closed
4646,1165,22,2025-11-02,Noise,Manufacturing Error,Medium,False,Closed
4647,1532,24,2025-11-03,Noise,Assembly Error,Low,False,Closed
4648,722,11,2025-11-03,Breakage,Material Failure,Medium,True,Under Investigation
4649,164,10,2025-11-03,Performance Issue,Supplier Defect,Medium,False,Closed
4650,1972,11,2025-11-03,Leakage,Assembly Error,High,False,Closed
4651,120,19,2025-11-03,Electrical Failure,Assembly Error,Medium,True,Closed
4652,1309,24,2025-11-03,Breakage,Assembly Error,High,True,Closed
4653,24,21,2025-11-04,Performance Issue,Supplier Defect,Medium,True,Closed
4654,1407,9,2025-11-04,Breakage,Unknown,High,True,Under Investigation
4655,1082,24,2025-11-04,Leakage,Material Failure,Medium,True,Closed
4656,1230,18,2025-11-04,Software Error,Customer Misuse,High,True,Closed
4657,653,22,2025-11-04,Incorrect Installation,Assembly Error,Medium,True,Closed
4658,404,24,2025-11-04,Noise,Material Failure,Low,True,Closed
4659,1708,18,2025-11-04,Electrical Failure,Supplier Defect,High,False,Closed
4660,1812,22,2025-11-04,Breakage,Supplier Defect,High,False,Closed
4661,61,9,2025-11-05,Leakage,Design Issue,High,True,Closed
4662,1068,1,2025-11-05,Performance Issue,Manufacturing Error,Medium,True,Closed
4663,918,18,2025-11-05,Software Error,Supplier Defect,Low,False,Closed
4664,1724,14,2025-11-05,Leakage,Supplier Defect,Low,False,Closed
4665,1708,24,2025-11-05,Breakage,Material Failure,Medium,False,Closed
4666,743,14,2025-11-05,Leakage,Supplier Defect,Low,False,Closed
4667,1610,8,2025-11-05,Incorrect Installation,Assembly Error,Low,False,Closed
4668,1928,22,2025-11-05,Noise,Supplier Defect,Medium,False,Closed
4669,1915,24,2025-11-06,Breakage,Unknown,Medium,False,Closed
4670,1305,5,2025-11-06,Breakage,Supplier Defect,Low,False,Open
4671,1816,7,2025-11-06,Leakage,Unknown,Critical,True,Closed
4672,999,18,2025-11-06,Software Error,Supplier Defect,Low,False,Open
4673,34,3,2025-11-07,Leakage,Material Failure,Medium,True,Closed
4674,1433,26,2025-11-07,Leakage,Material Failure,Medium,True,Closed
4675,1534,15,2025-11-07,Software Error,Customer Misuse,Medium,False,Closed
4676,6,26,2025-11-07,Performance Issue,Material Failure,Medium,False,Closed
4677,1385,27,2025-11-07,Performance Issue,Supplier Defect,Medium,True,Closed
4678,497,24,2025-11-07,Breakage,Customer Misuse,High,True,Open
4679,1710,30,2025-11-07,Noise,Assembly Error,Medium,True,Closed
4680,759,13,2025-11-07,Breakage,Supplier Defect,High,False,Closed
4681,1384,11,2025-11-07,Overheating,Material Failure,High,True,Closed
4682,1035,7,2025-11-08,Noise,Manufacturing Error,Medium,False,Closed
4683,1603,30,2025-11-08,Noise,Assembly Error,Medium,True,Closed
4684,660,2,2025-11-08,Breakage,Supplier Defect,High,True,Closed
4685,1279,27,2025-11-08,Incorrect Installation,Assembly Error,Medium,True,Closed
4686,1327,10,2025-11-08,Noise,Material Failure,Low,False,Closed
4687,1852,24,2025-11-08,Performance Issue,Manufacturing Error,Low,False,Closed
4688,958,15,2025-11-08,Software Error,Supplier Defect,Low,False,Closed
4689,916,13,2025-11-08,Leakage,Supplier Defect,Low,False,Closed
4690,324,8,2025-11-09,Breakage,Supplier Defect,Medium,False,Closed
4691,424,14,2025-11-09,Leakage,Supplier Defect,High,False,Closed
4692,481,27,2025-11-09,Performance Issue,Supplier Defect,Medium,False,Closed
4693,457,22,2025-11-09,Noise,Assembly Error,Medium,True,Closed
4694,1071,21,2025-11-09,Performance Issue,Manufacturing Error,Low,False,Closed
4695,99,27,2025-11-10,Incorrect Installation,Assembly Error,Low,False,Closed
4696,245,16,2025-11-10,Performance Issue,Material Failure,Low,True,Closed
4697,1037,22,2025-11-10,Breakage,Customer Misuse,High,False,Closed
4698,778,27,2025-11-10,Electrical Failure,Manufacturing Error,High,False,Closed
4699,305,16,2025-11-10,Performance Issue,Supplier Defect,Low,True,Closed
4700,1024,28,2025-11-11,Noise,Supplier Defect,Medium,False,Closed
4701,874,22,2025-11-11,Breakage,Supplier Defect,High,True,Under Investigation
4702,98,29,2025-11-11,Noise,Material Failure,Low,False,Open
4703,1610,9,2025-11-12,Noise,Supplier Defect,Medium,True,Open
4704,1457,11,2025-11-12,Overheating,Supplier Defect,High,False,Closed
4705,160,5,2025-11-12,Breakage,Material Failure,Medium,True,Closed
4706,841,30,2025-11-13,Noise,Supplier Defect,Low,False,Under Investigation
4707,1686,8,2025-11-13,Performance Issue,Unknown,Medium,False,Closed
4708,493,9,2025-11-13,Leakage,Supplier Defect,Medium,False,Open
4709,501,9,2025-11-13,Performance Issue,Manufacturing Error,Low,True,Closed
4710,1677,20,2025-11-13,Electrical Failure,Supplier Defect,Medium,False,Closed
4711,1072,8,2025-11-13,Performance Issue,Manufacturing Error,Low,False,Closed
4712,1915,7,2025-11-13,Breakage,Unknown,Critical,True,Closed
4713,144,8,2025-11-13,Noise,Material Failure,High,False,Closed
4714,1529,15,2025-11-13,Electrical Failure,Manufacturing Error,Medium,True,Open
4715,454,5,2025-11-14,Noise,Supplier Defect,Medium,True,Closed
4716,1626,19,2025-11-14,Electrical Failure,Supplier Defect,Critical,True,Closed
4717,1970,21,2025-11-14,Overheating,Design Issue,High,True,Closed
4718,1872,29,2025-11-14,Performance Issue,Design Issue,Medium,False,Closed
4719,549,18,2025-11-15,Electrical Failure,Supplier Defect,High,True,Open
4720,210,18,2025-11-15,Software Error,Supplier Defect,Low,False,Closed
4721,1558,16,2025-11-15,Incorrect Installation,Assembly Error,Critical,True,Closed
4722,279,17,2025-11-15,Software Error,Unknown,High,False,Closed
4723,85,7,2025-11-15,Breakage,Manufacturing Error,Medium,False,Closed
4724,463,8,2025-11-16,Noise,Manufacturing Error,High,False,Closed
4725,280,9,2025-11-16,Breakage,Material Failure,Critical,False,Closed
4726,37,10,2025-11-16,Noise,Manufacturing Error,High,True,Under Investigation
4727,29,2,2025-11-16,Overheating,Material Failure,High,True,Closed
4728,1829,2,2025-11-16,Leakage,Material Failure,High,True,Closed
4729,1597,13,2025-11-16,Leakage,Customer Misuse,Low,False,Closed
4730,362,6,2025-11-16,Leakage,Manufacturing Error,Low,False,Closed
4731,1504,8,2025-11-16,Leakage,Material Failure,Low,False,Closed
4732,485,12,2025-11-16,Noise,Supplier Defect,Medium,True,Closed
4733,73,17,2025-11-16,Electrical Failure,Supplier Defect,High,True,Closed
4734,342,24,2025-11-17,Breakage,Material Failure,Low,False,Closed
4735,1516,27,2025-11-17,Performance Issue,Material Failure,Medium,False,Closed
4736,929,11,2025-11-17,Incorrect Installation,Assembly Error,Medium,True,Closed
4737,1358,17,2025-11-17,Software Error,Manufacturing Error,Low,False,Closed
4738,1677,18,2025-11-17,Electrical Failure,Material Failure,Critical,False,Closed
4739,205,10,2025-11-17,Breakage,Manufacturing Error,Medium,False,Closed
4740,733,7,2025-11-18,Incorrect Installation,Assembly Error,Critical,True,Open
4741,325,13,2025-11-18,Leakage,Design Issue,Low,False,Closed
4742,678,9,2025-11-18,Noise,Design Issue,Low,False,Closed
4743,1095,9,2025-11-19,Performance Issue,Supplier Defect,Low,True,Closed
4744,983,20,2025-11-19,Overheating,Supplier Defect,Low,False,Closed
4745,810,7,2025-11-19,Breakage,Material Failure,High,True,Closed
4746,633,27,2025-11-19,Noise,Design Issue,Low,False,Open
4747,111,21,2025-11-19,Electrical Failure,Supplier Defect,Medium,False,Closed
4748,1366,15,2025-11-20,Software Error,Design Issue,Low,False,Closed
4749,237,9,2025-11-20,Leakage,Assembly Error,Critical,False,Open
4750,1751,22,2025-11-20,Leakage,Customer Misuse,Medium,True,Closed
4751,462,12,2025-11-20,Overheating,Customer Misuse,Medium,True,Under Investigation
4752,572,15,2025-11-20,Electrical Failure,Design Issue,High,True,Open
4753,1186,16,2025-11-21,Performance Issue,Supplier Defect,High,True,Closed
4754,248,11,2025-11-21,Overheating,Manufacturing Error,Medium,True,Under Investigation
4755,507,20,2025-11-21,Electrical Failure,Customer Misuse,Medium,True,Under Investigation
4756,175,8,2025-11-21,Breakage,Supplier Defect,Medium,False,Closed
4757,108,7,2025-11-21,Breakage,Design Issue,Critical,True,Closed
4758,1988,20,2025-11-22,Overheating,Supplier Defect,High,False,Closed
4759,564,15,2025-11-22,Incorrect Installation,Assembly Error,Low,True,Closed
4760,29,14,2025-11-22,Breakage,Supplier Defect,Low,False,Closed
4761,288,21,2025-11-22,Electrical Failure,Unknown,Medium,True,Closed
4762,157,7,2025-11-22,Leakage,Material Failure,High,True,Closed
4763,539,7,2025-11-22,Performance Issue,Assembly Error,High,False,Closed
4764,1595,30,2025-11-22,Breakage,Design Issue,Low,False,Closed
4765,1852,22,2025-11-22,Noise,Material Failure,Medium,True,Closed
4766,198,8,2025-11-22,Performance Issue,Material Failure,Low,False,Closed
4767,1244,14,2025-11-23,Overheating,Supplier Defect,Critical,False,Open
4768,78,29,2025-11-23,Performance Issue,Supplier Defect,Medium,False,Closed
4769,611,23,2025-11-23,Breakage,Supplier Defect,Medium,False,Open
4770,1429,18,2025-11-23,Electrical Failure,Customer Misuse,High,True,Closed
4771,342,18,2025-11-23,Electrical Failure,Manufacturing Error,High,True,Closed
4772,239,1,2025-11-23,Incorrect Installation,Assembly Error,Low,False,Closed
4773,1925,29,2025-11-23,Performance Issue,Unknown,Low,True,Open
4774,1492,7,2025-11-23,Noise,Material Failure,Medium,True,Closed
4775,672,18,2025-11-23,Electrical Failure,Design Issue,Medium,False,Under Investigation
4776,1819,11,2025-11-23,Overheating,Manufacturing Error,Critical,True,Closed
4777,321,10,2025-11-23,Leakage,Manufacturing Error,Low,False,Closed
4778,1319,9,2025-11-23,Performance Issue,Supplier Defect,Low,False,Under Investigation
4779,509,10,2025-11-24,Noise,Supplier Defect,Medium,False,Closed
4780,626,29,2025-11-24,Noise,Assembly Error,High,True,Closed
4781,712,12,2025-11-24,Leakage,Supplier Defect,Critical,True,Closed
4782,1853,28,2025-11-24,Performance Issue,Manufacturing Error,Medium,True,Closed
4783,1284,6,2025-11-25,Performance Issue,Assembly Error,Low,False,Closed
4784,80,28,2025-11-25,Performance Issue,Assembly Error,Medium,False,Closed
4785,1212,7,2025-11-25,Performance Issue,Design Issue,High,True,Closed
4786,1356,24,2025-11-25,Noise,Manufacturing Error,Low,False,Closed
4787,252,8,2025-11-25,Breakage,Manufacturing Error,Medium,False,Closed
4788,1535,21,2025-11-26,Overheating,Design Issue,High,False,Closed
4789,1799,24,2025-11-26,Breakage,Customer Misuse,High,True,Closed
4790,68,18,2025-11-26,Performance Issue,Material Failure,Low,False,Closed
4791,490,27,2025-11-26,Electrical Failure,Supplier Defect,Medium,False,Closed
4792,1875,7,2025-11-27,Noise,Material Failure,Medium,True,Closed
4793,1987,10,2025-11-27,Leakage,Assembly Error,Medium,True,Closed
4794,116,12,2025-11-27,Breakage,Supplier Defect,Medium,False,Closed
4795,1881,10,2025-11-27,Incorrect Installation,Assembly Error,Low,True,Closed
4796,1990,9,2025-11-27,Leakage,Material Failure,Medium,True,Closed
4797,1315,26,2025-11-28,Leakage,Material Failure,Medium,True,Closed
4798,1178,9,2025-11-28,Leakage,Supplier Defect,Low,True,Closed
4799,392,15,2025-11-28,Software Error,Material Failure,Low,False,Closed
4800,477,9,2025-11-29,Leakage,Customer Misuse,Low,False,Closed
4801,997,5,2025-11-29,Performance Issue,Assembly Error,Low,False,Closed
4802,750,5,2025-11-29,Leakage,Manufacturing Error,Medium,False,Closed
4803,607,18,2025-11-29,Software Error,Supplier Defect,Medium,False,Closed
4804,1089,27,2025-11-29,Performance Issue,Material Failure,High,True,Closed
4805,1245,9,2025-11-30,Noise,Supplier Defect,Medium,True,Closed
4806,213,9,2025-11-30,Breakage,Assembly Error,High,True,Closed
4807,1900,9,2025-11-30,Incorrect Installation,Assembly Error,Medium,False,Closed
4808,869,8,2025-11-30,Incorrect Installation,Assembly Error,Medium,False,Closed
4809,1412,21,2025-11-30,Electrical Failure,Customer Misuse,Critical,True,Closed
4810,1389,13,2025-11-30,Overheating,Design Issue,Medium,False,Open
4811,800,26,2025-11-30,Leakage,Manufacturing Error,High,True,Closed
4812,942,27,2025-11-30,Electrical Failure,Supplier Defect,High,False,Closed
4813,904,27,2025-11-30,Leakage,Supplier Defect,Medium,False,Closed
4814,137,7,2025-11-30,Noise,Supplier Defect,Low,False,Closed
4815,644,17,2025-11-30,Incorrect Installation,Assembly Error,High,True,Closed
4816,664,19,2025-12-01,Electrical Failure,Manufacturing Error,High,False,Under Investigation
4817,1757,29,2025-12-01,Noise,Supplier Defect,High,True,Open
4818,1509,4,2025-12-01,Breakage,Supplier Defect,Medium,True,Open
4819,473,23,2025-12-01,Incorrect Installation,Assembly Error,Medium,False,Closed
4820,1658,7,2025-12-02,Noise,Manufacturing Error,Low,True,Closed
4821,39,7,2025-12-02,Noise,Unknown,Low,False,Open
4822,1104,5,2025-12-02,Leakage,Supplier Defect,Low,True,Closed
4823,407,11,2025-12-02,Overheating,Manufacturing Error,High,True,Open
4824,672,20,2025-12-02,Electrical Failure,Design Issue,Medium,True,Open
4825,470,11,2025-12-03,Overheating,Manufacturing Error,Medium,True,Open
4826,854,14,2025-12-04,Breakage,Supplier Defect,High,True,Closed
4827,1466,19,2025-12-04,Electrical Failure,Supplier Defect,Medium,True,Closed
4828,1322,11,2025-12-04,Incorrect Installation,Assembly Error,High,True,Under Investigation
4829,1950,27,2025-12-04,Performance Issue,Material Failure,High,True,Under Investigation
4830,664,11,2025-12-04,Leakage,Material Failure,High,True,Open
4831,1322,24,2025-12-04,Breakage,Material Failure,Low,False,Under Investigation
4832,592,9,2025-12-04,Noise,Manufacturing Error,Low,False,Under Investigation
4833,1313,15,2025-12-04,Electrical Failure,Manufacturing Error,Medium,False,Closed
4834,1005,4,2025-12-05,Performance Issue,Supplier Defect,Medium,True,Under Investigation
4835,1572,18,2025-12-05,Electrical Failure,Manufacturing Error,Critical,True,Under Investigation
4836,1408,10,2025-12-05,Performance Issue,Supplier Defect,High,True,Under Investigation
4837,1522,11,2025-12-05,Noise,Supplier Defect,Low,False,Under Investigation
4838,1332,12,2025-12-06,Noise,Design Issue,High,True,Open
4839,866,21,2025-12-06,Electrical Failure,Design Issue,High,False,Open
4840,1631,24,2025-12-06,Noise,Supplier Defect,Medium,True,Closed
4841,1017,13,2025-12-06,Breakage,Unknown,High,True,Closed
4842,1897,26,2025-12-06,Breakage,Material Failure,Medium,True,Open
4843,1017,17,2025-12-06,Electrical Failure,Material Failure,Medium,True,Open
4844,1366,19,2025-12-06,Electrical Failure,Supplier Defect,Low,False,Under Investigation
4845,208,20,2025-12-06,Electrical Failure,Customer Misuse,Medium,True,Under Investigation
4846,735,22,2025-12-07,Incorrect Installation,Assembly Error,High,False,Open
4847,351,7,2025-12-07,Breakage,Assembly Error,High,False,Under Investigation
4848,1714,12,2025-12-07,Noise,Customer Misuse,Low,False,Under Investigation
4849,1790,27,2025-12-07,Performance Issue,Manufacturing Error,Medium,True,Closed
4850,1057,14,2025-12-07,Leakage,Supplier Defect,Low,True,Open
4851,522,23,2025-12-07,Breakage,Assembly Error,High,True,Under Investigation
4852,80,24,2025-12-07,Performance Issue,Manufacturing Error,Low,False,Under Investigation
4853,350,7,2025-12-07,Leakage,Unknown,Medium,False,Open
4854,1980,11,2025-12-07,Noise,Manufacturing Error,Low,False,Under Investigation
4855,377,29,2025-12-07,Incorrect Installation,Assembly Error,Medium,True,Under Investigation
4856,1080,9,2025-12-08,Performance Issue,Manufacturing Error,Critical,True,Closed
4857,266,6,2025-12-08,Performance Issue,Material Failure,Low,True,Open
4858,577,27,2025-12-08,Performance Issue,Material Failure,High,True,Open
4859,670,11,2025-12-08,Overheating,Assembly Error,High,True,Open
4860,1934,11,2025-12-09,Overheating,Supplier Defect,High,True,Open
4861,100,27,2025-12-09,Performance Issue,Manufacturing Error,Low,True,Open
4862,1202,12,2025-12-09,Leakage,Supplier Defect,Medium,True,Open
4863,1847,21,2025-12-09,Overheating,Supplier Defect,High,True,Under Investigation
4864,1330,9,2025-12-10,Breakage,Manufacturing Error,Medium,False,Open
4865,1068,24,2025-12-10,Breakage,Customer Misuse,Critical,True,Under Investigation
4866,1771,11,2025-12-10,Leakage,Supplier Defect,Low,True,Under Investigation
4867,1611,9,2025-12-10,Breakage,Customer Misuse,Critical,False,Closed
4868,445,23,2025-12-10,Performance Issue,Material Failure,Low,False,Under Investigation
4869,1927,22,2025-12-10,Breakage,Material Failure,High,False,Under Investigation
4870,1880,1,2025-12-11,Breakage,Customer Misuse,Low,False,Under Investigation
4871,1511,10,2025-12-11,Noise,Design Issue,Medium,True,Under Investigation
4872,1425,30,2025-12-11,Noise,Customer Misuse,Low,False,Open
4873,1584,21,2025-12-11,Electrical Failure,Design Issue,Medium,False,Open
4874,289,16,2025-12-11,Incorrect Installation,Assembly Error,Medium,False,Under Investigation
4875,667,16,2025-12-11,Software Error,Customer Misuse,High,False,Open
4876,943,7,2025-12-11,Noise,Manufacturing Error,Medium,False,Under Investigation
4877,1298,22,2025-12-11,Noise,Design Issue,Medium,False,Under Investigation
4878,1683,12,2025-12-11,Incorrect Installation,Assembly Error,Critical,True,Open
4879,520,15,2025-12-11,Software Error,Supplier Defect,Low,False,Closed
4880,566,8,2025-12-12,Performance Issue,Customer Misuse,High,False,Open
4881,833,15,2025-12-12,Software Error,Supplier Defect,Medium,True,Closed
4882,643,30,2025-12-12,Noise,Manufacturing Error,Low,True,Open
4883,258,22,2025-12-12,Incorrect Installation,Assembly Error,Medium,False,Open
4884,1176,21,2025-12-13,Electrical Failure,Supplier Defect,Low,True,Under Investigation
4885,1518,7,2025-12-14,Breakage,Supplier Defect,High,True,Closed
4886,1614,12,2025-12-14,Leakage,Supplier Defect,High,True,Closed
4887,387,2,2025-12-14,Incorrect Installation,Assembly Error,Low,True,Closed
4888,386,27,2025-12-14,Incorrect Installation,Assembly Error,High,True,Open
4889,417,5,2025-12-14,Performance Issue,Supplier Defect,Low,False,Open
4890,650,18,2025-12-14,Electrical Failure,Manufacturing Error,Low,False,Closed
4891,1784,8,2025-12-14,Breakage,Assembly Error,High,True,Under Investigation
4892,1683,30,2025-12-14,Noise,Manufacturing Error,Medium,False,Under Investigation
4893,597,5,2025-12-15,Noise,Assembly Error,Medium,True,Open
4894,499,15,2025-12-15,Software Error,Material Failure,Low,True,Under Investigation
4895,1435,8,2025-12-15,Leakage,Design Issue,Low,True,Open
4896,1037,13,2025-12-15,Overheating,Material Failure,High,False,Open
4897,761,9,2025-12-15,Noise,Design Issue,Low,True,Closed
4898,2,30,2025-12-16,Noise,Design Issue,High,False,Under Investigation
4899,934,21,2025-12-16,Electrical Failure,Material Failure,Low,False,Under Investigation
4900,778,15,2025-12-16,Performance Issue,Supplier Defect,Low,False,Open
4901,156,10,2025-12-16,Noise,Assembly Error,Low,False,Closed
4902,349,27,2025-12-17,Leakage,Supplier Defect,High,False,Under Investigation
4903,1581,29,2025-12-17,Leakage,Design Issue,Medium,False,Under Investigation
4904,446,9,2025-12-17,Leakage,Unknown,High,True,Under Investigation
4905,1945,19,2025-12-17,Electrical Failure,Customer Misuse,Low,False,Under Investigation
4906,1997,11,2025-12-17,Leakage,Material Failure,Medium,False,Under Investigation
4907,1625,10,2025-12-17,Noise,Material Failure,Low,False,Closed
4908,67,23,2025-12-17,Noise,Manufacturing Error,Critical,True,Open
4909,799,7,2025-12-17,Performance Issue,Supplier Defect,Medium,False,Open
4910,701,14,2025-12-18,Incorrect Installation,Assembly Error,Low,False,Open
4911,1539,5,2025-12-18,Breakage,Supplier Defect,High,False,Under Investigation
4912,767,9,2025-12-18,Performance Issue,Supplier Defect,Medium,True,Under Investigation
4913,180,13,2025-12-18,Leakage,Unknown,Medium,False,Under Investigation
4914,1297,5,2025-12-18,Performance Issue,Material Failure,Medium,False,Closed
4915,890,19,2025-12-18,Electrical Failure,Supplier Defect,High,True,Under Investigation
4916,184,15,2025-12-18,Electrical Failure,Material Failure,High,True,Closed
4917,1342,12,2025-12-19,Leakage,Supplier Defect,Medium,False,Under Investigation
4918,1586,7,2025-12-19,Breakage,Supplier Defect,Critical,True,Closed
4919,1343,16,2025-12-19,Software Error,Supplier Defect,High,True,Closed
4920,1382,15,2025-12-19,Performance Issue,Supplier Defect,Medium,False,Open
4921,1289,15,2025-12-19,Electrical Failure,Manufacturing Error,High,True,Open
4922,1798,24,2025-12-19,Noise,Assembly Error,Low,False,Open
4923,696,15,2025-12-19,Electrical Failure,Customer Misuse,Low,False,Closed
4924,897,8,2025-12-19,Incorrect Installation,Assembly Error,High,True,Under Investigation
4925,1450,21,2025-12-20,Performance Issue,Supplier Defect,Medium,False,Open
4926,42,27,2025-12-20,Performance Issue,Design Issue,High,True,Open
4927,458,18,2025-12-20,Electrical Failure,Customer Misuse,Medium,False,Open
4928,1379,30,2025-12-20,Noise,Customer Misuse,Medium,False,Closed
4929,1641,18,2025-12-20,Performance Issue,Supplier Defect,Low,True,Open
4930,887,18,2025-12-20,Performance Issue,Supplier Defect,Low,False,Closed
4931,1939,30,2025-12-21,Breakage,Manufacturing Error,High,True,Under Investigation
4932,636,12,2025-12-21,Breakage,Customer Misuse,High,True,Open
4933,810,13,2025-12-21,Overheating,Design Issue,Medium,True,Open
4934,1269,11,2025-12-21,Overheating,Supplier Defect,High,False,Under Investigation
4935,1428,9,2025-12-21,Noise,Material Failure,Low,False,Open
4936,823,5,2025-12-21,Leakage,Supplier Defect,High,True,Under Investigation
4937,463,11,2025-12-21,Overheating,Manufacturing Error,High,True,Closed
4938,143,10,2025-12-21,Breakage,Material Failure,Low,False,Open
4939,99,16,2025-12-22,Incorrect Installation,Assembly Error,Low,False,Open
4940,1782,11,2025-12-22,Incorrect Installation,Assembly Error,High,True,Under Investigation
4941,426,9,2025-12-22,Noise,Design Issue,Medium,False,Open
4942,1070,11,2025-12-22,Leakage,Supplier Defect,Medium,True,Closed
4943,1603,13,2025-12-22,Leakage,Supplier Defect,Medium,False,Under Investigation
4944,1983,19,2025-12-22,Electrical Failure,Manufacturing Error,Medium,False,Open
4945,1621,9,2025-12-22,Performance Issue,Customer Misuse,Medium,False,Open
4946,1359,19,2025-12-22,Electrical Failure,Manufacturing Error,Medium,False,Under Investigation
4947,1303,20,2025-12-23,Overheating,Customer Misuse,High,False,Under Investigation
4948,1556,9,2025-12-23,Breakage,Material Failure,Critical,True,Open
4949,1529,18,2025-12-23,Electrical Failure,Material Failure,Medium,True,Open
4950,764,22,2025-12-23,Breakage,Manufacturing Error,Critical,True,Closed
4951,662,4,2025-12-23,Breakage,Manufacturing Error,Medium,True,Closed
4952,1334,1,2025-12-23,Breakage,Manufacturing Error,Medium,True,Under Investigation
4953,795,18,2025-12-24,Performance Issue,Manufacturing Error,Critical,True,Under Investigation
4954,1903,12,2025-12-24,Leakage,Supplier Defect,Medium,False,Closed
4955,1312,15,2025-12-24,Performance Issue,Material Failure,Medium,False,Open
4956,1554,2,2025-12-24,Breakage,Material Failure,Medium,False,Under Investigation
4957,376,14,2025-12-24,Overheating,Supplier Defect,High,True,Open
4958,662,27,2025-12-24,Performance Issue,Design Issue,High,True,Under Investigation
4959,1051,18,2025-12-24,Electrical Failure,Customer Misuse,Medium,False,Open
4960,1371,30,2025-12-25,Noise,Supplier Defect,Low,False,Open
4961,1101,12,2025-12-25,Leakage,Material Failure,Medium,True,Under Investigation
4962,319,14,2025-12-25,Overheating,Material Failure,Medium,True,Closed
4963,1223,3,2025-12-25,Breakage,Assembly Error,High,False,Open
4964,749,6,2025-12-26,Performance Issue,Manufacturing Error,High,False,Under Investigation
4965,424,18,2025-12-26,Performance Issue,Manufacturing Error,Low,False,Under Investigation
4966,1906,27,2025-12-26,Performance Issue,Supplier Defect,Medium,True,Closed
4967,14,12,2025-12-26,Leakage,Supplier Defect,Critical,True,Under Investigation
4968,554,8,2025-12-26,Noise,Material Failure,Critical,True,Under Investigation
4969,1008,7,2025-12-27,Performance Issue,Manufacturing Error,Low,False,Open
4970,686,9,2025-12-27,Breakage,Supplier Defect,Medium,False,Open
4971,96,23,2025-12-27,Noise,Supplier Defect,Low,False,Under Investigation
4972,891,21,2025-12-27,Electrical Failure,Manufacturing Error,Medium,False,Under Investigation
4973,1465,4,2025-12-27,Breakage,Manufacturing Error,High,True,Under Investigation
4974,1753,10,2025-12-28,Leakage,Manufacturing Error,High,True,Closed
4975,1706,5,2025-12-28,Incorrect Installation,Assembly Error,Low,False,Closed
4976,854,16,2025-12-28,Software Error,Manufacturing Error,Low,False,Under Investigation
4977,1429,21,2025-12-28,Electrical Failure,Design Issue,Medium,False,Closed
4978,1907,18,2025-12-28,Electrical Failure,Customer Misuse,Medium,False,Closed
4979,1828,6,2025-12-28,Leakage,Material Failure,Low,False,Closed
4980,676,19,2025-12-28,Electrical Failure,Design Issue,High,False,Closed
4981,699,13,2025-12-29,Leakage,Manufacturing Error,Medium,False,Open
4982,620,23,2025-12-29,Performance Issue,Material Failure,Medium,True,Under Investigation
4983,54,10,2025-12-29,Breakage,Supplier Defect,High,False,Open
4984,957,20,2025-12-29,Electrical Failure,Supplier Defect,Medium,False,Open
4985,1166,15,2025-12-30,Software Error,Material Failure,Critical,False,Open
4986,1838,29,2025-12-30,Incorrect Installation,Assembly Error,Medium,False,Closed
4987,505,9,2025-12-30,Leakage,Manufacturing Error,Critical,True,Under Investigation
4988,413,1,2025-12-30,Breakage,Supplier Defect,Low,False,Under Investigation
4989,1613,22,2025-12-30,Breakage,Supplier Defect,Medium,False,Under Investigation
4990,737,24,2025-12-30,Performance Issue,Material Failure,Medium,True,Closed
4991,535,29,2025-12-30,Performance Issue,Manufacturing Error,High,True,Closed
4992,1854,7,2025-12-30,Performance Issue,Supplier Defect,High,False,Open
4993,1061,7,2025-12-30,Leakage,Manufacturing Error,Medium,False,Open
4994,562,7,2025-12-31,Noise,Manufacturing Error,Low,False,Under Investigation
4995,1649,20,2025-12-31,Overheating,Customer Misuse,Critical,True,Under Investigation
4996,1870,23,2025-12-31,Breakage,Manufacturing Error,High,False,Under Investigation
4997,671,12,2025-12-31,Overheating,Assembly Error,High,False,Open
4998,689,7,2025-12-31,Noise,Assembly Error,Low,False,Open
4999,1887,12,2025-12-31,Overheating,Supplier Defect,Medium,True,Open
5000,413,22,2025-12-31,Noise,Supplier Defect,Low,False,Under Investigation
